crop_path,digit,rotation_deg
data\bead_crops\from_video_dedup\C0021_frame001625_tag2_bead2.jpg,,
data\bead_crops\from_video_dedup\C0021_frame000150_tag0_bead2.jpg,2,320
data\bead_crops\from_video_dedup\C0021_frame000200_tag2_bead0.jpg,3,310
data\bead_crops\from_video_dedup\C0021_frame000150_tag0_bead3.jpg,4,310
data\bead_crops\from_video_dedup\C0021_frame000125_tag1_bead0.jpg,1,320
data\bead_crops\from_video_dedup\C0021_frame000150_tag0_bead4.jpg,0,320
data\bead_crops\from_video_dedup\C0021_frame000000_tag1_bead0.jpg,1,250
data\bead_crops\from_video_dedup\C0021_frame000000_tag1_bead1.jpg,8,240
data\bead_crops\from_video_dedup\C0021_frame000100_tag0_bead1.jpg,6,230
data\bead_crops\from_video_dedup\C0021_frame000025_tag0_bead2.jpg,0,230
data\bead_crops\from_video_dedup\C0021_frame000250_tag1_bead4.jpg,4,230
data\bead_crops\from_video_dedup\C0021_frame000000_tag2_bead1.jpg,2,70
data\bead_crops\from_video_dedup\C0021_frame000200_tag0_bead2.jpg,6,70
data\bead_crops\from_video_dedup\C0021_frame000050_tag2_bead2.jpg,0,70
data\bead_crops\from_video_dedup\C0021_frame000000_tag2_bead4.jpg,6,60
data\bead_crops\from_video_dedup\C0021_frame000025_tag1_bead1.jpg,2,320
data\bead_crops\from_video_dedup\C0021_frame000050_tag1_bead1.jpg,2,330
data\bead_crops\from_video_dedup\C0021_frame000050_tag1_bead3.jpg,4,320
data\bead_crops\from_video_dedup\C0021_frame000100_tag0_bead3.jpg,0,230
data\bead_crops\from_video_dedup\C0021_frame000200_tag2_bead1.jpg,2,320
data\bead_crops\from_video_dedup\C0021_frame000100_tag0_bead0.jpg,1,250
data\bead_crops\from_video_dedup\C0021_frame000100_tag0_bead2.jpg,8,230
data\bead_crops\from_video_dedup\C0021_frame000150_tag2_bead1.jpg,2,60
data\bead_crops\from_video_dedup\C0021_frame000200_tag2_bead3.jpg,4,310
data\bead_crops\from_video_dedup\C0021_frame000125_tag1_bead4.jpg,0,320
data\bead_crops\from_video_dedup\C0021_frame000125_tag1_bead3.jpg,4,320
data\bead_crops\from_video_dedup\C0021_frame000325_tag2_bead2.jpg,0,250
data\bead_crops\from_video_dedup\C0021_frame000150_tag1_bead1.jpg,8,230
data\bead_crops\from_video_dedup\C0021_frame000350_tag1_bead3.jpg,0,230
data\bead_crops\from_video_dedup\C0021_frame000275_tag2_bead1.jpg,6,230
data\bead_crops\from_video_dedup\C0021_frame000175_tag2_bead3.jpg,4,320
data\bead_crops\from_video_dedup\C0021_frame000225_tag2_bead1.jpg,2,320
data\bead_crops\from_video_dedup\C0021_frame000225_tag2_bead3.jpg,4,310
data\bead_crops\from_video_dedup\C0021_frame000225_tag2_bead4.jpg,0,320
data\bead_crops\from_video_dedup\C0021_frame000250_tag2_bead3.jpg,4,320
data\bead_crops\from_video_dedup\C0021_frame000300_tag1_bead3.jpg,4,320
data\bead_crops\from_video_dedup\C0021_frame000275_tag1_bead1.jpg,2,60
data\bead_crops\from_video_dedup\C0021_frame000300_tag1_bead2.jpg,2,320
data\bead_crops\from_video_dedup\C0021_frame000300_tag1_bead4.jpg,0,320
data\bead_crops\from_video_dedup\C0021_frame000300_tag2_bead0.jpg,1,240
data\bead_crops\from_video_dedup\C0021_frame000325_tag0_bead3.jpg,4,310
data\bead_crops\from_video_dedup\C0021_frame000325_tag1_bead3.jpg,0,220
data\bead_crops\from_video_dedup\C0021_frame000350_tag1_bead0.jpg,1,250
data\bead_crops\from_video_dedup\C0021_frame000350_tag1_bead1.jpg,8,240
data\bead_crops\from_video_dedup\C0021_frame000375_tag2_bead2.jpg,2,320
data\bead_crops\from_video_dedup\C0021_frame000375_tag2_bead3.jpg,4,320
data\bead_crops\from_video_dedup\C0021_frame000425_tag1_bead2.jpg,8,240
data\bead_crops\from_video_dedup\C0021_frame000400_tag2_bead3.jpg,4,310
data\bead_crops\from_video_dedup\C0021_frame000425_tag0_bead1.jpg,2,70
data\bead_crops\from_video_dedup\C0021_frame000425_tag1_bead0.jpg,1,250
data\bead_crops\from_video_dedup\C0021_frame000425_tag1_bead3.jpg,0,230
data\bead_crops\from_video_dedup\C0021_frame000425_tag1_bead4.jpg,4,240
data\bead_crops\from_video_dedup\C0021_frame000425_tag2_bead2.jpg,2,310
data\bead_crops\from_video_dedup\C0021_frame000450_tag1_bead3.jpg,4,310
data\bead_crops\from_video_dedup\C0021_frame000500_tag2_bead3.jpg,8,240
data\bead_crops\from_video_dedup\C0021_frame000525_tag0_bead1.jpg,2,90
data\bead_crops\from_video_dedup\C0021_frame000550_tag0_bead4.jpg,6,70
data\bead_crops\from_video_dedup\C0021_frame000500_tag0_bead3.jpg,4,310
data\bead_crops\from_video_dedup\C0021_frame000525_tag1_bead1.jpg,2,330
data\bead_crops\from_video_dedup\C0021_frame000525_tag2_bead0.jpg,1,250
data\bead_crops\from_video_dedup\C0021_frame000525_tag2_bead3.jpg,8,270
data\bead_crops\from_video_dedup\C0021_frame000550_tag0_bead0.jpg,0,270
data\bead_crops\from_video_dedup\C0021_frame000550_tag0_bead1.jpg,2,90
data\bead_crops\from_video_dedup\C0021_frame000550_tag1_bead4.jpg,0,310
data\bead_crops\from_video_dedup\C0021_frame000550_tag2_bead0.jpg,1,250
data\bead_crops\from_video_dedup\C0021_frame000550_tag2_bead3.jpg,8,250
data\bead_crops\from_video_dedup\C0021_frame000650_tag0_bead0.jpg,1,260
data\bead_crops\from_video_dedup\C0021_frame000575_tag0_bead2.jpg,0,230
data\bead_crops\from_video_dedup\C0021_frame000575_tag0_bead3.jpg,8,240
data\bead_crops\from_video_dedup\C0021_frame000575_tag0_bead4.jpg,4,240
data\bead_crops\from_video_dedup\C0021_frame000575_tag1_bead1.jpg,6,70
data\bead_crops\from_video_dedup\C0021_frame000575_tag1_bead3.jpg,0,250
data\bead_crops\from_video_dedup\C0021_frame000575_tag2_bead3.jpg,4,310
data\bead_crops\from_video_dedup\C0021_frame000600_tag0_bead3.jpg,,
data\bead_crops\from_video_dedup\C0021_frame000600_tag1_bead2.jpg,8,240
data\bead_crops\from_video_dedup\C0021_frame000600_tag2_bead1.jpg,1,320
data\bead_crops\from_video_dedup\C0021_frame000675_tag0_bead1.jpg,6,250
data\bead_crops\from_video_dedup\C0021_frame000650_tag0_bead3.jpg,8,250
data\bead_crops\from_video_dedup\C0021_frame000725_tag0_bead2.jpg,0,240
data\bead_crops\from_video_dedup\C0021_frame000725_tag0_bead4.jpg,4,250
data\bead_crops\from_video_dedup\C0021_frame000700_tag1_bead3.jpg,,
data\bead_crops\from_video_dedup\C0021_frame000675_tag1_bead2.jpg,2,320
data\bead_crops\from_video_dedup\C0021_frame000675_tag1_bead3.jpg,4,300
data\bead_crops\from_video_dedup\C0021_frame000675_tag0_bead0.jpg,1,260
data\bead_crops\from_video_dedup\C0021_frame000675_tag0_bead3.jpg,8,250
data\bead_crops\from_video_dedup\C0021_frame000700_tag0_bead0.jpg,1,270
data\bead_crops\from_video_dedup\C0021_frame000775_tag2_bead2.jpg,6,250
data\bead_crops\from_video_dedup\C0021_frame000700_tag0_bead3.jpg,8,250
data\bead_crops\from_video_dedup\C0021_frame000750_tag1_bead1.jpg,6,80
data\bead_crops\from_video_dedup\C0021_frame000700_tag2_bead2.jpg,2,320
data\bead_crops\from_video_dedup\C0021_frame000700_tag2_bead3.jpg,4,300
data\bead_crops\from_video_dedup\C0021_frame000750_tag0_bead0.jpg,1,260
data\bead_crops\from_video_dedup\C0021_frame000725_tag0_bead3.jpg,8,250
data\bead_crops\from_video_dedup\C0021_frame000725_tag1_bead3.jpg,4,300
data\bead_crops\from_video_dedup\C0021_frame000900_tag2_bead1.jpg,0,250
data\bead_crops\from_video_dedup\C0021_frame000750_tag1_bead4.jpg,,
data\bead_crops\from_video_dedup\C0021_frame000775_tag2_bead1.jpg,0,240
data\bead_crops\from_video_dedup\C0021_frame000750_tag0_bead3.jpg,8,260
data\bead_crops\from_video_dedup\C0021_frame000775_tag2_bead4.jpg,4,250
data\bead_crops\from_video_dedup\C0021_frame000875_tag2_bead4.jpg,0,310
data\bead_crops\from_video_dedup\C0021_frame000825_tag0_bead2.jpg,2,320
data\bead_crops\from_video_dedup\C0021_frame000775_tag0_bead3.jpg,4,300
data\bead_crops\from_video_dedup\C0021_frame000775_tag2_bead0.jpg,1,260
data\bead_crops\from_video_dedup\C0021_frame000800_tag0_bead0.jpg,3,310
data\bead_crops\from_video_dedup\C0021_frame000800_tag0_bead2.jpg,2,320
data\bead_crops\from_video_dedup\C0021_frame000875_tag1_bead4.jpg,,
data\bead_crops\from_video_dedup\C0021_frame000800_tag2_bead3.jpg,8,250
data\bead_crops\from_video_dedup\C0021_frame000825_tag0_bead3.jpg,4,300
data\bead_crops\from_video_dedup\C0021_frame000850_tag1_bead1.jpg,0,240
data\bead_crops\from_video_dedup\C0021_frame000850_tag1_bead3.jpg,8,260
data\bead_crops\from_video_dedup\C0021_frame000850_tag1_bead4.jpg,4,260
data\bead_crops\from_video_dedup\C0021_frame000900_tag1_bead0.jpg,1,270
data\bead_crops\from_video_dedup\C0021_frame000875_tag0_bead1.jpg,0,250
data\bead_crops\from_video_dedup\C0021_frame000900_tag1_bead1.jpg,6,260
data\bead_crops\from_video_dedup\C0021_frame000900_tag1_bead3.jpg,8,260
data\bead_crops\from_video_dedup\C0021_frame002000_tag2_bead0.jpg,0,80
data\bead_crops\from_video_dedup\C0021_frame000900_tag2_bead2.jpg,6,70
data\bead_crops\from_video_dedup\C0021_frame000875_tag2_bead3.jpg,4,300
data\bead_crops\from_video_dedup\C0021_frame000900_tag0_bead2.jpg,2,310
data\bead_crops\from_video_dedup\C0021_frame000900_tag1_bead4.jpg,4,260
data\bead_crops\from_video_dedup\C0021_frame000900_tag2_bead4.jpg,,
data\bead_crops\from_video_dedup\C0021_frame000950_tag0_bead3.jpg,8,260
data\bead_crops\from_video_dedup\C0021_frame001050_tag0_bead2.jpg,0,260
data\bead_crops\from_video_dedup\C0021_frame000950_tag0_bead4.jpg,4,260
data\bead_crops\from_video_dedup\C0021_frame001050_tag1_bead1.jpg,1,320
data\bead_crops\from_video_dedup\C0021_frame001025_tag0_bead3.jpg,4,300
data\bead_crops\from_video_dedup\C0021_frame001150_tag1_bead4.jpg,4,270
data\bead_crops\from_video_dedup\C0021_frame001050_tag2_bead3.jpg,6,70
data\bead_crops\from_video_dedup\C0021_frame001000_tag1_bead4.jpg,,
data\bead_crops\from_video_dedup\C0021_frame001025_tag0_bead0.jpg,3,310
data\bead_crops\from_video_dedup\C0021_frame001075_tag0_bead0.jpg,1,280
data\bead_crops\from_video_dedup\C0021_frame001050_tag0_bead1.jpg,6,280
data\bead_crops\from_video_dedup\C0021_frame001050_tag2_bead2.jpg,6,80
data\bead_crops\from_video_dedup\C0021_frame001025_tag2_bead4.jpg,,
data\bead_crops\from_video_dedup\C0021_frame001050_tag0_bead3.jpg,8,270
data\bead_crops\from_video_dedup\C0021_frame001050_tag1_bead4.jpg,0,310
data\bead_crops\from_video_dedup\C0021_frame001050_tag2_bead4.jpg,,
data\bead_crops\from_video_dedup\C0021_frame001075_tag2_bead1.jpg,2,320
data\bead_crops\from_video_dedup\C0021_frame001125_tag1_bead2.jpg,8,270
data\bead_crops\from_video_dedup\C0021_frame001250_tag2_bead4.jpg,0,310
data\bead_crops\from_video_dedup\C0021_frame001125_tag2_bead2.jpg,6,80
data\bead_crops\from_video_dedup\C0021_frame001175_tag2_bead3.jpg,6,70
data\bead_crops\from_video_dedup\C0021_frame001100_tag2_bead4.jpg,,
data\bead_crops\from_video_dedup\C0021_frame001150_tag0_bead3.jpg,4,310
data\bead_crops\from_video_dedup\C0021_frame001125_tag1_bead1.jpg,0,260
data\bead_crops\from_video_dedup\C0021_frame001125_tag2_bead4.jpg,,
data\bead_crops\from_video_dedup\C0021_frame001150_tag0_bead1.jpg,1,320
data\bead_crops\from_video_dedup\C0021_frame001175_tag0_bead0.jpg,1,280
data\bead_crops\from_video_dedup\C0021_frame001150_tag1_bead2.jpg,8,270
data\bead_crops\from_video_dedup\C0021_frame001200_tag0_bead1.jpg,6,270
data\bead_crops\from_video_dedup\C0021_frame001150_tag2_bead3.jpg,6,70
data\bead_crops\from_video_dedup\C0021_frame001225_tag1_bead0.jpg,3,310
data\bead_crops\from_video_dedup\C0021_frame001225_tag1_bead3.jpg,4,310
data\bead_crops\from_video_dedup\C0021_frame001250_tag0_bead2.jpg,8,270
data\bead_crops\from_video_dedup\C0021_frame001300_tag0_bead2.jpg,,
data\bead_crops\from_video_dedup\C0021_frame001300_tag0_bead3.jpg,6,70
data\bead_crops\from_video_dedup\C0021_frame001250_tag0_bead0.jpg,1,280
data\bead_crops\from_video_dedup\C0021_frame001250_tag0_bead1.jpg,0,260
data\bead_crops\from_video_dedup\C0021_frame001325_tag1_bead4.jpg,4,270
data\bead_crops\from_video_dedup\C0021_frame001350_tag1_bead2.jpg,8,270
data\bead_crops\from_video_dedup\C0021_frame001325_tag2_bead3.jpg,4,300
data\bead_crops\from_video_dedup\C0021_frame001300_tag2_bead1.jpg,0,270
data\bead_crops\from_video_dedup\C0021_frame001375_tag0_bead4.jpg,4,270
data\bead_crops\from_video_dedup\C0021_frame001325_tag0_bead0.jpg,0,250
data\bead_crops\from_video_dedup\C0021_frame001375_tag0_bead3.jpg,6,270
data\bead_crops\from_video_dedup\C0021_frame001375_tag1_bead2.jpg,6,70
data\bead_crops\from_video_dedup\C0021_frame001350_tag1_bead0.jpg,1,280
data\bead_crops\from_video_dedup\C0021_frame001375_tag1_bead0.jpg,0,60
data\bead_crops\from_video_dedup\C0021_frame001375_tag1_bead3.jpg,,
data\bead_crops\from_video_dedup\C0021_frame001375_tag2_bead2.jpg,2,330
data\bead_crops\from_video_dedup\C0021_frame001425_tag1_bead3.jpg,4,300
data\bead_crops\from_video_dedup\C0021_frame001425_tag1_bead4.jpg,0,310
data\bead_crops\from_video_dedup\C0021_frame001400_tag1_bead0.jpg,0,270
data\bead_crops\from_video_dedup\C0021_frame001400_tag1_bead1.jpg,8,270
data\bead_crops\from_video_dedup\C0021_frame001425_tag0_bead2.jpg,8,280
data\bead_crops\from_video_dedup\C0021_frame001475_tag0_bead4.jpg,4,280
data\bead_crops\from_video_dedup\C0021_frame001425_tag1_bead2.jpg,2,320
data\bead_crops\from_video_dedup\C0021_frame001500_tag2_bead2.jpg,6,80
data\bead_crops\from_video_dedup\C0021_frame001475_tag0_bead1.jpg,0,270
data\bead_crops\from_video_dedup\C0021_frame001450_tag1_bead3.jpg,4,300
data\bead_crops\from_video_dedup\C0021_frame001500_tag2_bead0.jpg,0,70
data\bead_crops\from_video_dedup\C0021_frame001475_tag0_bead0.jpg,8,280
data\bead_crops\from_video_dedup\C0021_frame001475_tag0_bead2.jpg,1,290
data\bead_crops\from_video_dedup\C0021_frame001475_tag1_bead1.jpg,1,320
data\bead_crops\from_video_dedup\C0021_frame001500_tag2_bead3.jpg,,
data\bead_crops\from_video_dedup\C0021_frame001675_tag0_bead4.jpg,4,280
data\bead_crops\from_video_dedup\C0021_frame001525_tag1_bead0.jpg,3,310
data\bead_crops\from_video_dedup\C0021_frame001525_tag1_bead3.jpg,4,300
data\bead_crops\from_video_dedup\C0021_frame001525_tag1_bead4.jpg,0,310
data\bead_crops\from_video_dedup\C0021_frame001525_tag0_bead0.jpg,8,280
data\bead_crops\from_video_dedup\C0021_frame001525_tag1_bead2.jpg,2,310
data\bead_crops\from_video_dedup\C0021_frame001725_tag2_bead2.jpg,,
data\bead_crops\from_video_dedup\C0021_frame001550_tag1_bead2.jpg,2,320
data\bead_crops\from_video_dedup\C0021_frame001550_tag1_bead4.jpg,0,310
data\bead_crops\from_video_dedup\C0021_frame001675_tag0_bead1.jpg,1,290
data\bead_crops\from_video_dedup\C0021_frame001675_tag0_bead3.jpg,6,290
data\bead_crops\from_video_dedup\C0021_frame001575_tag1_bead2.jpg,2,320
data\bead_crops\from_video_dedup\C0021_frame001625_tag2_bead3.jpg,,
data\bead_crops\from_video_dedup\C0021_frame001625_tag0_bead1.jpg,0,270
data\bead_crops\from_video_dedup\C0021_frame001700_tag1_bead0.jpg,3,320
data\bead_crops\from_video_dedup\C0021_frame001625_tag1_bead4.jpg,4,300
data\bead_crops\from_video_dedup\C0021_frame001725_tag2_bead0.jpg,0,70
data\bead_crops\from_video_dedup\C0021_frame001625_tag2_bead2.jpg,,
data\bead_crops\from_video_dedup\C0021_frame001625_tag0_bead0.jpg,8,280
data\bead_crops\from_video_dedup\C0021_frame001975_tag0_bead1.jpg,1,300
data\bead_crops\from_video_dedup\C0021_frame001700_tag1_bead1.jpg,1,320
data\bead_crops\from_video_dedup\C0021_frame001625_tag1_bead3.jpg,0,310
data\bead_crops\from_video_dedup\C0021_frame001650_tag1_bead2.jpg,2,300
data\bead_crops\from_video_dedup\C0021_frame001675_tag0_bead0.jpg,8,290
data\bead_crops\from_video_dedup\C0021_frame001700_tag1_bead3.jpg,0,310
data\bead_crops\from_video_dedup\C0021_frame001700_tag1_bead4.jpg,,
data\bead_crops\from_video_dedup\C0021_frame001700_tag0_bead0.jpg,8,290
data\bead_crops\from_video_dedup\C0021_frame001700_tag0_bead1.jpg,0,280
data\bead_crops\from_video_dedup\C0021_frame002475_tag1_bead0.jpg,3,320
data\bead_crops\from_video_dedup\C0021_frame001900_tag1_bead2.jpg,2,310
data\bead_crops\from_video_dedup\C0021_frame001725_tag0_bead3.jpg,0,310
data\bead_crops\from_video_dedup\C0021_frame001900_tag1_bead4.jpg,,
data\bead_crops\from_video_dedup\C0021_frame001775_tag0_bead0.jpg,8,290
data\bead_crops\from_video_dedup\C0021_frame001775_tag0_bead1.jpg,0,280
data\bead_crops\from_video_dedup\C0021_frame001750_tag1_bead2.jpg,2,300
data\bead_crops\from_video_dedup\C0021_frame001825_tag0_bead3.jpg,4,290
data\bead_crops\from_video_dedup\C0021_frame001800_tag0_bead4.jpg,4,290
data\bead_crops\from_video_dedup\C0021_frame001800_tag1_bead2.jpg,2,290
data\bead_crops\from_video_dedup\C0021_frame001800_tag1_bead3.jpg,0,310
data\bead_crops\from_video_dedup\C0021_frame001800_tag1_bead4.jpg,,
data\bead_crops\from_video_dedup\C0021_frame001925_tag2_bead1.jpg,0,70
data\bead_crops\from_video_dedup\C0021_frame001800_tag2_bead3.jpg,,
data\bead_crops\from_video_dedup\C0021_frame001825_tag0_bead1.jpg,0,280
data\bead_crops\from_video_dedup\C0021_frame001825_tag1_bead3.jpg,0,310
data\bead_crops\from_video_dedup\C0021_frame001925_tag2_bead2.jpg,,
data\bead_crops\from_video_dedup\C0021_frame001900_tag2_bead1.jpg,0,70
data\bead_crops\from_video_dedup\C0021_frame001900_tag2_bead2.jpg,,
data\bead_crops\from_video_dedup\C0021_frame001925_tag0_bead0.jpg,8,290
data\bead_crops\from_video_dedup\C0021_frame002000_tag0_bead2.jpg,0,290
data\bead_crops\from_video_dedup\C0021_frame002025_tag0_bead3.jpg,6,290
data\bead_crops\from_video_dedup\C0021_frame001925_tag1_bead2.jpg,2,300
data\bead_crops\from_video_dedup\C0021_frame002075_tag1_bead3.jpg,0,310
data\bead_crops\from_video_dedup\C0021_frame002000_tag2_bead1.jpg,0,70
data\bead_crops\from_video_dedup\C0021_frame002025_tag2_bead3.jpg,,
data\bead_crops\from_video_dedup\C0021_frame002000_tag1_bead3.jpg,,
data\bead_crops\from_video_dedup\C0021_frame002025_tag0_bead0.jpg,8,300
data\bead_crops\from_video_dedup\C0021_frame002025_tag0_bead2.jpg,0,290
data\bead_crops\from_video_dedup\C0021_frame002025_tag0_bead4.jpg,4,290
data\bead_crops\from_video_dedup\C0021_frame002050_tag0_bead3.jpg,6,300
data\bead_crops\from_video_dedup\C0021_frame002075_tag1_bead2.jpg,2,310
data\bead_crops\from_video_dedup\C0021_frame002075_tag1_bead4.jpg,,
data\bead_crops\from_video_dedup\C0021_frame002075_tag0_bead0.jpg,8,300
data\bead_crops\from_video_dedup\C0021_frame002075_tag0_bead1.jpg,0,290
data\bead_crops\from_video_dedup\C0021_frame002500_tag1_bead4.jpg,4,300
data\bead_crops\from_video_dedup\C0021_frame002100_tag1_bead2.jpg,2,310
data\bead_crops\from_video_dedup\C0021_frame002100_tag1_bead3.jpg,0,310
data\bead_crops\from_video_dedup\C0021_frame002175_tag0_bead3.jpg,,
data\bead_crops\from_video_dedup\C0021_frame002225_tag2_bead1.jpg,,
data\bead_crops\from_video_dedup\C0021_frame002225_tag2_bead3.jpg,,
data\bead_crops\from_video_dedup\C0021_frame002125_tag0_bead0.jpg,8,300
data\bead_crops\from_video_dedup\C0021_frame002200_tag0_bead2.jpg,2,310
data\bead_crops\from_video_dedup\C0021_frame002175_tag1_bead0.jpg,8,300
data\bead_crops\from_video_dedup\C0021_frame002375_tag0_bead4.jpg,0,310
data\bead_crops\from_video_dedup\C0021_frame002150_tag2_bead3.jpg,,
data\bead_crops\from_video_dedup\C0021_frame002175_tag1_bead2.jpg,4,290
data\bead_crops\from_video_dedup\C0021_frame002175_tag1_bead3.jpg,0,290
data\bead_crops\from_video_dedup\C0021_frame002275_tag0_bead3.jpg,4,300
data\bead_crops\from_video_dedup\C0021_frame002325_tag2_bead0.jpg,0,80
data\bead_crops\from_video_dedup\C0021_frame002300_tag2_bead3.jpg,,
data\bead_crops\from_video_dedup\C0021_frame002275_tag0_bead2.jpg,2,320
data\bead_crops\from_video_dedup\C0021_frame002475_tag1_bead1.jpg,1,330
data\bead_crops\from_video_dedup\C0021_frame002475_tag2_bead2.jpg,,
data\bead_crops\from_video_dedup\C0021_frame002325_tag0_bead3.jpg,4,310
data\bead_crops\from_video_dedup\C0021_frame002300_tag1_bead0.jpg,8,300
data\bead_crops\from_video_dedup\C0021_frame002425_tag0_bead1.jpg,1,130
data\bead_crops\from_video_dedup\C0021_frame002300_tag2_bead1.jpg,,
data\bead_crops\from_video_dedup\C0021_frame002375_tag0_bead2.jpg,2,330
data\bead_crops\from_video_dedup\C0021_frame002325_tag2_bead3.jpg,,
data\bead_crops\from_video_dedup\C0021_frame002375_tag0_bead0.jpg,3,320
data\bead_crops\from_video_dedup\C0021_frame002350_tag0_bead3.jpg,4,310
data\bead_crops\from_video_dedup\C0021_frame002350_tag1_bead0.jpg,8,300
data\bead_crops\from_video_dedup\C0021_frame002350_tag2_bead3.jpg,,
data\bead_crops\from_video_dedup\C0021_frame002375_tag0_bead3.jpg,4,310
data\bead_crops\from_video_dedup\C0021_frame002375_tag2_bead3.jpg,,
data\bead_crops\from_video_dedup\C0021_frame002425_tag0_bead2.jpg,0,290
data\bead_crops\from_video_dedup\C0021_frame002650_tag0_bead3.jpg,1,340
data\bead_crops\from_video_dedup\C0021_frame002475_tag1_bead2.jpg,2,320
data\bead_crops\from_video_dedup\C0021_frame002400_tag2_bead3.jpg,,
data\bead_crops\from_video_dedup\C0021_frame002475_tag1_bead3.jpg,4,310
data\bead_crops\from_video_dedup\C0021_frame002425_tag2_bead3.jpg,,
data\bead_crops\from_video_dedup\C0021_frame002500_tag1_bead0.jpg,8,300
data\bead_crops\from_video_dedup\C0021_frame002475_tag2_bead1.jpg,,
data\bead_crops\from_video_dedup\C0021_frame002450_tag2_bead3.jpg,,
data\bead_crops\from_video_dedup\C0021_frame002525_tag1_bead3.jpg,6,300
data\bead_crops\from_video_dedup\C0021_frame002475_tag1_bead4.jpg,0,320
data\bead_crops\from_video_dedup\C0021_frame002475_tag2_bead3.jpg,,
data\bead_crops\from_video_dedup\C0021_frame002625_tag0_bead0.jpg,3,330
data\bead_crops\from_video_dedup\C0021_frame002575_tag1_bead2.jpg,2,310
data\bead_crops\from_video_dedup\C0021_frame002525_tag0_bead4.jpg,0,320
data\bead_crops\from_video_dedup\C0021_frame002500_tag2_bead3.jpg,,
data\bead_crops\from_video_dedup\C0021_frame002575_tag1_bead3.jpg,4,320
data\bead_crops\from_video_dedup\C0021_frame002525_tag2_bead3.jpg,,
data\bead_crops\from_video_dedup\C0021_frame002600_tag0_bead0.jpg,8,300
data\bead_crops\from_video_dedup\C0021_frame002700_tag0_bead4.jpg,0,330
data\bead_crops\from_video_dedup\C0021_frame002600_tag1_bead1.jpg,,
data\bead_crops\from_video_dedup\C0021_frame002575_tag2_bead3.jpg,,
data\bead_crops\from_video_dedup\C0021_frame002600_tag1_bead0.jpg,0,80
data\bead_crops\from_video_dedup\C0021_frame002600_tag1_bead2.jpg,,
data\bead_crops\from_video_dedup\C0021_frame002700_tag0_bead1.jpg,2,330
data\bead_crops\from_video_dedup\C0021_frame002750_tag0_bead2.jpg,4,320
data\bead_crops\from_video_dedup\C0021_frame002625_tag1_bead0.jpg,8,300
data\bead_crops\from_video_dedup\C0021_frame002675_tag2_bead1.jpg,,
data\bead_crops\from_video_dedup\C0021_frame002875_tag1_bead0.jpg,3,330
data\bead_crops\from_video_dedup\C0021_frame002800_tag1_bead4.jpg,4,310
data\bead_crops\from_video_dedup\C0021_frame002650_tag2_bead2.jpg,,
data\bead_crops\from_video_dedup\C0021_frame002675_tag0_bead0.jpg,8,300
data\bead_crops\from_video_dedup\C0021_frame002675_tag2_bead2.jpg,,
data\bead_crops\from_video_dedup\C0021_frame002875_tag1_bead1.jpg,1,340
data\bead_crops\from_video_dedup\C0021_frame002725_tag2_bead1.jpg,,
data\bead_crops\from_video_dedup\C0021_frame002700_tag2_bead2.jpg,,
data\bead_crops\from_video_dedup\C0021_frame002725_tag0_bead4.jpg,0,330
data\bead_crops\from_video_dedup\C0021_frame002900_tag2_bead0.jpg,0,80
data\bead_crops\from_video_dedup\C0021_frame002725_tag2_bead2.jpg,,
data\bead_crops\from_video_dedup\C0021_frame002800_tag1_bead1.jpg,0,300
data\bead_crops\from_video_dedup\C0021_frame002875_tag2_bead1.jpg,,
data\bead_crops\from_video_dedup\C0021_frame002800_tag1_bead0.jpg,8,300
data\bead_crops\from_video_dedup\C0021_frame002875_tag1_bead2.jpg,2,330
data\bead_crops\from_video_dedup\C0021_frame002875_tag1_bead3.jpg,4,320
data\bead_crops\from_video_dedup\C0021_frame002825_tag1_bead1.jpg,1,310
data\bead_crops\from_video_dedup\C0021_frame002850_tag1_bead2.jpg,0,300
data\bead_crops\from_video_dedup\C0021_frame002875_tag1_bead4.jpg,0,330
data\bead_crops\from_video_dedup\C0021_frame003050_tag1_bead0.jpg,8,310
data\bead_crops\from_video_dedup\C0021_frame002900_tag1_bead2.jpg,4,320
data\bead_crops\from_video_dedup\C0021_frame003675_tag0_bead0.jpg,3,340
data\bead_crops\from_video_dedup\C0021_frame002950_tag0_bead1.jpg,4,320
data\bead_crops\from_video_dedup\C0021_frame002950_tag0_bead2.jpg,2,320
data\bead_crops\from_video_dedup\C0021_frame003825_tag2_bead4.jpg,4,310
data\bead_crops\from_video_dedup\C0021_frame003000_tag2_bead0.jpg,0,80
data\bead_crops\from_video_dedup\C0021_frame003000_tag2_bead2.jpg,,
data\bead_crops\from_video_dedup\C0021_frame003350_tag1_bead1.jpg,1,310
data\bead_crops\from_video_dedup\C0021_frame003025_tag2_bead2.jpg,,
data\bead_crops\from_video_dedup\C0021_frame003350_tag1_bead3.jpg,6,310
data\bead_crops\from_video_dedup\C0021_frame003050_tag2_bead2.jpg,,
data\bead_crops\from_video_dedup\C0021_frame003175_tag0_bead3.jpg,4,320
data\bead_crops\from_video_dedup\C0021_frame003100_tag2_bead2.jpg,,
data\bead_crops\from_video_dedup\C0021_frame003175_tag0_bead4.jpg,0,330
data\bead_crops\from_video_dedup\C0021_frame003350_tag1_bead0.jpg,8,310
data\bead_crops\from_video_dedup\C0021_frame003350_tag1_bead2.jpg,0,300
data\bead_crops\from_video_dedup\C0021_frame003900_tag0_bead0.jpg,3,340
data\bead_crops\from_video_dedup\C0021_frame003150_tag0_bead1.jpg,2,330
data\bead_crops\from_video_dedup\C0021_frame003200_tag0_bead1.jpg,2,330
data\bead_crops\from_video_dedup\C0021_frame003200_tag0_bead3.jpg,4,320
data\bead_crops\from_video_dedup\C0021_frame003250_tag1_bead0.jpg,0,80
data\bead_crops\from_video_dedup\C0021_frame003225_tag1_bead2.jpg,,
data\bead_crops\from_video_dedup\C0021_frame003225_tag2_bead1.jpg,2,340
data\bead_crops\from_video_dedup\C0021_frame003350_tag0_bead4.jpg,0,340
data\bead_crops\from_video_dedup\C0021_frame003250_tag1_bead1.jpg,,
data\bead_crops\from_video_dedup\C0021_frame003250_tag1_bead2.jpg,,
data\bead_crops\from_video_dedup\C0021_frame003250_tag1_bead3.jpg,,
data\bead_crops\from_video_dedup\C0021_frame003250_tag2_bead2.jpg,4,330
data\bead_crops\from_video_dedup\C0021_frame003325_tag0_bead0.jpg,8,310
data\bead_crops\from_video_dedup\C0021_frame003625_tag2_bead1.jpg,0,80
data\bead_crops\from_video_dedup\C0021_frame003300_tag2_bead2.jpg,,
data\bead_crops\from_video_dedup\C0021_frame003275_tag1_bead3.jpg,,
data\bead_crops\from_video_dedup\C0021_frame003300_tag2_bead1.jpg,,
data\bead_crops\from_video_dedup\C0021_frame003300_tag2_bead3.jpg,,
data\bead_crops\from_video_dedup\C0021_frame003675_tag0_bead1.jpg,2,330
data\bead_crops\from_video_dedup\C0021_frame003425_tag0_bead3.jpg,4,330
data\bead_crops\from_video_dedup\C0021_frame003325_tag2_bead0.jpg,,
data\bead_crops\from_video_dedup\C0021_frame003325_tag2_bead2.jpg,,
data\bead_crops\from_video_dedup\C0021_frame003375_tag2_bead2.jpg,,
data\bead_crops\from_video_dedup\C0021_frame003350_tag2_bead3.jpg,,
data\bead_crops\from_video_dedup\C0021_frame003800_tag2_bead1.jpg,0,300
data\bead_crops\from_video_dedup\C0021_frame003375_tag2_bead1.jpg,,
data\bead_crops\from_video_dedup\C0021_frame003375_tag2_bead3.jpg,,
data\bead_crops\from_video_dedup\C0021_frame003675_tag0_bead4.jpg,0,340
data\bead_crops\from_video_dedup\C0021_frame003425_tag2_bead2.jpg,0,0
data\bead_crops\from_video_dedup\C0021_frame003400_tag2_bead3.jpg,,
data\bead_crops\from_video_dedup\C0021_frame003450_tag0_bead0.jpg,8,310
data\bead_crops\from_video_dedup\C0021_frame003425_tag2_bead1.jpg,,
data\bead_crops\from_video_dedup\C0021_frame003475_tag1_bead2.jpg,,
data\bead_crops\from_video_dedup\C0021_frame003500_tag1_bead0.jpg,8,310
data\bead_crops\from_video_dedup\C0021_frame004725_tag0_bead2.jpg,6,310
data\bead_crops\from_video_dedup\C0021_frame003475_tag1_bead1.jpg,,
data\bead_crops\from_video_dedup\C0021_frame003500_tag0_bead2.jpg,,
data\bead_crops\from_video_dedup\C0021_frame003550_tag2_bead1.jpg,4,330
data\bead_crops\from_video_dedup\C0021_frame003500_tag0_bead1.jpg,,
data\bead_crops\from_video_dedup\C0021_frame003500_tag0_bead3.jpg,,
data\bead_crops\from_video_dedup\C0021_frame003525_tag0_bead1.jpg,,
data\bead_crops\from_video_dedup\C0021_frame003525_tag0_bead2.jpg,,
data\bead_crops\from_video_dedup\C0021_frame003550_tag1_bead3.jpg,,
data\bead_crops\from_video_dedup\C0021_frame003525_tag1_bead0.jpg,8,310
data\bead_crops\from_video_dedup\C0021_frame003550_tag0_bead0.jpg,8,310
data\bead_crops\from_video_dedup\C0021_frame003550_tag1_bead1.jpg,0,70
data\bead_crops\from_video_dedup\C0021_frame003550_tag1_bead2.jpg,,
data\bead_crops\from_video_dedup\C0021_frame003575_tag0_bead0.jpg,8,310
data\bead_crops\from_video_dedup\C0021_frame003575_tag1_bead0.jpg,0,70
data\bead_crops\from_video_dedup\C0021_frame003575_tag1_bead2.jpg,,
data\bead_crops\from_video_dedup\C0021_frame003575_tag1_bead3.jpg,,
data\bead_crops\from_video_dedup\C0021_frame003600_tag0_bead0.jpg,8,300
data\bead_crops\from_video_dedup\C0021_frame004725_tag0_bead1.jpg,1,310
data\bead_crops\from_video_dedup\C0021_frame003625_tag2_bead0.jpg,0,70
data\bead_crops\from_video_dedup\C0021_frame003625_tag2_bead2.jpg,,
data\bead_crops\from_video_dedup\C0021_frame003675_tag0_bead3.jpg,4,330
data\bead_crops\from_video_dedup\C0021_frame003625_tag2_bead3.jpg,6,70
data\bead_crops\from_video_dedup\C0021_frame003650_tag1_bead0.jpg,0,70
data\bead_crops\from_video_dedup\C0021_frame003775_tag1_bead1.jpg,0,70
data\bead_crops\from_video_dedup\C0021_frame003650_tag1_bead2.jpg,,
data\bead_crops\from_video_dedup\C0021_frame003675_tag1_bead1.jpg,0,300
data\bead_crops\from_video_dedup\C0021_frame003675_tag1_bead3.jpg,4,300
data\bead_crops\from_video_dedup\C0021_frame003675_tag2_bead0.jpg,0,70
data\bead_crops\from_video_dedup\C0021_frame003675_tag2_bead3.jpg,6,70
data\bead_crops\from_video_dedup\C0021_frame003700_tag0_bead3.jpg,4,330
data\bead_crops\from_video_dedup\C0021_frame003775_tag1_bead0.jpg,0,70
data\bead_crops\from_video_dedup\C0021_frame003925_tag0_bead2.jpg,6,80
data\bead_crops\from_video_dedup\C0021_frame003975_tag2_bead3.jpg,6,70
data\bead_crops\from_video_dedup\C0021_frame003725_tag2_bead0.jpg,8,310
data\bead_crops\from_video_dedup\C0021_frame003775_tag0_bead1.jpg,2,340
data\bead_crops\from_video_dedup\C0021_frame003775_tag1_bead4.jpg,,
data\bead_crops\from_video_dedup\C0021_frame003825_tag2_bead0.jpg,8,310
data\bead_crops\from_video_dedup\C0021_frame003900_tag1_bead4.jpg,8,0
data\bead_crops\from_video_dedup\C0021_frame003875_tag0_bead0.jpg,0,70
data\bead_crops\from_video_dedup\C0021_frame003875_tag0_bead3.jpg,6,70
data\bead_crops\from_video_dedup\C0021_frame003825_tag0_bead4.jpg,,
data\bead_crops\from_video_dedup\C0021_frame003875_tag1_bead1.jpg,4,330
data\bead_crops\from_video_dedup\C0021_frame003875_tag0_bead2.jpg,6,70
data\bead_crops\from_video_dedup\C0021_frame003850_tag0_bead4.jpg,,
data\bead_crops\from_video_dedup\C0021_frame003925_tag2_bead0.jpg,8,310
data\bead_crops\from_video_dedup\C0021_frame003925_tag2_bead1.jpg,0,300
data\bead_crops\from_video_dedup\C0021_frame003875_tag0_bead4.jpg,,
data\bead_crops\from_video_dedup\C0021_frame003900_tag0_bead1.jpg,4,330
data\bead_crops\from_video_dedup\C0021_frame003900_tag0_bead2.jpg,2,330
data\bead_crops\from_video_dedup\C0021_frame003925_tag0_bead4.jpg,,
data\bead_crops\from_video_dedup\C0021_frame004200_tag1_bead1.jpg,4,330
data\bead_crops\from_video_dedup\C0021_frame004000_tag0_bead4.jpg,0,340
data\bead_crops\from_video_dedup\C0021_frame003950_tag0_bead2.jpg,4,330
data\bead_crops\from_video_dedup\C0021_frame003950_tag1_bead4.jpg,,
data\bead_crops\from_video_dedup\C0021_frame003975_tag0_bead1.jpg,2,340
data\bead_crops\from_video_dedup\C0021_frame003975_tag2_bead2.jpg,,
data\bead_crops\from_video_dedup\C0021_frame004800_tag2_bead0.jpg,8,310
data\bead_crops\from_video_dedup\C0021_frame004000_tag2_bead2.jpg,6,70
data\bead_crops\from_video_dedup\C0021_frame004475_tag0_bead1.jpg,1,0
data\bead_crops\from_video_dedup\C0021_frame004025_tag2_bead0.jpg,0,70
data\bead_crops\from_video_dedup\C0021_frame004050_tag2_bead2.jpg,6,70
data\bead_crops\from_video_dedup\C0021_frame004050_tag2_bead3.jpg,,
data\bead_crops\from_video_dedup\C0021_frame004500_tag0_bead4.jpg,0,0
data\bead_crops\from_video_dedup\C0021_frame004275_tag2_bead0.jpg,0,60
data\bead_crops\from_video_dedup\C0021_frame004150_tag1_bead1.jpg,0,60
data\bead_crops\from_video_dedup\C0021_frame004125_tag1_bead2.jpg,6,70
data\bead_crops\from_video_dedup\C0021_frame004075_tag2_bead3.jpg,,
data\bead_crops\from_video_dedup\C0021_frame004100_tag1_bead3.jpg,,
data\bead_crops\from_video_dedup\C0021_frame004225_tag1_bead0.jpg,8,310
data\bead_crops\from_video_dedup\C0021_frame004125_tag1_bead3.jpg,,
data\bead_crops\from_video_dedup\C0021_frame004725_tag0_bead3.jpg,0,300
data\bead_crops\from_video_dedup\C0021_frame004150_tag0_bead3.jpg,4,330
data\bead_crops\from_video_dedup\C0021_frame004150_tag1_bead2.jpg,6,70
data\bead_crops\from_video_dedup\C0021_frame004375_tag0_bead0.jpg,3,350
data\bead_crops\from_video_dedup\C0021_frame004175_tag2_bead1.jpg,0,60
data\bead_crops\from_video_dedup\C0021_frame004175_tag2_bead2.jpg,6,70
data\bead_crops\from_video_dedup\C0021_frame004175_tag2_bead3.jpg,,
data\bead_crops\from_video_dedup\C0021_frame004200_tag2_bead2.jpg,,
data\bead_crops\from_video_dedup\C0021_frame004250_tag0_bead1.jpg,4,340
data\bead_crops\from_video_dedup\C0021_frame004225_tag2_bead1.jpg,0,60
data\bead_crops\from_video_dedup\C0021_frame004275_tag2_bead2.jpg,,
data\bead_crops\from_video_dedup\C0021_frame004375_tag0_bead2.jpg,2,340
data\bead_crops\from_video_dedup\C0021_frame004275_tag2_bead1.jpg,0,60
data\bead_crops\from_video_dedup\C0021_frame004325_tag0_bead3.jpg,4,340
data\bead_crops\from_video_dedup\C0021_frame004350_tag2_bead0.jpg,0,60
data\bead_crops\from_video_dedup\C0021_frame004300_tag2_bead3.jpg,,
data\bead_crops\from_video_dedup\C0021_frame004325_tag2_bead2.jpg,,
data\bead_crops\from_video_dedup\C0021_frame004325_tag2_bead3.jpg,,
data\bead_crops\from_video_dedup\C0021_frame004375_tag0_bead3.jpg,4,340
data\bead_crops\from_video_dedup\C0021_frame004350_tag2_bead1.jpg,0,60
data\bead_crops\from_video_dedup\C0021_frame004400_tag2_bead2.jpg,,
data\bead_crops\from_video_dedup\C0021_frame004425_tag2_bead0.jpg,0,60
data\bead_crops\from_video_dedup\C0021_frame004400_tag0_bead3.jpg,2,350
data\bead_crops\from_video_dedup\C0021_frame004450_tag1_bead2.jpg,0,300
data\bead_crops\from_video_dedup\C0021_frame004475_tag2_bead1.jpg,0,50
data\bead_crops\from_video_dedup\C0021_frame004425_tag2_bead2.jpg,,
data\bead_crops\from_video_dedup\C0021_frame004475_tag0_bead2.jpg,4,340
data\bead_crops\from_video_dedup\C0021_frame004525_tag1_bead0.jpg,8,310
data\bead_crops\from_video_dedup\C0021_frame004450_tag2_bead2.jpg,,
data\bead_crops\from_video_dedup\C0021_frame004475_tag1_bead0.jpg,8,310
data\bead_crops\from_video_dedup\C0021_frame004475_tag2_bead0.jpg,0,60
data\bead_crops\from_video_dedup\C0021_frame004500_tag2_bead1.jpg,0,50
data\bead_crops\from_video_dedup\C0021_frame004600_tag1_bead2.jpg,2,350
data\bead_crops\from_video_dedup\C0021_frame004550_tag2_bead2.jpg,,
data\bead_crops\from_video_dedup\C0021_frame004600_tag1_bead3.jpg,4,340
data\bead_crops\from_video_dedup\C0021_frame004650_tag1_bead3.jpg,2,340
data\bead_crops\from_video_dedup\C0021_frame004650_tag2_bead0.jpg,0,50
data\bead_crops\from_video_dedup\C0021_frame004650_tag2_bead1.jpg,0,50
data\bead_crops\from_video_dedup\C0021_frame004675_tag2_bead2.jpg,,
data\bead_crops\from_video_dedup\C0021_frame004675_tag0_bead0.jpg,3,0
data\bead_crops\from_video_dedup\C0021_frame004675_tag0_bead2.jpg,1,0
data\bead_crops\from_video_dedup\C0021_frame004700_tag1_bead2.jpg,2,0
data\bead_crops\from_video_dedup\C0021_frame004825_tag0_bead2.jpg,4,330
data\bead_crops\from_video_dedup\C0021_frame004750_tag1_bead1.jpg,0,50
data\bead_crops\from_video_dedup\C0021_frame004750_tag1_bead2.jpg,,
data\bead_crops\from_video_dedup\C0021_frame004800_tag1_bead0.jpg,0,40
data\bead_crops\from_video_dedup\C0021_frame004775_tag0_bead2.jpg,,
data\bead_crops\from_video_dedup\C0021_frame004800_tag1_bead1.jpg,0,40
data\bead_crops\from_video_dedup\C0021_frame004800_tag1_bead2.jpg,,
data\bead_crops\from_video_dedup\C0021_frame004800_tag2_bead4.jpg,4,310
data\bead_crops\from_video_dedup\C0021_frame004825_tag0_bead1.jpg,2,340
data\bead_crops\from_video_dedup\C0021_frame004825_tag1_bead0.jpg,0,40
data\bead_crops\from_video_dedup\C0021_frame004825_tag1_bead2.jpg,,
data\bead_crops\from_video_dedup\C0021_frame004875_tag0_bead0.jpg,8,310
data\bead_crops\from_video_dedup\C0021_frame004900_tag1_bead2.jpg,4,340
data\bead_crops\from_video_dedup\C0021_frame004900_tag2_bead1.jpg,0,40
data\bead_crops\from_video_dedup\C0021_frame004925_tag1_bead2.jpg,,
data\bead_crops\from_video_dedup\C0021_frame004975_tag1_bead1.jpg,0,40
data\bead_crops\from_video_dedup\C0021_frame005125_tag0_bead4.jpg,4,310
data\bead_crops\from_video_dedup\C0021_frame005050_tag1_bead4.jpg,4,340
data\bead_crops\from_video_dedup\C0021_frame005000_tag2_bead2.jpg,,
data\bead_crops\from_video_dedup\C0021_frame005000_tag0_bead3.jpg,4,330
data\bead_crops\from_video_dedup\C0021_frame005125_tag0_bead2.jpg,1,320
data\bead_crops\from_video_dedup\C0021_frame005125_tag0_bead0.jpg,8,320
data\bead_crops\from_video_dedup\C0021_frame005125_tag0_bead1.jpg,0,310
data\bead_crops\from_video_dedup\C0021_frame005050_tag1_bead1.jpg,2,340
data\bead_crops\from_video_dedup\C0021_frame005050_tag1_bead3.jpg,4,330
data\bead_crops\from_video_dedup\C0021_frame005075_tag2_bead3.jpg,4,330
data\bead_crops\from_video_dedup\C0021_frame005200_tag2_bead4.jpg,0,340
data\bead_crops\from_video_dedup\C0021_frame005100_tag0_bead4.jpg,4,310
data\bead_crops\from_video_dedup\C0021_frame005100_tag1_bead2.jpg,,
data\bead_crops\from_video_dedup\C0021_frame005125_tag1_bead0.jpg,0,30
data\bead_crops\from_video_dedup\C0021_frame005125_tag1_bead2.jpg,,
data\bead_crops\from_video_dedup\C0021_frame005150_tag0_bead1.jpg,2,330
data\bead_crops\from_video_dedup\C0021_frame005200_tag2_bead1.jpg,1,0
data\bead_crops\from_video_dedup\C0021_frame005125_tag2_bead3.jpg,4,330
data\bead_crops\from_video_dedup\C0021_frame005175_tag0_bead2.jpg,2,340
data\bead_crops\from_video_dedup\C0021_frame005175_tag0_bead3.jpg,4,330
data\bead_crops\from_video_dedup\C0021_frame005175_tag1_bead0.jpg,8,320
data\bead_crops\from_video_dedup\C0021_frame005350_tag1_bead2.jpg,1,330
data\bead_crops\from_video_dedup\C0021_frame005250_tag0_bead3.jpg,6,320
data\bead_crops\from_video_dedup\C0021_frame005175_tag1_bead4.jpg,4,320
data\bead_crops\from_video_dedup\C0021_frame005175_tag2_bead0.jpg,0,30
data\bead_crops\from_video_dedup\C0021_frame005175_tag2_bead2.jpg,,
data\bead_crops\from_video_dedup\C0021_frame005200_tag0_bead2.jpg,1,320
data\bead_crops\from_video_dedup\C0021_frame005200_tag1_bead0.jpg,0,30
data\bead_crops\from_video_dedup\C0021_frame005275_tag2_bead1.jpg,0,30
data\bead_crops\from_video_dedup\C0021_frame005200_tag1_bead2.jpg,,
data\bead_crops\from_video_dedup\C0021_frame005200_tag2_bead0.jpg,3,340
data\bead_crops\from_video_dedup\C0021_frame005200_tag2_bead2.jpg,1,350
data\bead_crops\from_video_dedup\C0021_frame005200_tag2_bead3.jpg,4,330
data\bead_crops\from_video_dedup\C0021_frame005225_tag1_bead2.jpg,,
data\bead_crops\from_video_dedup\C0021_frame005300_tag1_bead0.jpg,8,320
data\bead_crops\from_video_dedup\C0021_frame005250_tag1_bead2.jpg,2,330
data\bead_crops\from_video_dedup\C0021_frame005250_tag1_bead4.jpg,0,340
data\bead_crops\from_video_dedup\C0021_frame005275_tag2_bead0.jpg,0,30
data\bead_crops\from_video_dedup\C0021_frame005250_tag2_bead2.jpg,,
data\bead_crops\from_video_dedup\C0021_frame005275_tag0_bead1.jpg,2,330
data\bead_crops\from_video_dedup\C0021_frame005275_tag0_bead3.jpg,4,330
data\bead_crops\from_video_dedup\C0021_frame005325_tag1_bead0.jpg,8,320
data\bead_crops\from_video_dedup\C0021_frame005325_tag1_bead1.jpg,0,320
data\bead_crops\from_video_dedup\C0021_frame005700_tag1_bead3.jpg,6,320
data\bead_crops\from_video_dedup\C0021_frame005300_tag1_bead4.jpg,4,320
data\bead_crops\from_video_dedup\C0021_frame005275_tag2_bead2.jpg,,
data\bead_crops\from_video_dedup\C0021_frame005675_tag0_bead0.jpg,3,340
data\bead_crops\from_video_dedup\C0021_frame005300_tag0_bead2.jpg,2,340
data\bead_crops\from_video_dedup\C0021_frame005300_tag0_bead3.jpg,,
data\bead_crops\from_video_dedup\C0021_frame005300_tag0_bead4.jpg,0,0
data\bead_crops\from_video_dedup\C0021_frame005700_tag1_bead2.jpg,1,330
data\bead_crops\from_video_dedup\C0021_frame005300_tag2_bead2.jpg,,
data\bead_crops\from_video_dedup\C0021_frame005300_tag2_bead3.jpg,,
data\bead_crops\from_video_dedup\C0021_frame005325_tag2_bead1.jpg,0,30
data\bead_crops\from_video_dedup\C0021_frame005325_tag2_bead2.jpg,,
data\bead_crops\from_video_dedup\C0021_frame005325_tag2_bead3.jpg,,
data\bead_crops\from_video_dedup\C0021_frame005450_tag1_bead0.jpg,8,320
data\bead_crops\from_video_dedup\C0021_frame005450_tag1_bead4.jpg,4,320
data\bead_crops\from_video_dedup\C0021_frame005600_tag2_bead0.jpg,0,20
data\bead_crops\from_video_dedup\C0021_frame005350_tag2_bead3.jpg,,
data\bead_crops\from_video_dedup\C0021_frame005500_tag1_bead0.jpg,1,340
data\bead_crops\from_video_dedup\C0021_frame005375_tag0_bead4.jpg,,
data\bead_crops\from_video_dedup\C0021_frame005525_tag2_bead2.jpg,,
data\bead_crops\from_video_dedup\C0021_frame005375_tag2_bead3.jpg,,
data\bead_crops\from_video_dedup\C0021_frame005450_tag1_bead1.jpg,0,320
data\bead_crops\from_video_dedup\C0021_frame005575_tag0_bead4.jpg,0,330
data\bead_crops\from_video_dedup\C0021_frame005400_tag2_bead0.jpg,0,20
data\bead_crops\from_video_dedup\C0021_frame005500_tag2_bead3.jpg,,
data\bead_crops\from_video_dedup\C0021_frame005425_tag0_bead2.jpg,,
data\bead_crops\from_video_dedup\C0021_frame005450_tag0_bead3.jpg,,
data\bead_crops\from_video_dedup\C0021_frame005500_tag1_bead4.jpg,0,330
data\bead_crops\from_video_dedup\C0021_frame005450_tag0_bead2.jpg,,
data\bead_crops\from_video_dedup\C0021_frame005450_tag1_bead2.jpg,1,330
data\bead_crops\from_video_dedup\C0021_frame005500_tag2_bead2.jpg,,
data\bead_crops\from_video_dedup\C0021_frame005475_tag0_bead0.jpg,8,320
data\bead_crops\from_video_dedup\C0021_frame005475_tag1_bead4.jpg,0,330
data\bead_crops\from_video_dedup\C0021_frame005475_tag2_bead3.jpg,,
data\bead_crops\from_video_dedup\C0021_frame005500_tag1_bead1.jpg,3,330
data\bead_crops\from_video_dedup\C0021_frame005500_tag1_bead2.jpg,,
data\bead_crops\from_video_dedup\C0021_frame005525_tag0_bead3.jpg,,
data\bead_crops\from_video_dedup\C0021_frame005525_tag0_bead4.jpg,0,330
data\bead_crops\from_video_dedup\C0021_frame005525_tag2_bead3.jpg,,
data\bead_crops\from_video_dedup\C0021_frame005550_tag0_bead2.jpg,,
data\bead_crops\from_video_dedup\C0021_frame005550_tag0_bead3.jpg,,
data\bead_crops\from_video_dedup\C0021_frame005550_tag0_bead4.jpg,0,330
data\bead_crops\from_video_dedup\C0021_frame005825_tag0_bead0.jpg,8,330
data\bead_crops\from_video_dedup\C0021_frame005600_tag1_bead1.jpg,0,320
data\bead_crops\from_video_dedup\C0021_frame005900_tag0_bead4.jpg,4,320
data\bead_crops\from_video_dedup\C0021_frame005675_tag0_bead2.jpg,2,340
data\bead_crops\from_video_dedup\C0021_frame005625_tag0_bead3.jpg,,
data\bead_crops\from_video_dedup\C0021_frame005600_tag2_bead1.jpg,0,20
data\bead_crops\from_video_dedup\C0021_frame005600_tag2_bead2.jpg,,
data\bead_crops\from_video_dedup\C0021_frame005600_tag2_bead3.jpg,,
data\bead_crops\from_video_dedup\C0021_frame005700_tag1_bead4.jpg,4,330
data\bead_crops\from_video_dedup\C0021_frame005675_tag0_bead3.jpg,,
data\bead_crops\from_video_dedup\C0021_frame005650_tag2_bead1.jpg,0,10
data\bead_crops\from_video_dedup\C0021_frame005650_tag2_bead3.jpg,,
data\bead_crops\from_video_dedup\C0021_frame005975_tag0_bead4.jpg,0,330
data\bead_crops\from_video_dedup\C0021_frame005700_tag1_bead0.jpg,8,330
data\bead_crops\from_video_dedup\C0021_frame005675_tag2_bead0.jpg,0,10
data\bead_crops\from_video_dedup\C0021_frame005800_tag2_bead3.jpg,,
data\bead_crops\from_video_dedup\C0021_frame005800_tag2_bead2.jpg,,
data\bead_crops\from_video_dedup\C0021_frame005700_tag1_bead1.jpg,0,320
data\bead_crops\from_video_dedup\C0021_frame005725_tag0_bead3.jpg,,
data\bead_crops\from_video_dedup\C0021_frame005775_tag1_bead0.jpg,8,330
data\bead_crops\from_video_dedup\C0021_frame006925_tag0_bead2.jpg,1,330
data\bead_crops\from_video_dedup\C0021_frame005775_tag2_bead1.jpg,,
data\bead_crops\from_video_dedup\C0021_frame005850_tag2_bead2.jpg,,
data\bead_crops\from_video_dedup\C0021_frame005800_tag0_bead1.jpg,2,340
data\bead_crops\from_video_dedup\C0021_frame005975_tag2_bead2.jpg,,
data\bead_crops\from_video_dedup\C0021_frame005775_tag2_bead2.jpg,,
data\bead_crops\from_video_dedup\C0021_frame005925_tag1_bead0.jpg,3,340
data\bead_crops\from_video_dedup\C0021_frame005800_tag0_bead3.jpg,,
data\bead_crops\from_video_dedup\C0021_frame005850_tag0_bead4.jpg,4,320
data\bead_crops\from_video_dedup\C0021_frame005975_tag0_bead3.jpg,4,330
data\bead_crops\from_video_dedup\C0021_frame005925_tag2_bead3.jpg,,
data\bead_crops\from_video_dedup\C0021_frame005975_tag0_bead2.jpg,2,340
data\bead_crops\from_video_dedup\C0021_frame005925_tag2_bead0.jpg,0,10
data\bead_crops\from_video_dedup\C0021_frame005950_tag2_bead1.jpg,,
data\bead_crops\from_video_dedup\C0021_frame005925_tag2_bead2.jpg,,
data\bead_crops\from_video_dedup\C0021_frame005950_tag1_bead3.jpg,4,330
data\bead_crops\from_video_dedup\C0021_frame005950_tag2_bead2.jpg,,
data\bead_crops\from_video_dedup\C0021_frame005975_tag2_bead0.jpg,0,10
data\bead_crops\from_video_dedup\C0021_frame006000_tag0_bead4.jpg,0,340
data\bead_crops\from_video_dedup\C0021_frame006000_tag1_bead0.jpg,8,330
data\bead_crops\from_video_dedup\C0021_frame006175_tag0_bead1.jpg,2,340
data\bead_crops\from_video_dedup\C0021_frame006050_tag0_bead3.jpg,4,330
data\bead_crops\from_video_dedup\C0021_frame006075_tag0_bead1.jpg,2,340
data\bead_crops\from_video_dedup\C0021_frame006075_tag0_bead3.jpg,4,330
data\bead_crops\from_video_dedup\C0021_frame006150_tag2_bead0.jpg,0,0
data\bead_crops\from_video_dedup\C0021_frame006275_tag2_bead2.jpg,,
data\bead_crops\from_video_dedup\C0021_frame006075_tag2_bead3.jpg,,
data\bead_crops\from_video_dedup\C0021_frame007250_tag0_bead1.jpg,0,320
data\bead_crops\from_video_dedup\C0021_frame006100_tag2_bead0.jpg,0,0
data\bead_crops\from_video_dedup\C0021_frame006100_tag2_bead1.jpg,,
data\bead_crops\from_video_dedup\C0021_frame006125_tag0_bead3.jpg,4,330
data\bead_crops\from_video_dedup\C0021_frame006125_tag2_bead1.jpg,,
data\bead_crops\from_video_dedup\C0021_frame006175_tag0_bead4.jpg,0,340
data\bead_crops\from_video_dedup\C0021_frame006150_tag2_bead1.jpg,,
data\bead_crops\from_video_dedup\C0021_frame006175_tag0_bead3.jpg,4,330
data\bead_crops\from_video_dedup\C0021_frame006175_tag2_bead0.jpg,0,0
data\bead_crops\from_video_dedup\C0021_frame006175_tag2_bead1.jpg,,
data\bead_crops\from_video_dedup\C0021_frame006250_tag0_bead0.jpg,3,330
data\bead_crops\from_video_dedup\C0021_frame006250_tag0_bead3.jpg,4,330
data\bead_crops\from_video_dedup\C0021_frame006225_tag0_bead3.jpg,4,330
data\bead_crops\from_video_dedup\C0021_frame006225_tag0_bead4.jpg,0,340
data\bead_crops\from_video_dedup\C0021_frame006225_tag2_bead3.jpg,,
data\bead_crops\from_video_dedup\C0021_frame006300_tag0_bead1.jpg,2,330
data\bead_crops\from_video_dedup\C0021_frame006300_tag0_bead4.jpg,0,330
data\bead_crops\from_video_dedup\C0021_frame007125_tag0_bead4.jpg,4,330
data\bead_crops\from_video_dedup\C0021_frame006275_tag2_bead3.jpg,,
data\bead_crops\from_video_dedup\C0021_frame006275_tag0_bead3.jpg,4,330
data\bead_crops\from_video_dedup\C0021_frame006275_tag2_bead1.jpg,,
data\bead_crops\from_video_dedup\C0021_frame006300_tag0_bead3.jpg,4,320
data\bead_crops\from_video_dedup\C0021_frame006300_tag2_bead1.jpg,,
data\bead_crops\from_video_dedup\C0021_frame006325_tag0_bead0.jpg,3,330
data\bead_crops\from_video_dedup\C0021_frame006325_tag0_bead1.jpg,2,320
data\bead_crops\from_video_dedup\C0021_frame006325_tag0_bead3.jpg,4,320
data\bead_crops\from_video_dedup\C0021_frame006325_tag0_bead4.jpg,0,330
data\bead_crops\from_video_dedup\C0021_frame006350_tag2_bead0.jpg,0,0
data\bead_crops\from_video_dedup\C0021_frame006325_tag2_bead1.jpg,,
data\bead_crops\from_video_dedup\C0021_frame006350_tag1_bead3.jpg,4,330
data\bead_crops\from_video_dedup\C0021_frame006350_tag2_bead1.jpg,,
data\bead_crops\from_video_dedup\C0021_frame006350_tag2_bead2.jpg,,
data\bead_crops\from_video_dedup\C0021_frame006350_tag2_bead3.jpg,,
data\bead_crops\from_video_dedup\C0021_frame006375_tag1_bead1.jpg,2,330
data\bead_crops\from_video_dedup\C0021_frame006375_tag1_bead3.jpg,4,320
data\bead_crops\from_video_dedup\C0021_frame006375_tag1_bead4.jpg,0,330
data\bead_crops\from_video_dedup\C0021_frame006375_tag2_bead0.jpg,0,0
data\bead_crops\from_video_dedup\C0021_frame006375_tag2_bead1.jpg,,
data\bead_crops\from_video_dedup\C0021_frame006375_tag2_bead2.jpg,,
data\bead_crops\from_video_dedup\C0021_frame006425_tag1_bead0.jpg,3,330
data\bead_crops\from_video_dedup\C0021_frame006400_tag0_bead3.jpg,4,320
data\bead_crops\from_video_dedup\C0021_frame006400_tag2_bead1.jpg,,
data\bead_crops\from_video_dedup\C0021_frame006425_tag1_bead3.jpg,,
data\bead_crops\from_video_dedup\C0021_frame006425_tag1_bead4.jpg,0,0
data\bead_crops\from_video_dedup\C0021_frame006450_tag2_bead0.jpg,0,0
data\bead_crops\from_video_dedup\C0021_frame006425_tag2_bead1.jpg,,
data\bead_crops\from_video_dedup\C0021_frame006450_tag2_bead1.jpg,,
data\bead_crops\from_video_dedup\C0021_frame006475_tag0_bead1.jpg,0,320
data\bead_crops\from_video_dedup\C0021_frame006450_tag1_bead2.jpg,2,330
data\bead_crops\from_video_dedup\C0021_frame006450_tag1_bead3.jpg,,
data\bead_crops\from_video_dedup\C0021_frame006450_tag2_bead2.jpg,,
data\bead_crops\from_video_dedup\C0021_frame006475_tag1_bead3.jpg,0,320
data\bead_crops\from_video_dedup\C0021_frame006475_tag1_bead4.jpg,,
data\bead_crops\from_video_dedup\C0021_frame006525_tag2_bead0.jpg,0,0
data\bead_crops\from_video_dedup\C0021_frame006475_tag2_bead1.jpg,,
data\bead_crops\from_video_dedup\C0021_frame006550_tag1_bead0.jpg,1,340
data\bead_crops\from_video_dedup\C0021_frame006500_tag1_bead2.jpg,2,320
data\bead_crops\from_video_dedup\C0021_frame006550_tag1_bead2.jpg,2,330
data\bead_crops\from_video_dedup\C0021_frame006525_tag1_bead3.jpg,,
data\bead_crops\from_video_dedup\C0021_frame006550_tag1_bead3.jpg,,
data\bead_crops\from_video_dedup\C0021_frame006575_tag1_bead3.jpg,0,320
data\bead_crops\from_video_dedup\C0021_frame006550_tag2_bead0.jpg,0,0
data\bead_crops\from_video_dedup\C0021_frame006700_tag0_bead1.jpg,3,320
data\bead_crops\from_video_dedup\C0021_frame006575_tag1_bead2.jpg,2,310
data\bead_crops\from_video_dedup\C0021_frame006575_tag1_bead4.jpg,,
data\bead_crops\from_video_dedup\C0021_frame007125_tag0_bead1.jpg,0,320
data\bead_crops\from_video_dedup\C0021_frame006750_tag0_bead0.jpg,1,330
data\bead_crops\from_video_dedup\C0021_frame006600_tag2_bead2.jpg,2,310
data\bead_crops\from_video_dedup\C0021_frame006600_tag2_bead3.jpg,0,320
data\bead_crops\from_video_dedup\C0021_frame007125_tag0_bead0.jpg,8,330
data\bead_crops\from_video_dedup\C0021_frame006700_tag0_bead2.jpg,,
data\bead_crops\from_video_dedup\C0021_frame006625_tag1_bead4.jpg,,
data\bead_crops\from_video_dedup\C0021_frame006675_tag0_bead4.jpg,,
data\bead_crops\from_video_dedup\C0021_frame006675_tag1_bead2.jpg,1,330
data\bead_crops\from_video_dedup\C0021_frame006700_tag0_bead3.jpg,0,320
data\bead_crops\from_video_dedup\C0021_frame006700_tag0_bead4.jpg,,
data\bead_crops\from_video_dedup\C0021_frame006750_tag0_bead1.jpg,3,320
data\bead_crops\from_video_dedup\C0021_frame006725_tag0_bead2.jpg,,
data\bead_crops\from_video_dedup\C0021_frame006725_tag2_bead0.jpg,,
data\bead_crops\from_video_dedup\C0021_frame006750_tag0_bead2.jpg,,
data\bead_crops\from_video_dedup\C0021_frame006750_tag0_bead3.jpg,0,320
data\bead_crops\from_video_dedup\C0021_frame006750_tag0_bead4.jpg,,
data\bead_crops\from_video_dedup\C0021_frame006925_tag0_bead0.jpg,8,330
data\bead_crops\from_video_dedup\C0021_frame006775_tag0_bead1.jpg,0,320
data\bead_crops\from_video_dedup\C0021_frame006750_tag2_bead0.jpg,,
data\bead_crops\from_video_dedup\C0021_frame006850_tag1_bead2.jpg,,
data\bead_crops\from_video_dedup\C0021_frame006800_tag1_bead0.jpg,1,330
data\bead_crops\from_video_dedup\C0021_frame006850_tag1_bead3.jpg,0,320
data\bead_crops\from_video_dedup\C0021_frame006800_tag1_bead4.jpg,,
data\bead_crops\from_video_dedup\C0021_frame006825_tag0_bead4.jpg,4,330
data\bead_crops\from_video_dedup\C0021_frame006850_tag1_bead0.jpg,1,330
data\bead_crops\from_video_dedup\C0021_frame006825_tag1_bead4.jpg,,
data\bead_crops\from_video_dedup\C0021_frame006850_tag1_bead4.jpg,,
data\bead_crops\from_video_dedup\C0021_frame006875_tag1_bead2.jpg,,
data\bead_crops\from_video_dedup\C0021_frame006875_tag1_bead3.jpg,0,320
data\bead_crops\from_video_dedup\C0021_frame006875_tag1_bead4.jpg,,
data\bead_crops\from_video_dedup\C0021_frame006900_tag1_bead2.jpg,0,310
data\bead_crops\from_video_dedup\C0021_frame006900_tag1_bead4.jpg,,
data\bead_crops\from_video_dedup\C0021_frame006925_tag1_bead0.jpg,1,330
data\bead_crops\from_video_dedup\C0021_frame006925_tag1_bead2.jpg,,
data\bead_crops\from_video_dedup\C0021_frame006925_tag1_bead3.jpg,0,310
data\bead_crops\from_video_dedup\C0021_frame006925_tag1_bead4.jpg,,
data\bead_crops\from_video_dedup\C0021_frame006950_tag1_bead1.jpg,3,310
data\bead_crops\from_video_dedup\C0021_frame006950_tag1_bead2.jpg,,
data\bead_crops\from_video_dedup\C0021_frame006950_tag1_bead3.jpg,0,310
data\bead_crops\from_video_dedup\C0021_frame007050_tag1_bead1.jpg,1,330
data\bead_crops\from_video_dedup\C0021_frame006975_tag1_bead1.jpg,3,310
data\bead_crops\from_video_dedup\C0021_frame006975_tag1_bead2.jpg,,
data\bead_crops\from_video_dedup\C0021_frame006975_tag1_bead3.jpg,,
data\bead_crops\from_video_dedup\C0021_frame006975_tag1_bead4.jpg,,
data\bead_crops\from_video_dedup\C0021_frame007075_tag1_bead0.jpg,3,310
data\bead_crops\from_video_dedup\C0021_frame007000_tag1_bead2.jpg,,
data\bead_crops\from_video_dedup\C0021_frame007000_tag1_bead3.jpg,,
data\bead_crops\from_video_dedup\C0021_frame007025_tag1_bead2.jpg,,
data\bead_crops\from_video_dedup\C0021_frame007025_tag1_bead3.jpg,,
data\bead_crops\from_video_dedup\C0021_frame007075_tag1_bead2.jpg,,
data\bead_crops\from_video_dedup\C0021_frame007125_tag1_bead0.jpg,3,310
data\bead_crops\from_video_dedup\C0021_frame007150_tag0_bead2.jpg,1,330
data\bead_crops\from_video_dedup\C0021_frame007125_tag1_bead2.jpg,,
data\bead_crops\from_video_dedup\C0021_frame007150_tag0_bead0.jpg,8,330
data\bead_crops\from_video_dedup\C0021_frame007300_tag1_bead1.jpg,,
data\bead_crops\from_video_dedup\C0021_frame007150_tag1_bead1.jpg,1,330
data\bead_crops\from_video_dedup\C0021_frame007150_tag1_bead2.jpg,,
data\bead_crops\from_video_dedup\C0021_frame007175_tag1_bead0.jpg,1,330
data\bead_crops\from_video_dedup\C0021_frame007200_tag1_bead1.jpg,,
data\bead_crops\from_video_dedup\C0021_frame007225_tag0_bead2.jpg,1,320
data\bead_crops\from_video_dedup\C0021_frame007300_tag1_bead0.jpg,1,330
data\bead_crops\from_video_dedup\C0021_frame007250_tag1_bead2.jpg,,
data\bead_crops\from_video_dedup\C0021_frame007275_tag1_bead1.jpg,,
data\bead_crops\from_video_dedup\C0021_frame007400_tag0_bead1.jpg,0,320
data\bead_crops\from_video_dedup\C0021_frame007300_tag1_bead2.jpg,,
data\bead_crops\from_video_dedup\C0021_frame007525_tag1_bead4.jpg,4,320
data\bead_crops\from_video_dedup\C0021_frame007325_tag1_bead0.jpg,1,330
data\bead_crops\from_video_dedup\C0021_frame007325_tag1_bead1.jpg,3,310
data\bead_crops\from_video_dedup\C0021_frame007325_tag1_bead2.jpg,,
data\bead_crops\from_video_dedup\C0021_frame007350_tag0_bead0.jpg,8,330
data\bead_crops\from_video_dedup\C0021_frame007350_tag1_bead0.jpg,3,310
data\bead_crops\from_video_dedup\C0021_frame007350_tag1_bead1.jpg,1,330
data\bead_crops\from_video_dedup\C0021_frame007350_tag1_bead2.jpg,,
data\bead_crops\from_video_dedup\C0021_frame007375_tag0_bead2.jpg,1,320
data\bead_crops\from_video_dedup\C0021_frame007375_tag1_bead0.jpg,3,320
data\bead_crops\from_video_dedup\C0021_frame007375_tag1_bead1.jpg,1,330
data\bead_crops\from_video_dedup\C0021_frame007375_tag1_bead2.jpg,3,320
data\bead_crops\from_video_dedup\C0021_frame007375_tag1_bead3.jpg,,
data\bead_crops\from_video_dedup\C0021_frame007400_tag1_bead1.jpg,1,340
data\bead_crops\from_video_dedup\C0021_frame007400_tag1_bead2.jpg,,
data\bead_crops\from_video_dedup\C0021_frame007400_tag1_bead3.jpg,,
data\bead_crops\from_video_dedup\C0021_frame007450_tag0_bead1.jpg,0,320
data\bead_crops\from_video_dedup\C0021_frame007525_tag1_bead2.jpg,1,320
data\bead_crops\from_video_dedup\C0021_frame007450_tag2_bead1.jpg,1,340
data\bead_crops\from_video_dedup\C0021_frame007450_tag2_bead2.jpg,,
data\bead_crops\from_video_dedup\C0021_frame007450_tag2_bead3.jpg,,
data\bead_crops\from_video_dedup\C0021_frame007700_tag0_bead0.jpg,3,320
data\bead_crops\from_video_dedup\C0021_frame007500_tag0_bead1.jpg,1,330
data\bead_crops\from_video_dedup\C0021_frame007575_tag1_bead2.jpg,,
data\bead_crops\from_video_dedup\C0021_frame007500_tag0_bead3.jpg,0,320
data\bead_crops\from_video_dedup\C0021_frame007525_tag1_bead1.jpg,0,320
data\bead_crops\from_video_dedup\C0021_frame007700_tag1_bead2.jpg,6,320
data\bead_crops\from_video_dedup\C0021_frame007600_tag0_bead2.jpg,,
data\bead_crops\from_video_dedup\C0021_frame007575_tag1_bead3.jpg,0,320
data\bead_crops\from_video_dedup\C0021_frame007525_tag0_bead4.jpg,0,320
data\bead_crops\from_video_dedup\C0021_frame007600_tag0_bead1.jpg,1,340
data\bead_crops\from_video_dedup\C0021_frame007575_tag0_bead4.jpg,4,320
data\bead_crops\from_video_dedup\C0021_frame007575_tag1_bead4.jpg,0,320
data\bead_crops\from_video_dedup\C0021_frame007700_tag0_bead3.jpg,0,320
data\bead_crops\from_video_dedup\C0021_frame007600_tag0_bead4.jpg,0,320
data\bead_crops\from_video_dedup\C0021_frame007600_tag1_bead0.jpg,8,320
data\bead_crops\from_video_dedup\C0021_frame007600_tag1_bead1.jpg,0,310
data\bead_crops\from_video_dedup\C0021_frame007625_tag0_bead2.jpg,,
data\bead_crops\from_video_dedup\C0021_frame007650_tag0_bead4.jpg,0,320
data\bead_crops\from_video_dedup\C0021_frame007825_tag0_bead0.jpg,3,320
data\bead_crops\from_video_dedup\C0021_frame007700_tag0_bead2.jpg,,
data\bead_crops\from_video_dedup\C0021_frame007700_tag1_bead1.jpg,8,320
data\bead_crops\from_video_dedup\C0021_frame007700_tag1_bead3.jpg,1,310
data\bead_crops\from_video_dedup\C0021_frame007700_tag1_bead0.jpg,0,310
data\bead_crops\from_video_dedup\C0021_frame007700_tag1_bead4.jpg,4,320
data\bead_crops\from_video_dedup\C0021_frame007900_tag1_bead0.jpg,1,340
data\bead_crops\from_video_dedup\C0021_frame007700_tag0_bead4.jpg,0,320
data\bead_crops\from_video_dedup\C0021_frame007725_tag0_bead2.jpg,,
data\bead_crops\from_video_dedup\C0021_frame007750_tag0_bead2.jpg,0,320
data\bead_crops\from_video_dedup\C0021_frame007725_tag0_bead4.jpg,0,320
data\bead_crops\from_video_dedup\C0021_frame007750_tag1_bead1.jpg,0,310
data\bead_crops\from_video_dedup\C0021_frame007775_tag0_bead3.jpg,6,310
data\bead_crops\from_video_dedup\C0021_frame007750_tag0_bead1.jpg,1,340
data\bead_crops\from_video_dedup\C0021_frame007750_tag0_bead3.jpg,,
data\bead_crops\from_video_dedup\C0021_frame007750_tag0_bead4.jpg,,
data\bead_crops\from_video_dedup\C0021_frame007775_tag0_bead2.jpg,1,310
data\bead_crops\from_video_dedup\C0021_frame007775_tag0_bead0.jpg,8,320
data\bead_crops\from_video_dedup\C0021_frame007775_tag0_bead1.jpg,0,310
data\bead_crops\from_video_dedup\C0021_frame007775_tag1_bead2.jpg,0,320
data\bead_crops\from_video_dedup\C0021_frame007775_tag1_bead3.jpg,,
data\bead_crops\from_video_dedup\C0021_frame007825_tag0_bead4.jpg,,
data\bead_crops\from_video_dedup\C0021_frame007800_tag0_bead3.jpg,,
data\bead_crops\from_video_dedup\C0021_frame007875_tag1_bead4.jpg,,
data\bead_crops\from_video_dedup\C0021_frame007875_tag0_bead4.jpg,4,310
data\bead_crops\from_video_dedup\C0021_frame007875_tag1_bead2.jpg,0,320
data\bead_crops\from_video_dedup\C0021_frame007825_tag0_bead3.jpg,,
data\bead_crops\from_video_dedup\C0021_frame007825_tag1_bead0.jpg,0,310
data\bead_crops\from_video_dedup\C0021_frame007875_tag0_bead3.jpg,6,310
data\bead_crops\from_video_dedup\C0021_frame007900_tag1_bead1.jpg,3,320
data\bead_crops\from_video_dedup\C0021_frame007900_tag1_bead2.jpg,0,320
data\bead_crops\from_video_dedup\C0021_frame007850_tag2_bead3.jpg,,
data\bead_crops\from_video_dedup\C0021_frame007850_tag2_bead4.jpg,,
data\bead_crops\from_video_dedup\C0021_frame007875_tag0_bead0.jpg,8,310
data\bead_crops\from_video_dedup\C0021_frame007875_tag0_bead2.jpg,1,310
data\bead_crops\from_video_dedup\C0021_frame007875_tag1_bead3.jpg,,
data\bead_crops\from_video_dedup\C0021_frame007900_tag1_bead3.jpg,,
data\bead_crops\from_video_dedup\C0021_frame007900_tag1_bead4.jpg,,
data\bead_crops\from_video_dedup\C0021_frame007925_tag0_bead1.jpg,1,340
data\bead_crops\from_video_dedup\C0021_frame007925_tag0_bead2.jpg,,
data\bead_crops\from_video_dedup\C0021_frame007925_tag0_bead3.jpg,,
data\bead_crops\from_video_dedup\C0021_frame007950_tag0_bead0.jpg,8,310
data\bead_crops\from_video_dedup\C0021_frame007950_tag0_bead1.jpg,0,310
data\bead_crops\from_video_dedup\C0021_frame008175_tag0_bead3.jpg,6,300
data\bead_crops\from_video_dedup\C0021_frame008050_tag0_bead4.jpg,4,310
data\bead_crops\from_video_dedup\C0021_frame007975_tag1_bead1.jpg,3,330
data\bead_crops\from_video_dedup\C0021_frame007975_tag1_bead3.jpg,,
data\bead_crops\from_video_dedup\C0021_frame008150_tag1_bead0.jpg,1,340
data\bead_crops\from_video_dedup\C0021_frame008100_tag0_bead1.jpg,0,310
data\bead_crops\from_video_dedup\C0021_frame008050_tag1_bead0.jpg,3,330
data\bead_crops\from_video_dedup\C0021_frame008000_tag1_bead2.jpg,,
data\bead_crops\from_video_dedup\C0021_frame008000_tag1_bead3.jpg,,
data\bead_crops\from_video_dedup\C0021_frame008025_tag0_bead0.jpg,8,310
data\bead_crops\from_video_dedup\C0021_frame008175_tag0_bead1.jpg,1,300
data\bead_crops\from_video_dedup\C0021_frame008025_tag1_bead3.jpg,,
data\bead_crops\from_video_dedup\C0021_frame008225_tag0_bead3.jpg,6,300
data\bead_crops\from_video_dedup\C0021_frame008050_tag1_bead2.jpg,0,330
data\bead_crops\from_video_dedup\C0021_frame008050_tag1_bead3.jpg,,
data\bead_crops\from_video_dedup\C0021_frame008175_tag0_bead4.jpg,4,310
data\bead_crops\from_video_dedup\C0021_frame008075_tag1_bead0.jpg,1,340
data\bead_crops\from_video_dedup\C0021_frame008075_tag1_bead1.jpg,3,330
data\bead_crops\from_video_dedup\C0021_frame008075_tag1_bead3.jpg,,
data\bead_crops\from_video_dedup\C0021_frame008100_tag1_bead1.jpg,3,330
data\bead_crops\from_video_dedup\C0021_frame008100_tag1_bead2.jpg,,
data\bead_crops\from_video_dedup\C0021_frame008100_tag1_bead3.jpg,,
data\bead_crops\from_video_dedup\C0021_frame008225_tag0_bead1.jpg,0,300
data\bead_crops\from_video_dedup\C0021_frame008125_tag1_bead2.jpg,,
data\bead_crops\from_video_dedup\C0021_frame008125_tag1_bead3.jpg,,
data\bead_crops\from_video_dedup\C0021_frame008150_tag1_bead1.jpg,3,330
data\bead_crops\from_video_dedup\C0021_frame008150_tag1_bead2.jpg,,
data\bead_crops\from_video_dedup\C0021_frame008150_tag1_bead3.jpg,,
data\bead_crops\from_video_dedup\C0021_frame008175_tag0_bead0.jpg,8,310
data\bead_crops\from_video_dedup\C0021_frame008350_tag0_bead0.jpg,0,300
data\bead_crops\from_video_dedup\C0021_frame008175_tag1_bead2.jpg,,
data\bead_crops\from_video_dedup\C0021_frame008175_tag1_bead3.jpg,,
data\bead_crops\from_video_dedup\C0021_frame008425_tag1_bead1.jpg,3,330
data\bead_crops\from_video_dedup\C0021_frame008350_tag1_bead2.jpg,,
data\bead_crops\from_video_dedup\C0021_frame008200_tag1_bead3.jpg,,
data\bead_crops\from_video_dedup\C0021_frame008450_tag0_bead4.jpg,4,300
data\bead_crops\from_video_dedup\C0021_frame008225_tag1_bead3.jpg,,
data\bead_crops\from_video_dedup\C0021_frame008350_tag0_bead1.jpg,8,300
data\bead_crops\from_video_dedup\C0021_frame008350_tag0_bead2.jpg,1,300
data\bead_crops\from_video_dedup\C0021_frame008575_tag1_bead0.jpg,6,300
data\bead_crops\from_video_dedup\C0021_frame008375_tag0_bead0.jpg,8,300
data\bead_crops\from_video_dedup\C0021_frame008450_tag0_bead1.jpg,0,300
data\bead_crops\from_video_dedup\C0021_frame008425_tag1_bead2.jpg,,
data\bead_crops\from_video_dedup\C0021_frame008475_tag1_bead1.jpg,3,330
data\bead_crops\from_video_dedup\C0021_frame008575_tag1_bead3.jpg,1,290
data\bead_crops\from_video_dedup\C0021_frame008500_tag1_bead2.jpg,,
data\bead_crops\from_video_dedup\C0021_frame008500_tag1_bead3.jpg,,
data\bead_crops\from_video_dedup\C0021_frame008525_tag1_bead1.jpg,3,330
data\bead_crops\from_video_dedup\C0021_frame008525_tag1_bead3.jpg,,
data\bead_crops\from_video_dedup\C0021_frame008550_tag1_bead2.jpg,,
data\bead_crops\from_video_dedup\C0021_frame008575_tag0_bead0.jpg,1,340
data\bead_crops\from_video_dedup\C0021_frame008575_tag0_bead1.jpg,3,320
data\bead_crops\from_video_dedup\C0021_frame008575_tag0_bead2.jpg,0,320
data\bead_crops\from_video_dedup\C0021_frame008575_tag0_bead3.jpg,,
data\bead_crops\from_video_dedup\C0021_frame008575_tag0_bead4.jpg,,
data\bead_crops\from_video_dedup\C0021_frame008575_tag1_bead4.jpg,4,300
data\bead_crops\from_video_dedup\C0021_frame008600_tag0_bead1.jpg,1,330
data\bead_crops\from_video_dedup\C0021_frame008600_tag0_bead2.jpg,,
data\bead_crops\from_video_dedup\C0021_frame008600_tag0_bead3.jpg,0,320
data\bead_crops\from_video_dedup\C0021_frame008600_tag0_bead4.jpg,,
data\bead_crops\from_video_dedup\C0023_frame000175_tag0_bead0.jpg,5,170
data\bead_crops\from_video_dedup\C0023_frame000075_tag0_bead1.jpg,6,170
data\bead_crops\from_video_dedup\C0023_frame000275_tag0_bead2.jpg,7,180
data\bead_crops\from_video_dedup\C0023_frame000275_tag0_bead3.jpg,7,180
data\bead_crops\from_video_dedup\C0023_frame000350_tag4_bead4.jpg,1,170
data\bead_crops\from_video_dedup\C0023_frame000950_tag1_bead0.jpg,8,270
data\bead_crops\from_video_dedup\C0023_frame000375_tag1_bead0.jpg,1,270
data\bead_crops\from_video_dedup\C0023_frame001325_tag2_bead3.jpg,6,280
data\bead_crops\from_video_dedup\C0023_frame000250_tag1_bead3.jpg,4,270
data\bead_crops\from_video_dedup\C0023_frame001175_tag0_bead2.jpg,0,270
data\bead_crops\from_video_dedup\C0023_frame000000_tag2_bead0.jpg,3,80
data\bead_crops\from_video_dedup\C0023_frame000000_tag2_bead1.jpg,3,70
data\bead_crops\from_video_dedup\C0023_frame000000_tag2_bead2.jpg,6,70
data\bead_crops\from_video_dedup\C0023_frame000000_tag2_bead3.jpg,4,80
data\bead_crops\from_video_dedup\C0023_frame000100_tag2_bead4.jpg,3,80
data\bead_crops\from_video_dedup\C0023_frame000125_tag3_bead0.jpg,2,300
data\bead_crops\from_video_dedup\C0023_frame000125_tag3_bead1.jpg,6,290
data\bead_crops\from_video_dedup\C0023_frame000175_tag3_bead2.jpg,6,290
data\bead_crops\from_video_dedup\C0023_frame000025_tag3_bead2.jpg,0,280
data\bead_crops\from_video_dedup\C0023_frame000175_tag3_bead3.jpg,0,290
data\bead_crops\from_video_dedup\C0023_frame000200_tag4_bead0.jpg,4,270
data\bead_crops\from_video_dedup\C0023_frame000225_tag4_bead1.jpg,2,300
data\bead_crops\from_video_dedup\C0023_frame000050_tag4_bead2.jpg,,
data\bead_crops\from_video_dedup\C0023_frame000125_tag4_bead3.jpg,,
data\bead_crops\from_video_dedup\C0023_frame000225_tag4_bead2.jpg,0,270
data\bead_crops\from_video_dedup\C0023_frame001050_tag1_bead2.jpg,6,70
data\bead_crops\from_video_dedup\C0023_frame000125_tag0_bead1.jpg,3,70
data\bead_crops\from_video_dedup\C0023_frame000100_tag2_bead0.jpg,3,60
data\bead_crops\from_video_dedup\C0023_frame000050_tag2_bead1.jpg,3,80
data\bead_crops\from_video_dedup\C0023_frame000150_tag3_bead0.jpg,6,290
data\bead_crops\from_video_dedup\C0023_frame000050_tag3_bead3.jpg,0,280
data\bead_crops\from_video_dedup\C0023_frame000100_tag2_bead1.jpg,3,70
data\bead_crops\from_video_dedup\C0023_frame000100_tag2_bead3.jpg,4,70
data\bead_crops\from_video_dedup\C0023_frame000075_tag3_bead3.jpg,0,280
data\bead_crops\from_video_dedup\C0023_frame000125_tag4_bead2.jpg,,
data\bead_crops\from_video_dedup\C0023_frame000100_tag3_bead4.jpg,0,280
data\bead_crops\from_video_dedup\C0023_frame000225_tag4_bead3.jpg,,
data\bead_crops\from_video_dedup\C0023_frame000100_tag4_bead4.jpg,,
data\bead_crops\from_video_dedup\C0023_frame000125_tag3_bead3.jpg,,
data\bead_crops\from_video_dedup\C0023_frame000575_tag4_bead0.jpg,4,270
data\bead_crops\from_video_dedup\C0023_frame000150_tag2_bead1.jpg,3,70
data\bead_crops\from_video_dedup\C0023_frame000150_tag3_bead4.jpg,,
data\bead_crops\from_video_dedup\C0023_frame000225_tag4_bead4.jpg,,
data\bead_crops\from_video_dedup\C0023_frame000175_tag0_bead1.jpg,6,180
data\bead_crops\from_video_dedup\C0023_frame000375_tag0_bead4.jpg,3,70
data\bead_crops\from_video_dedup\C0023_frame000175_tag3_bead1.jpg,6,290
data\bead_crops\from_video_dedup\C0023_frame000175_tag3_bead4.jpg,,
data\bead_crops\from_video_dedup\C0023_frame000350_tag3_bead1.jpg,2,290
data\bead_crops\from_video_dedup\C0023_frame000200_tag2_bead1.jpg,3,70
data\bead_crops\from_video_dedup\C0023_frame000200_tag3_bead3.jpg,,
data\bead_crops\from_video_dedup\C0023_frame000275_tag0_bead1.jpg,6,180
data\bead_crops\from_video_dedup\C0023_frame000250_tag2_bead0.jpg,3,60
data\bead_crops\from_video_dedup\C0023_frame000225_tag3_bead0.jpg,2,300
data\bead_crops\from_video_dedup\C0023_frame000225_tag3_bead4.jpg,,
data\bead_crops\from_video_dedup\C0023_frame000250_tag1_bead4.jpg,0,270
data\bead_crops\from_video_dedup\C0023_frame000250_tag2_bead1.jpg,3,70
data\bead_crops\from_video_dedup\C0023_frame000250_tag3_bead1.jpg,6,290
data\bead_crops\from_video_dedup\C0023_frame000250_tag3_bead2.jpg,6,290
data\bead_crops\from_video_dedup\C0023_frame000250_tag3_bead4.jpg,,
data\bead_crops\from_video_dedup\C0023_frame000400_tag4_bead2.jpg,0,270
data\bead_crops\from_video_dedup\C0023_frame000350_tag3_bead4.jpg,,
data\bead_crops\from_video_dedup\C0023_frame000275_tag1_bead1.jpg,1,270
data\bead_crops\from_video_dedup\C0023_frame000275_tag2_bead2.jpg,6,280
data\bead_crops\from_video_dedup\C0023_frame000275_tag2_bead4.jpg,,
data\bead_crops\from_video_dedup\C0023_frame000400_tag4_bead3.jpg,,
data\bead_crops\from_video_dedup\C0023_frame000300_tag0_bead1.jpg,6,180
data\bead_crops\from_video_dedup\C0023_frame000300_tag1_bead1.jpg,3,90
data\bead_crops\from_video_dedup\C0023_frame000300_tag3_bead0.jpg,2,290
data\bead_crops\from_video_dedup\C0023_frame000300_tag3_bead2.jpg,6,290
data\bead_crops\from_video_dedup\C0023_frame000300_tag3_bead4.jpg,,
data\bead_crops\from_video_dedup\C0023_frame000350_tag1_bead2.jpg,6,60
data\bead_crops\from_video_dedup\C0023_frame000325_tag2_bead2.jpg,6,290
data\bead_crops\from_video_dedup\C0023_frame000325_tag2_bead4.jpg,,
data\bead_crops\from_video_dedup\C0023_frame000375_tag2_bead4.jpg,1,350
data\bead_crops\from_video_dedup\C0023_frame000350_tag1_bead0.jpg,3,60
data\bead_crops\from_video_dedup\C0023_frame000350_tag2_bead2.jpg,0,290
data\bead_crops\from_video_dedup\C0023_frame000350_tag2_bead3.jpg,6,290
data\bead_crops\from_video_dedup\C0023_frame000350_tag2_bead4.jpg,,
data\bead_crops\from_video_dedup\C0023_frame000350_tag4_bead3.jpg,7,170
data\bead_crops\from_video_dedup\C0023_frame000375_tag0_bead1.jpg,3,70
data\bead_crops\from_video_dedup\C0023_frame000375_tag2_bead0.jpg,5,170
data\bead_crops\from_video_dedup\C0023_frame000375_tag2_bead1.jpg,6,170
data\bead_crops\from_video_dedup\C0023_frame000375_tag3_bead3.jpg,0,280
data\bead_crops\from_video_dedup\C0023_frame000375_tag3_bead4.jpg,,
data\bead_crops\from_video_dedup\C0023_frame000575_tag4_bead2.jpg,,
data\bead_crops\from_video_dedup\C0023_frame000400_tag2_bead1.jpg,3,70
data\bead_crops\from_video_dedup\C0023_frame000400_tag3_bead3.jpg,,
data\bead_crops\from_video_dedup\C0023_frame000400_tag3_bead4.jpg,,
data\bead_crops\from_video_dedup\C0023_frame000400_tag4_bead0.jpg,2,300
data\bead_crops\from_video_dedup\C0023_frame000425_tag2_bead1.jpg,6,290
data\bead_crops\from_video_dedup\C0023_frame000425_tag2_bead4.jpg,,
data\bead_crops\from_video_dedup\C0023_frame000450_tag4_bead4.jpg,,
data\bead_crops\from_video_dedup\C0023_frame000450_tag0_bead1.jpg,3,70
data\bead_crops\from_video_dedup\C0023_frame000475_tag0_bead3.jpg,3,80
data\bead_crops\from_video_dedup\C0023_frame000450_tag0_bead2.jpg,6,60
data\bead_crops\from_video_dedup\C0023_frame000450_tag2_bead1.jpg,6,170
data\bead_crops\from_video_dedup\C0023_frame000500_tag0_bead2.jpg,7,180
data\bead_crops\from_video_dedup\C0023_frame000450_tag3_bead4.jpg,,
data\bead_crops\from_video_dedup\C0023_frame000600_tag1_bead0.jpg,3,60
data\bead_crops\from_video_dedup\C0023_frame000625_tag1_bead1.jpg,3,70
data\bead_crops\from_video_dedup\C0023_frame000800_tag4_bead2.jpg,6,70
data\bead_crops\from_video_dedup\C0023_frame000500_tag0_bead0.jpg,5,170
data\bead_crops\from_video_dedup\C0023_frame000500_tag0_bead3.jpg,7,170
data\bead_crops\from_video_dedup\C0023_frame000475_tag3_bead0.jpg,2,290
data\bead_crops\from_video_dedup\C0023_frame000475_tag3_bead4.jpg,,
data\bead_crops\from_video_dedup\C0023_frame000525_tag3_bead2.jpg,,
data\bead_crops\from_video_dedup\C0023_frame000575_tag4_bead4.jpg,,
data\bead_crops\from_video_dedup\C0023_frame000800_tag4_bead3.jpg,3,80
data\bead_crops\from_video_dedup\C0023_frame000500_tag3_bead4.jpg,,
data\bead_crops\from_video_dedup\C0023_frame000600_tag1_bead4.jpg,4,70
data\bead_crops\from_video_dedup\C0023_frame000600_tag3_bead1.jpg,7,180
data\bead_crops\from_video_dedup\C0023_frame000800_tag3_bead0.jpg,4,270
data\bead_crops\from_video_dedup\C0023_frame000525_tag3_bead3.jpg,0,270
data\bead_crops\from_video_dedup\C0023_frame000575_tag1_bead1.jpg,6,170
data\bead_crops\from_video_dedup\C0023_frame000600_tag3_bead4.jpg,1,180
data\bead_crops\from_video_dedup\C0023_frame000600_tag1_bead1.jpg,3,70
data\bead_crops\from_video_dedup\C0023_frame000550_tag3_bead0.jpg,2,300
data\bead_crops\from_video_dedup\C0023_frame000550_tag3_bead4.jpg,,
data\bead_crops\from_video_dedup\C0023_frame000550_tag4_bead1.jpg,2,300
data\bead_crops\from_video_dedup\C0023_frame000600_tag3_bead3.jpg,7,170
data\bead_crops\from_video_dedup\C0023_frame000600_tag1_bead2.jpg,6,60
data\bead_crops\from_video_dedup\C0023_frame000600_tag1_bead3.jpg,3,80
data\bead_crops\from_video_dedup\C0023_frame000575_tag3_bead1.jpg,6,290
data\bead_crops\from_video_dedup\C0023_frame000575_tag3_bead4.jpg,,
data\bead_crops\from_video_dedup\C0023_frame001075_tag3_bead1.jpg,2,310
data\bead_crops\from_video_dedup\C0023_frame000600_tag2_bead4.jpg,,
data\bead_crops\from_video_dedup\C0023_frame000625_tag3_bead4.jpg,,
data\bead_crops\from_video_dedup\C0023_frame000800_tag3_bead3.jpg,,
data\bead_crops\from_video_dedup\C0023_frame000650_tag3_bead4.jpg,,
data\bead_crops\from_video_dedup\C0023_frame000700_tag4_bead4.jpg,,
data\bead_crops\from_video_dedup\C0023_frame000725_tag0_bead0.jpg,5,180
data\bead_crops\from_video_dedup\C0023_frame000725_tag0_bead1.jpg,6,180
data\bead_crops\from_video_dedup\C0023_frame000725_tag0_bead2.jpg,7,180
data\bead_crops\from_video_dedup\C0023_frame000725_tag0_bead3.jpg,7,180
data\bead_crops\from_video_dedup\C0023_frame000725_tag0_bead4.jpg,1,180
data\bead_crops\from_video_dedup\C0023_frame000675_tag3_bead4.jpg,,
data\bead_crops\from_video_dedup\C0023_frame000800_tag4_bead1.jpg,3,70
data\bead_crops\from_video_dedup\C0023_frame000700_tag3_bead0.jpg,2,290
data\bead_crops\from_video_dedup\C0023_frame000700_tag3_bead4.jpg,,
data\bead_crops\from_video_dedup\C0023_frame000725_tag3_bead4.jpg,,
data\bead_crops\from_video_dedup\C0023_frame000750_tag0_bead0.jpg,5,180
data\bead_crops\from_video_dedup\C0023_frame000750_tag3_bead4.jpg,,
data\bead_crops\from_video_dedup\C0023_frame001050_tag3_bead3.jpg,0,270
data\bead_crops\from_video_dedup\C0023_frame000800_tag3_bead4.jpg,,
data\bead_crops\from_video_dedup\C0023_frame000800_tag0_bead4.jpg,1,120
data\bead_crops\from_video_dedup\C0023_frame000900_tag3_bead4.jpg,,
data\bead_crops\from_video_dedup\C0023_frame000800_tag2_bead4.jpg,,
data\bead_crops\from_video_dedup\C0023_frame000850_tag4_bead4.jpg,1,190
data\bead_crops\from_video_dedup\C0023_frame000850_tag1_bead1.jpg,1,280
data\bead_crops\from_video_dedup\C0023_frame000850_tag2_bead4.jpg,,
data\bead_crops\from_video_dedup\C0023_frame000950_tag0_bead1.jpg,7,180
data\bead_crops\from_video_dedup\C0023_frame000875_tag0_bead0.jpg,5,180
data\bead_crops\from_video_dedup\C0023_frame000950_tag0_bead2.jpg,6,190
data\bead_crops\from_video_dedup\C0023_frame001150_tag4_bead0.jpg,4,280
data\bead_crops\from_video_dedup\C0023_frame000875_tag4_bead4.jpg,,
data\bead_crops\from_video_dedup\C0023_frame001025_tag1_bead3.jpg,7,190
data\bead_crops\from_video_dedup\C0023_frame000950_tag2_bead0.jpg,3,60
data\bead_crops\from_video_dedup\C0023_frame000900_tag2_bead1.jpg,3,70
data\bead_crops\from_video_dedup\C0023_frame000950_tag0_bead0.jpg,5,180
data\bead_crops\from_video_dedup\C0023_frame000975_tag4_bead1.jpg,7,180
data\bead_crops\from_video_dedup\C0023_frame001000_tag0_bead4.jpg,1,190
data\bead_crops\from_video_dedup\C0023_frame000925_tag1_bead0.jpg,8,270
data\bead_crops\from_video_dedup\C0023_frame000925_tag2_bead0.jpg,3,70
data\bead_crops\from_video_dedup\C0023_frame001000_tag2_bead4.jpg,3,80
data\bead_crops\from_video_dedup\C0023_frame000975_tag3_bead4.jpg,,
data\bead_crops\from_video_dedup\C0023_frame000950_tag3_bead4.jpg,,
data\bead_crops\from_video_dedup\C0023_frame000975_tag3_bead1.jpg,,
data\bead_crops\from_video_dedup\C0023_frame000975_tag0_bead0.jpg,3,60
data\bead_crops\from_video_dedup\C0023_frame001000_tag2_bead1.jpg,6,70
data\bead_crops\from_video_dedup\C0023_frame001250_tag0_bead0.jpg,2,290
data\bead_crops\from_video_dedup\C0023_frame000975_tag2_bead4.jpg,,
data\bead_crops\from_video_dedup\C0023_frame001025_tag1_bead1.jpg,6,190
data\bead_crops\from_video_dedup\C0023_frame001150_tag2_bead0.jpg,5,190
data\bead_crops\from_video_dedup\C0023_frame001025_tag1_bead2.jpg,7,190
data\bead_crops\from_video_dedup\C0023_frame001000_tag2_bead2.jpg,3,80
data\bead_crops\from_video_dedup\C0023_frame001000_tag2_bead3.jpg,4,70
data\bead_crops\from_video_dedup\C0023_frame001000_tag3_bead1.jpg,6,290
data\bead_crops\from_video_dedup\C0023_frame001000_tag3_bead4.jpg,,
data\bead_crops\from_video_dedup\C0023_frame001025_tag0_bead2.jpg,6,70
data\bead_crops\from_video_dedup\C0023_frame001075_tag1_bead4.jpg,1,200
data\bead_crops\from_video_dedup\C0023_frame001025_tag2_bead4.jpg,,
data\bead_crops\from_video_dedup\C0023_frame001050_tag3_bead4.jpg,,
data\bead_crops\from_video_dedup\C0023_frame001050_tag2_bead4.jpg,,
data\bead_crops\from_video_dedup\C0023_frame001050_tag3_bead0.jpg,,
data\bead_crops\from_video_dedup\C0023_frame001325_tag2_bead0.jpg,1,280
data\bead_crops\from_video_dedup\C0023_frame001325_tag2_bead1.jpg,0,270
data\bead_crops\from_video_dedup\C0023_frame001100_tag4_bead3.jpg,4,270
data\bead_crops\from_video_dedup\C0023_frame001125_tag3_bead0.jpg,3,60
data\bead_crops\from_video_dedup\C0023_frame001075_tag0_bead2.jpg,3,70
data\bead_crops\from_video_dedup\C0023_frame001175_tag1_bead3.jpg,4,70
data\bead_crops\from_video_dedup\C0023_frame001150_tag2_bead1.jpg,6,200
data\bead_crops\from_video_dedup\C0023_frame001175_tag3_bead4.jpg,,
data\bead_crops\from_video_dedup\C0023_frame001125_tag0_bead0.jpg,8,280
data\bead_crops\from_video_dedup\C0023_frame001150_tag1_bead1.jpg,3,80
data\bead_crops\from_video_dedup\C0023_frame001100_tag1_bead3.jpg,7,200
data\bead_crops\from_video_dedup\C0023_frame001250_tag0_bead3.jpg,0,280
data\bead_crops\from_video_dedup\C0023_frame001150_tag4_bead1.jpg,,
data\bead_crops\from_video_dedup\C0023_frame001150_tag2_bead2.jpg,7,200
data\bead_crops\from_video_dedup\C0023_frame001150_tag2_bead4.jpg,1,200
data\bead_crops\from_video_dedup\C0023_frame001125_tag3_bead1.jpg,3,70
data\bead_crops\from_video_dedup\C0023_frame001150_tag4_bead3.jpg,0,280
data\bead_crops\from_video_dedup\C0023_frame001150_tag4_bead4.jpg,,
data\bead_crops\from_video_dedup\C0023_frame001150_tag2_bead3.jpg,7,210
data\bead_crops\from_video_dedup\C0023_frame001200_tag2_bead0.jpg,5,200
data\bead_crops\from_video_dedup\C0023_frame001200_tag3_bead0.jpg,6,290
data\bead_crops\from_video_dedup\C0023_frame001175_tag4_bead4.jpg,,
data\bead_crops\from_video_dedup\C0023_frame001200_tag0_bead4.jpg,3,70
data\bead_crops\from_video_dedup\C0023_frame001250_tag3_bead2.jpg,6,200
data\bead_crops\from_video_dedup\C0023_frame001225_tag4_bead2.jpg,2,310
data\bead_crops\from_video_dedup\C0023_frame001200_tag4_bead2.jpg,,
data\bead_crops\from_video_dedup\C0023_frame001225_tag4_bead3.jpg,0,310
data\bead_crops\from_video_dedup\C0023_frame001250_tag1_bead0.jpg,3,60
data\bead_crops\from_video_dedup\C0023_frame001325_tag4_bead2.jpg,3,80
data\bead_crops\from_video_dedup\C0023_frame001250_tag1_bead3.jpg,4,70
data\bead_crops\from_video_dedup\C0023_frame001250_tag1_bead1.jpg,6,70
data\bead_crops\from_video_dedup\C0023_frame001225_tag1_bead1.jpg,7,200
data\bead_crops\from_video_dedup\C0023_frame001225_tag1_bead2.jpg,6,200
data\bead_crops\from_video_dedup\C0023_frame001225_tag1_bead4.jpg,1,200
data\bead_crops\from_video_dedup\C0023_frame001225_tag4_bead0.jpg,4,280
data\bead_crops\from_video_dedup\C0023_frame001225_tag4_bead1.jpg,,
data\bead_crops\from_video_dedup\C0023_frame001225_tag4_bead4.jpg,,
data\bead_crops\from_video_dedup\C0023_frame001250_tag0_bead1.jpg,6,290
data\bead_crops\from_video_dedup\C0023_frame001250_tag0_bead4.jpg,,
data\bead_crops\from_video_dedup\C0023_frame001250_tag2_bead0.jpg,4,290
data\bead_crops\from_video_dedup\C0023_frame001250_tag2_bead1.jpg,3,320
data\bead_crops\from_video_dedup\C0023_frame001250_tag2_bead2.jpg,2,300
data\bead_crops\from_video_dedup\C0023_frame001250_tag2_bead3.jpg,0,300
data\bead_crops\from_video_dedup\C0023_frame001250_tag2_bead4.jpg,,
data\bead_crops\from_video_dedup\C0023_frame001250_tag3_bead0.jpg,5,200
data\bead_crops\from_video_dedup\C0023_frame001275_tag0_bead2.jpg,3,80
data\bead_crops\from_video_dedup\C0023_frame001400_tag1_bead0.jpg,3,320
data\bead_crops\from_video_dedup\C0023_frame001275_tag3_bead3.jpg,,
data\bead_crops\from_video_dedup\C0023_frame001300_tag1_bead4.jpg,0,310
data\bead_crops\from_video_dedup\C0023_frame001375_tag3_bead4.jpg,,
data\bead_crops\from_video_dedup\C0023_frame001325_tag1_bead1.jpg,4,290
data\bead_crops\from_video_dedup\C0023_frame001575_tag2_bead1.jpg,2,310
data\bead_crops\from_video_dedup\C0023_frame001300_tag1_bead3.jpg,,
data\bead_crops\from_video_dedup\C0023_frame001600_tag2_bead4.jpg,1,210
data\bead_crops\from_video_dedup\C0023_frame001400_tag3_bead0.jpg,7,210
data\bead_crops\from_video_dedup\C0023_frame001350_tag2_bead3.jpg,7,210
data\bead_crops\from_video_dedup\C0023_frame001325_tag1_bead0.jpg,3,320
data\bead_crops\from_video_dedup\C0023_frame001325_tag1_bead3.jpg,,
data\bead_crops\from_video_dedup\C0023_frame001325_tag1_bead4.jpg,0,310
data\bead_crops\from_video_dedup\C0023_frame001350_tag1_bead4.jpg,4,270
data\bead_crops\from_video_dedup\C0023_frame001325_tag3_bead1.jpg,6,290
data\bead_crops\from_video_dedup\C0023_frame001450_tag1_bead2.jpg,4,70
data\bead_crops\from_video_dedup\C0023_frame001375_tag1_bead2.jpg,3,70
data\bead_crops\from_video_dedup\C0023_frame001375_tag1_bead0.jpg,3,90
data\bead_crops\from_video_dedup\C0023_frame001350_tag1_bead0.jpg,8,270
data\bead_crops\from_video_dedup\C0023_frame001500_tag0_bead0.jpg,1,270
data\bead_crops\from_video_dedup\C0023_frame001350_tag1_bead2.jpg,6,270
data\bead_crops\from_video_dedup\C0023_frame001350_tag1_bead3.jpg,0,270
data\bead_crops\from_video_dedup\C0023_frame001375_tag4_bead2.jpg,6,210
data\bead_crops\from_video_dedup\C0023_frame001750_tag0_bead2.jpg,0,280
data\bead_crops\from_video_dedup\C0023_frame001525_tag2_bead2.jpg,4,300
data\bead_crops\from_video_dedup\C0023_frame001375_tag0_bead3.jpg,,
data\bead_crops\from_video_dedup\C0023_frame001450_tag3_bead1.jpg,4,300
data\bead_crops\from_video_dedup\C0023_frame001550_tag3_bead4.jpg,0,320
data\bead_crops\from_video_dedup\C0023_frame001525_tag0_bead0.jpg,6,70
data\bead_crops\from_video_dedup\C0023_frame001450_tag1_bead4.jpg,3,80
data\bead_crops\from_video_dedup\C0023_frame001375_tag2_bead4.jpg,4,270
data\bead_crops\from_video_dedup\C0023_frame001575_tag1_bead0.jpg,5,210
data\bead_crops\from_video_dedup\C0023_frame001400_tag0_bead1.jpg,6,290
data\bead_crops\from_video_dedup\C0023_frame001400_tag1_bead3.jpg,,
data\bead_crops\from_video_dedup\C0023_frame001450_tag4_bead1.jpg,7,210
data\bead_crops\from_video_dedup\C0023_frame001425_tag4_bead1.jpg,6,70
data\bead_crops\from_video_dedup\C0023_frame001575_tag0_bead2.jpg,3,80
data\bead_crops\from_video_dedup\C0023_frame001450_tag1_bead0.jpg,3,70
data\bead_crops\from_video_dedup\C0023_frame001575_tag0_bead1.jpg,6,70
data\bead_crops\from_video_dedup\C0023_frame001500_tag0_bead2.jpg,6,270
data\bead_crops\from_video_dedup\C0023_frame001575_tag1_bead3.jpg,7,210
data\bead_crops\from_video_dedup\C0023_frame001475_tag2_bead3.jpg,,
data\bead_crops\from_video_dedup\C0023_frame001575_tag1_bead1.jpg,7,210
data\bead_crops\from_video_dedup\C0023_frame001575_tag1_bead2.jpg,6,210
data\bead_crops\from_video_dedup\C0023_frame001750_tag0_bead0.jpg,2,290
data\bead_crops\from_video_dedup\C0023_frame001500_tag0_bead1.jpg,8,270
data\bead_crops\from_video_dedup\C0023_frame001525_tag2_bead0.jpg,3,320
data\bead_crops\from_video_dedup\C0023_frame001575_tag1_bead4.jpg,1,210
data\bead_crops\from_video_dedup\C0023_frame001850_tag2_bead4.jpg,3,80
data\bead_crops\from_video_dedup\C0023_frame001525_tag1_bead4.jpg,4,270
data\bead_crops\from_video_dedup\C0023_frame001550_tag0_bead2.jpg,3,80
data\bead_crops\from_video_dedup\C0023_frame001550_tag3_bead0.jpg,3,320
data\bead_crops\from_video_dedup\C0023_frame001550_tag4_bead4.jpg,,
data\bead_crops\from_video_dedup\C0023_frame001575_tag0_bead0.jpg,3,70
data\bead_crops\from_video_dedup\C0023_frame001575_tag2_bead3.jpg,,
data\bead_crops\from_video_dedup\C0023_frame001575_tag3_bead0.jpg,1,270
data\bead_crops\from_video_dedup\C0023_frame001575_tag3_bead1.jpg,8,270
data\bead_crops\from_video_dedup\C0023_frame001575_tag3_bead2.jpg,6,270
data\bead_crops\from_video_dedup\C0023_frame001575_tag3_bead3.jpg,4,270
data\bead_crops\from_video_dedup\C0023_frame001600_tag0_bead4.jpg,,
data\bead_crops\from_video_dedup\C0023_frame001600_tag2_bead0.jpg,5,210
data\bead_crops\from_video_dedup\C0023_frame001600_tag2_bead1.jpg,7,220
data\bead_crops\from_video_dedup\C0023_frame001725_tag2_bead1.jpg,8,260
data\bead_crops\from_video_dedup\C0023_frame001725_tag2_bead2.jpg,6,260
data\bead_crops\from_video_dedup\C0023_frame001750_tag3_bead2.jpg,0,260
data\bead_crops\from_video_dedup\C0023_frame001775_tag2_bead2.jpg,4,260
data\bead_crops\from_video_dedup\C0023_frame001650_tag2_bead3.jpg,,
data\bead_crops\from_video_dedup\C0023_frame001725_tag4_bead2.jpg,4,300
data\bead_crops\from_video_dedup\C0023_frame001750_tag4_bead4.jpg,0,310
data\bead_crops\from_video_dedup\C0023_frame001650_tag0_bead4.jpg,,
data\bead_crops\from_video_dedup\C0023_frame001625_tag3_bead1.jpg,7,210
data\bead_crops\from_video_dedup\C0023_frame001775_tag2_bead0.jpg,1,270
data\bead_crops\from_video_dedup\C0023_frame001675_tag2_bead0.jpg,3,70
data\bead_crops\from_video_dedup\C0023_frame001750_tag4_bead1.jpg,2,310
data\bead_crops\from_video_dedup\C0023_frame001775_tag3_bead1.jpg,6,210
data\bead_crops\from_video_dedup\C0023_frame001750_tag0_bead4.jpg,,
data\bead_crops\from_video_dedup\C0023_frame001775_tag2_bead1.jpg,8,270
data\bead_crops\from_video_dedup\C0023_frame001675_tag3_bead1.jpg,1,270
data\bead_crops\from_video_dedup\C0023_frame001725_tag4_bead3.jpg,,
data\bead_crops\from_video_dedup\C0023_frame001750_tag4_bead0.jpg,3,320
data\bead_crops\from_video_dedup\C0023_frame001700_tag1_bead3.jpg,1,340
data\bead_crops\from_video_dedup\C0023_frame001750_tag0_bead1.jpg,6,280
data\bead_crops\from_video_dedup\C0023_frame001700_tag3_bead2.jpg,7,220
data\bead_crops\from_video_dedup\C0023_frame001725_tag0_bead1.jpg,6,70
data\bead_crops\from_video_dedup\C0023_frame001725_tag0_bead2.jpg,3,80
data\bead_crops\from_video_dedup\C0023_frame001800_tag4_bead0.jpg,5,210
data\bead_crops\from_video_dedup\C0023_frame001750_tag2_bead1.jpg,6,220
data\bead_crops\from_video_dedup\C0023_frame001800_tag4_bead2.jpg,7,220
data\bead_crops\from_video_dedup\C0023_frame001750_tag4_bead2.jpg,4,310
data\bead_crops\from_video_dedup\C0023_frame001750_tag4_bead3.jpg,1,340
data\bead_crops\from_video_dedup\C0023_frame001825_tag0_bead2.jpg,6,280
data\bead_crops\from_video_dedup\C0023_frame001825_tag0_bead4.jpg,0,280
data\bead_crops\from_video_dedup\C0023_frame001825_tag0_bead3.jpg,,
data\bead_crops\from_video_dedup\C0023_frame001850_tag2_bead0.jpg,3,70
data\bead_crops\from_video_dedup\C0023_frame001850_tag4_bead2.jpg,7,220
data\bead_crops\from_video_dedup\C0023_frame001925_tag0_bead2.jpg,2,320
data\bead_crops\from_video_dedup\C0023_frame001850_tag3_bead4.jpg,0,320
data\bead_crops\from_video_dedup\C0023_frame001875_tag3_bead0.jpg,3,320
data\bead_crops\from_video_dedup\C0023_frame001850_tag3_bead2.jpg,4,310
data\bead_crops\from_video_dedup\C0023_frame001800_tag1_bead3.jpg,4,80
data\bead_crops\from_video_dedup\C0023_frame001800_tag2_bead0.jpg,2,290
data\bead_crops\from_video_dedup\C0023_frame001850_tag1_bead0.jpg,1,270
data\bead_crops\from_video_dedup\C0023_frame001800_tag4_bead1.jpg,6,220
data\bead_crops\from_video_dedup\C0023_frame001850_tag2_bead2.jpg,3,80
data\bead_crops\from_video_dedup\C0023_frame001825_tag3_bead2.jpg,1,340
data\bead_crops\from_video_dedup\C0023_frame001850_tag1_bead1.jpg,6,260
data\bead_crops\from_video_dedup\C0023_frame001925_tag0_bead1.jpg,1,350
data\bead_crops\from_video_dedup\C0023_frame001850_tag4_bead1.jpg,6,220
data\bead_crops\from_video_dedup\C0023_frame002325_tag2_bead1.jpg,8,260
data\bead_crops\from_video_dedup\C0023_frame001875_tag2_bead1.jpg,1,260
data\bead_crops\from_video_dedup\C0023_frame001925_tag2_bead4.jpg,4,260
data\bead_crops\from_video_dedup\C0023_frame001950_tag0_bead4.jpg,0,250
data\bead_crops\from_video_dedup\C0023_frame001875_tag3_bead3.jpg,4,310
data\bead_crops\from_video_dedup\C0023_frame001950_tag2_bead1.jpg,6,70
data\bead_crops\from_video_dedup\C0023_frame001900_tag1_bead2.jpg,1,350
data\bead_crops\from_video_dedup\C0023_frame002050_tag2_bead0.jpg,1,260
data\bead_crops\from_video_dedup\C0023_frame002050_tag2_bead1.jpg,8,260
data\bead_crops\from_video_dedup\C0023_frame001900_tag2_bead2.jpg,4,260
data\bead_crops\from_video_dedup\C0023_frame001925_tag2_bead2.jpg,6,260
data\bead_crops\from_video_dedup\C0023_frame002050_tag3_bead4.jpg,1,220
data\bead_crops\from_video_dedup\C0023_frame001925_tag0_bead3.jpg,4,300
data\bead_crops\from_video_dedup\C0023_frame001925_tag0_bead4.jpg,0,330
data\bead_crops\from_video_dedup\C0023_frame002250_tag0_bead1.jpg,3,80
data\bead_crops\from_video_dedup\C0023_frame001925_tag2_bead0.jpg,1,260
data\bead_crops\from_video_dedup\C0023_frame002600_tag3_bead2.jpg,0,250
data\bead_crops\from_video_dedup\C0023_frame001950_tag4_bead1.jpg,6,220
data\bead_crops\from_video_dedup\C0023_frame001975_tag2_bead3.jpg,4,310
data\bead_crops\from_video_dedup\C0023_frame001950_tag2_bead0.jpg,3,70
data\bead_crops\from_video_dedup\C0023_frame002250_tag0_bead4.jpg,3,70
data\bead_crops\from_video_dedup\C0023_frame001950_tag4_bead2.jpg,7,220
data\bead_crops\from_video_dedup\C0023_frame001975_tag3_bead1.jpg,6,210
data\bead_crops\from_video_dedup\C0023_frame002025_tag4_bead3.jpg,4,320
data\bead_crops\from_video_dedup\C0023_frame002200_tag3_bead2.jpg,6,290
data\bead_crops\from_video_dedup\C0023_frame002025_tag1_bead1.jpg,3,80
data\bead_crops\from_video_dedup\C0023_frame002025_tag4_bead1.jpg,2,320
data\bead_crops\from_video_dedup\C0023_frame002025_tag4_bead2.jpg,1,350
data\bead_crops\from_video_dedup\C0023_frame002050_tag3_bead0.jpg,5,220
data\bead_crops\from_video_dedup\C0023_frame002050_tag4_bead2.jpg,4,330
data\bead_crops\from_video_dedup\C0023_frame002100_tag2_bead4.jpg,0,330
data\bead_crops\from_video_dedup\C0023_frame002300_tag0_bead0.jpg,2,290
data\bead_crops\from_video_dedup\C0023_frame002150_tag2_bead3.jpg,7,220
data\bead_crops\from_video_dedup\C0023_frame002100_tag2_bead1.jpg,3,330
data\bead_crops\from_video_dedup\C0023_frame002100_tag2_bead2.jpg,4,320
data\bead_crops\from_video_dedup\C0023_frame002350_tag1_bead3.jpg,0,280
data\bead_crops\from_video_dedup\C0023_frame002275_tag2_bead1.jpg,2,320
data\bead_crops\from_video_dedup\C0023_frame002125_tag2_bead2.jpg,1,350
data\bead_crops\from_video_dedup\C0023_frame002200_tag1_bead4.jpg,0,330
data\bead_crops\from_video_dedup\C0023_frame002125_tag3_bead0.jpg,5,210
data\bead_crops\from_video_dedup\C0023_frame002125_tag3_bead1.jpg,6,210
data\bead_crops\from_video_dedup\C0023_frame002225_tag2_bead0.jpg,7,220
data\bead_crops\from_video_dedup\C0023_frame002225_tag2_bead3.jpg,7,220
data\bead_crops\from_video_dedup\C0023_frame002350_tag1_bead2.jpg,6,280
data\bead_crops\from_video_dedup\C0023_frame002225_tag1_bead4.jpg,0,280
data\bead_crops\from_video_dedup\C0023_frame002150_tag3_bead3.jpg,,
data\bead_crops\from_video_dedup\C0023_frame002275_tag4_bead0.jpg,1,260
data\bead_crops\from_video_dedup\C0023_frame002175_tag2_bead2.jpg,1,350
data\bead_crops\from_video_dedup\C0023_frame002175_tag2_bead3.jpg,,
data\bead_crops\from_video_dedup\C0023_frame002200_tag0_bead2.jpg,3,80
data\bead_crops\from_video_dedup\C0023_frame002200_tag0_bead3.jpg,4,70
data\bead_crops\from_video_dedup\C0023_frame002350_tag1_bead1.jpg,6,280
data\bead_crops\from_video_dedup\C0023_frame002225_tag2_bead1.jpg,5,220
data\bead_crops\from_video_dedup\C0023_frame002275_tag2_bead3.jpg,,
data\bead_crops\from_video_dedup\C0023_frame002275_tag2_bead2.jpg,1,350
data\bead_crops\from_video_dedup\C0023_frame002275_tag2_bead4.jpg,0,340
data\bead_crops\from_video_dedup\C0023_frame002275_tag3_bead0.jpg,5,220
data\bead_crops\from_video_dedup\C0023_frame002350_tag4_bead1.jpg,6,220
data\bead_crops\from_video_dedup\C0023_frame002275_tag3_bead4.jpg,1,220
data\bead_crops\from_video_dedup\C0023_frame002300_tag1_bead1.jpg,2,320
data\bead_crops\from_video_dedup\C0023_frame002300_tag1_bead3.jpg,,
data\bead_crops\from_video_dedup\C0023_frame002300_tag2_bead1.jpg,6,220
data\bead_crops\from_video_dedup\C0023_frame002400_tag2_bead4.jpg,0,270
data\bead_crops\from_video_dedup\C0023_frame002325_tag1_bead1.jpg,2,320
data\bead_crops\from_video_dedup\C0023_frame002325_tag1_bead3.jpg,,
data\bead_crops\from_video_dedup\C0023_frame002975_tag2_bead4.jpg,4,260
data\bead_crops\from_video_dedup\C0023_frame002325_tag3_bead1.jpg,6,220
data\bead_crops\from_video_dedup\C0023_frame002325_tag3_bead2.jpg,7,220
data\bead_crops\from_video_dedup\C0023_frame002325_tag3_bead4.jpg,1,220
data\bead_crops\from_video_dedup\C0023_frame002350_tag0_bead1.jpg,4,70
data\bead_crops\from_video_dedup\C0023_frame002350_tag0_bead3.jpg,3,80
data\bead_crops\from_video_dedup\C0023_frame002350_tag3_bead3.jpg,,
data\bead_crops\from_video_dedup\C0023_frame002450_tag0_bead4.jpg,0,330
data\bead_crops\from_video_dedup\C0023_frame002375_tag3_bead0.jpg,3,330
data\bead_crops\from_video_dedup\C0023_frame002375_tag3_bead1.jpg,2,320
data\bead_crops\from_video_dedup\C0023_frame002375_tag3_bead3.jpg,,
data\bead_crops\from_video_dedup\C0023_frame002375_tag4_bead0.jpg,5,220
data\bead_crops\from_video_dedup\C0023_frame002375_tag4_bead2.jpg,7,230
data\bead_crops\from_video_dedup\C0023_frame002400_tag1_bead0.jpg,1,260
data\bead_crops\from_video_dedup\C0023_frame002450_tag4_bead0.jpg,6,220
data\bead_crops\from_video_dedup\C0023_frame002400_tag3_bead3.jpg,7,220
data\bead_crops\from_video_dedup\C0023_frame002400_tag3_bead4.jpg,1,220
data\bead_crops\from_video_dedup\C0023_frame002425_tag3_bead3.jpg,,
data\bead_crops\from_video_dedup\C0023_frame002425_tag1_bead4.jpg,0,270
data\bead_crops\from_video_dedup\C0023_frame002425_tag3_bead2.jpg,1,350
data\bead_crops\from_video_dedup\C0023_frame002450_tag0_bead1.jpg,2,320
data\bead_crops\from_video_dedup\C0023_frame002450_tag0_bead2.jpg,1,350
data\bead_crops\from_video_dedup\C0023_frame002450_tag0_bead3.jpg,,
data\bead_crops\from_video_dedup\C0023_frame002925_tag4_bead2.jpg,6,260
data\bead_crops\from_video_dedup\C0023_frame002950_tag2_bead2.jpg,0,250
data\bead_crops\from_video_dedup\C0023_frame002700_tag1_bead2.jpg,0,270
data\bead_crops\from_video_dedup\C0023_frame002525_tag0_bead4.jpg,0,330
data\bead_crops\from_video_dedup\C0023_frame002475_tag4_bead0.jpg,7,230
data\bead_crops\from_video_dedup\C0023_frame002475_tag4_bead2.jpg,6,220
data\bead_crops\from_video_dedup\C0023_frame002500_tag0_bead1.jpg,2,320
data\bead_crops\from_video_dedup\C0023_frame002525_tag0_bead3.jpg,,
data\bead_crops\from_video_dedup\C0023_frame002500_tag1_bead3.jpg,3,80
data\bead_crops\from_video_dedup\C0023_frame002650_tag3_bead0.jpg,2,280
data\bead_crops\from_video_dedup\C0023_frame003000_tag4_bead2.jpg,5,240
data\bead_crops\from_video_dedup\C0023_frame002500_tag3_bead1.jpg,6,220
data\bead_crops\from_video_dedup\C0023_frame002500_tag3_bead2.jpg,7,230
data\bead_crops\from_video_dedup\C0023_frame003150_tag3_bead3.jpg,7,230
data\bead_crops\from_video_dedup\C0023_frame002550_tag0_bead2.jpg,1,350
data\bead_crops\from_video_dedup\C0023_frame002525_tag1_bead0.jpg,3,80
data\bead_crops\from_video_dedup\C0023_frame002625_tag0_bead0.jpg,3,60
data\bead_crops\from_video_dedup\C0023_frame002575_tag3_bead0.jpg,7,230
data\bead_crops\from_video_dedup\C0023_frame002575_tag3_bead2.jpg,6,230
data\bead_crops\from_video_dedup\C0023_frame002550_tag0_bead3.jpg,,
data\bead_crops\from_video_dedup\C0023_frame002550_tag2_bead2.jpg,6,220
data\bead_crops\from_video_dedup\C0023_frame002650_tag4_bead4.jpg,3,80
data\bead_crops\from_video_dedup\C0023_frame002650_tag0_bead1.jpg,3,330
data\bead_crops\from_video_dedup\C0023_frame002575_tag1_bead1.jpg,2,320
data\bead_crops\from_video_dedup\C0023_frame002600_tag1_bead1.jpg,2,310
data\bead_crops\from_video_dedup\C0023_frame002625_tag1_bead3.jpg,0,330
data\bead_crops\from_video_dedup\C0023_frame002625_tag1_bead4.jpg,,
data\bead_crops\from_video_dedup\C0023_frame002700_tag4_bead0.jpg,7,230
data\bead_crops\from_video_dedup\C0023_frame002600_tag2_bead2.jpg,6,230
data\bead_crops\from_video_dedup\C0023_frame002700_tag4_bead4.jpg,1,230
data\bead_crops\from_video_dedup\C0023_frame002625_tag0_bead1.jpg,3,70
data\bead_crops\from_video_dedup\C0023_frame002875_tag3_bead1.jpg,6,60
data\bead_crops\from_video_dedup\C0023_frame002625_tag1_bead1.jpg,2,310
data\bead_crops\from_video_dedup\C0023_frame002650_tag0_bead2.jpg,1,350
data\bead_crops\from_video_dedup\C0023_frame002650_tag0_bead0.jpg,2,310
data\bead_crops\from_video_dedup\C0023_frame002650_tag0_bead3.jpg,0,330
data\bead_crops\from_video_dedup\C0023_frame002650_tag0_bead4.jpg,,
data\bead_crops\from_video_dedup\C0023_frame002700_tag4_bead1.jpg,6,220
data\bead_crops\from_video_dedup\C0023_frame002650_tag3_bead1.jpg,6,270
data\bead_crops\from_video_dedup\C0023_frame002700_tag1_bead3.jpg,6,270
data\bead_crops\from_video_dedup\C0023_frame002700_tag1_bead4.jpg,0,270
data\bead_crops\from_video_dedup\C0023_frame002650_tag4_bead0.jpg,3,60
data\bead_crops\from_video_dedup\C0023_frame002650_tag4_bead3.jpg,4,70
data\bead_crops\from_video_dedup\C0023_frame002675_tag0_bead1.jpg,3,70
data\bead_crops\from_video_dedup\C0023_frame002675_tag1_bead1.jpg,2,320
data\bead_crops\from_video_dedup\C0023_frame002675_tag1_bead2.jpg,1,350
data\bead_crops\from_video_dedup\C0023_frame002675_tag1_bead3.jpg,0,330
data\bead_crops\from_video_dedup\C0023_frame002675_tag1_bead4.jpg,,
data\bead_crops\from_video_dedup\C0023_frame002775_tag4_bead0.jpg,7,230
data\bead_crops\from_video_dedup\C0023_frame002700_tag0_bead0.jpg,3,340
data\bead_crops\from_video_dedup\C0023_frame002700_tag0_bead1.jpg,2,320
data\bead_crops\from_video_dedup\C0023_frame002700_tag0_bead2.jpg,1,350
data\bead_crops\from_video_dedup\C0023_frame002700_tag0_bead3.jpg,0,340
data\bead_crops\from_video_dedup\C0023_frame002800_tag0_bead1.jpg,3,70
data\bead_crops\from_video_dedup\C0023_frame002900_tag4_bead3.jpg,4,60
data\bead_crops\from_video_dedup\C0023_frame002800_tag0_bead3.jpg,3,70
data\bead_crops\from_video_dedup\C0023_frame002725_tag0_bead0.jpg,3,340
data\bead_crops\from_video_dedup\C0023_frame002725_tag0_bead1.jpg,1,0
data\bead_crops\from_video_dedup\C0023_frame002725_tag0_bead2.jpg,,
data\bead_crops\from_video_dedup\C0023_frame002725_tag0_bead3.jpg,0,340
data\bead_crops\from_video_dedup\C0023_frame002725_tag0_bead4.jpg,,
data\bead_crops\from_video_dedup\C0023_frame002725_tag3_bead1.jpg,3,70
data\bead_crops\from_video_dedup\C0023_frame002800_tag2_bead0.jpg,2,280
data\bead_crops\from_video_dedup\C0023_frame002800_tag2_bead4.jpg,0,270
data\bead_crops\from_video_dedup\C0023_frame002800_tag0_bead0.jpg,3,50
data\bead_crops\from_video_dedup\C0023_frame002750_tag2_bead0.jpg,3,350
data\bead_crops\from_video_dedup\C0023_frame002875_tag2_bead0.jpg,1,20
data\bead_crops\from_video_dedup\C0023_frame002750_tag2_bead2.jpg,,
data\bead_crops\from_video_dedup\C0023_frame002750_tag2_bead3.jpg,1,20
data\bead_crops\from_video_dedup\C0023_frame002750_tag2_bead4.jpg,,
data\bead_crops\from_video_dedup\C0023_frame002775_tag0_bead1.jpg,3,70
data\bead_crops\from_video_dedup\C0023_frame002775_tag3_bead1.jpg,3,350
data\bead_crops\from_video_dedup\C0023_frame002775_tag3_bead2.jpg,1,20
data\bead_crops\from_video_dedup\C0023_frame002825_tag4_bead3.jpg,,
data\bead_crops\from_video_dedup\C0023_frame002825_tag3_bead3.jpg,1,240
data\bead_crops\from_video_dedup\C0023_frame002900_tag4_bead2.jpg,6,60
data\bead_crops\from_video_dedup\C0023_frame002875_tag0_bead2.jpg,8,260
data\bead_crops\from_video_dedup\C0023_frame003350_tag1_bead4.jpg,4,250
data\bead_crops\from_video_dedup\C0023_frame002800_tag3_bead0.jpg,3,10
data\bead_crops\from_video_dedup\C0023_frame002800_tag3_bead1.jpg,1,20
data\bead_crops\from_video_dedup\C0023_frame002800_tag3_bead2.jpg,,
data\bead_crops\from_video_dedup\C0023_frame002850_tag2_bead3.jpg,,
data\bead_crops\from_video_dedup\C0023_frame002875_tag4_bead1.jpg,7,230
data\bead_crops\from_video_dedup\C0023_frame002875_tag4_bead0.jpg,6,230
data\bead_crops\from_video_dedup\C0023_frame002825_tag3_bead2.jpg,5,240
data\bead_crops\from_video_dedup\C0023_frame002950_tag2_bead0.jpg,1,260
data\bead_crops\from_video_dedup\C0023_frame002825_tag3_bead0.jpg,7,230
data\bead_crops\from_video_dedup\C0023_frame002925_tag1_bead0.jpg,6,230
data\bead_crops\from_video_dedup\C0023_frame002825_tag4_bead2.jpg,,
data\bead_crops\from_video_dedup\C0023_frame002825_tag4_bead4.jpg,,
data\bead_crops\from_video_dedup\C0023_frame002975_tag3_bead4.jpg,0,270
data\bead_crops\from_video_dedup\C0023_frame002850_tag2_bead0.jpg,3,0
data\bead_crops\from_video_dedup\C0023_frame002850_tag2_bead2.jpg,,
data\bead_crops\from_video_dedup\C0023_frame002850_tag2_bead4.jpg,,
data\bead_crops\from_video_dedup\C0023_frame002900_tag4_bead1.jpg,3,70
data\bead_crops\from_video_dedup\C0023_frame002850_tag3_bead3.jpg,3,70
data\bead_crops\from_video_dedup\C0023_frame002875_tag2_bead1.jpg,3,0
data\bead_crops\from_video_dedup\C0023_frame002875_tag2_bead2.jpg,,
data\bead_crops\from_video_dedup\C0023_frame002875_tag2_bead3.jpg,,
data\bead_crops\from_video_dedup\C0023_frame002875_tag2_bead4.jpg,,
data\bead_crops\from_video_dedup\C0023_frame003000_tag1_bead0.jpg,3,50
data\bead_crops\from_video_dedup\C0023_frame003775_tag3_bead4.jpg,1,240
data\bead_crops\from_video_dedup\C0023_frame003000_tag4_bead3.jpg,7,230
data\bead_crops\from_video_dedup\C0023_frame003050_tag4_bead2.jpg,0,270
data\bead_crops\from_video_dedup\C0023_frame002900_tag1_bead4.jpg,0,260
data\bead_crops\from_video_dedup\C0023_frame002900_tag2_bead1.jpg,1,20
data\bead_crops\from_video_dedup\C0023_frame002900_tag2_bead2.jpg,,
data\bead_crops\from_video_dedup\C0023_frame002900_tag2_bead3.jpg,,
data\bead_crops\from_video_dedup\C0023_frame002900_tag2_bead4.jpg,,
data\bead_crops\from_video_dedup\C0023_frame002900_tag3_bead0.jpg,6,230
data\bead_crops\from_video_dedup\C0023_frame002975_tag4_bead0.jpg,7,240
data\bead_crops\from_video_dedup\C0023_frame002900_tag3_bead2.jpg,5,240
data\bead_crops\from_video_dedup\C0023_frame002900_tag4_bead0.jpg,3,60
data\bead_crops\from_video_dedup\C0023_frame003025_tag1_bead3.jpg,3,60
data\bead_crops\from_video_dedup\C0023_frame002925_tag0_bead2.jpg,,
data\bead_crops\from_video_dedup\C0023_frame002925_tag0_bead3.jpg,,
data\bead_crops\from_video_dedup\C0023_frame002925_tag0_bead4.jpg,,
data\bead_crops\from_video_dedup\C0023_frame003025_tag1_bead2.jpg,6,60
data\bead_crops\from_video_dedup\C0023_frame002975_tag0_bead1.jpg,3,60
data\bead_crops\from_video_dedup\C0023_frame003000_tag1_bead2.jpg,4,60
data\bead_crops\from_video_dedup\C0023_frame002925_tag3_bead0.jpg,2,280
data\bead_crops\from_video_dedup\C0023_frame003050_tag4_bead0.jpg,6,270
data\bead_crops\from_video_dedup\C0023_frame002925_tag4_bead1.jpg,8,260
data\bead_crops\from_video_dedup\C0023_frame002950_tag1_bead0.jpg,3,10
data\bead_crops\from_video_dedup\C0023_frame002950_tag1_bead2.jpg,,
data\bead_crops\from_video_dedup\C0023_frame002950_tag1_bead3.jpg,,
data\bead_crops\from_video_dedup\C0023_frame002950_tag1_bead4.jpg,,
data\bead_crops\from_video_dedup\C0023_frame002975_tag3_bead3.jpg,6,270
data\bead_crops\from_video_dedup\C0023_frame003025_tag1_bead0.jpg,3,50
data\bead_crops\from_video_dedup\C0023_frame002975_tag1_bead1.jpg,1,30
data\bead_crops\from_video_dedup\C0023_frame002975_tag1_bead3.jpg,,
data\bead_crops\from_video_dedup\C0023_frame002975_tag2_bead1.jpg,8,250
data\bead_crops\from_video_dedup\C0023_frame003325_tag0_bead2.jpg,0,250
data\bead_crops\from_video_dedup\C0023_frame002975_tag3_bead0.jpg,6,270
data\bead_crops\from_video_dedup\C0023_frame002975_tag4_bead1.jpg,6,240
data\bead_crops\from_video_dedup\C0023_frame003775_tag2_bead0.jpg,1,260
data\bead_crops\from_video_dedup\C0023_frame003725_tag1_bead3.jpg,8,250
data\bead_crops\from_video_dedup\C0023_frame003725_tag1_bead1.jpg,6,250
data\bead_crops\from_video_dedup\C0023_frame004025_tag2_bead4.jpg,4,250
data\bead_crops\from_video_dedup\C0023_frame003200_tag0_bead3.jpg,3,60
data\bead_crops\from_video_dedup\C0023_frame003000_tag2_bead2.jpg,,
data\bead_crops\from_video_dedup\C0023_frame003000_tag2_bead3.jpg,,
data\bead_crops\from_video_dedup\C0023_frame003050_tag4_bead4.jpg,0,260
data\bead_crops\from_video_dedup\C0023_frame003025_tag1_bead1.jpg,3,60
data\bead_crops\from_video_dedup\C0023_frame003125_tag2_bead0.jpg,,
data\bead_crops\from_video_dedup\C0023_frame003025_tag2_bead2.jpg,,
data\bead_crops\from_video_dedup\C0023_frame003025_tag2_bead3.jpg,,
data\bead_crops\from_video_dedup\C0023_frame003075_tag1_bead0.jpg,3,50
data\bead_crops\from_video_dedup\C0023_frame003075_tag1_bead2.jpg,3,70
data\bead_crops\from_video_dedup\C0023_frame003100_tag1_bead1.jpg,6,60
data\bead_crops\from_video_dedup\C0023_frame003050_tag2_bead3.jpg,,
data\bead_crops\from_video_dedup\C0023_frame003050_tag4_bead1.jpg,2,270
data\bead_crops\from_video_dedup\C0023_frame003075_tag2_bead1.jpg,7,240
data\bead_crops\from_video_dedup\C0023_frame003150_tag2_bead0.jpg,,
data\bead_crops\from_video_dedup\C0023_frame003075_tag3_bead2.jpg,,
data\bead_crops\from_video_dedup\C0023_frame003075_tag3_bead3.jpg,0,40
data\bead_crops\from_video_dedup\C0023_frame003100_tag1_bead3.jpg,4,60
data\bead_crops\from_video_dedup\C0023_frame003150_tag3_bead0.jpg,5,240
data\bead_crops\from_video_dedup\C0023_frame003150_tag3_bead4.jpg,1,240
data\bead_crops\from_video_dedup\C0023_frame003175_tag3_bead4.jpg,0,260
data\bead_crops\from_video_dedup\C0023_frame003125_tag2_bead1.jpg,,
data\bead_crops\from_video_dedup\C0023_frame003125_tag2_bead2.jpg,,
data\bead_crops\from_video_dedup\C0023_frame003450_tag3_bead2.jpg,1,40
data\bead_crops\from_video_dedup\C0023_frame003125_tag4_bead2.jpg,0,90
data\bead_crops\from_video_dedup\C0023_frame003150_tag2_bead1.jpg,,
data\bead_crops\from_video_dedup\C0023_frame003200_tag2_bead1.jpg,,
data\bead_crops\from_video_dedup\C0023_frame003250_tag3_bead1.jpg,2,270
data\bead_crops\from_video_dedup\C0023_frame003250_tag3_bead0.jpg,6,260
data\bead_crops\from_video_dedup\C0023_frame003175_tag0_bead2.jpg,3,60
data\bead_crops\from_video_dedup\C0023_frame003175_tag2_bead0.jpg,,
data\bead_crops\from_video_dedup\C0023_frame003200_tag2_bead2.jpg,0,50
data\bead_crops\from_video_dedup\C0023_frame003275_tag4_bead2.jpg,0,80
data\bead_crops\from_video_dedup\C0023_frame003225_tag2_bead1.jpg,7,240
data\bead_crops\from_video_dedup\C0023_frame003225_tag2_bead0.jpg,6,230
data\bead_crops\from_video_dedup\C0023_frame003200_tag2_bead0.jpg,,
data\bead_crops\from_video_dedup\C0023_frame003250_tag3_bead4.jpg,0,250
data\bead_crops\from_video_dedup\C0023_frame003225_tag1_bead1.jpg,9,50
data\bead_crops\from_video_dedup\C0023_frame003225_tag1_bead2.jpg,,
data\bead_crops\from_video_dedup\C0023_frame003325_tag5_bead3.jpg,1,50
data\bead_crops\from_video_dedup\C0023_frame003250_tag0_bead2.jpg,3,60
data\bead_crops\from_video_dedup\C0023_frame003325_tag1_bead3.jpg,6,250
data\bead_crops\from_video_dedup\C0023_frame003325_tag2_bead3.jpg,4,50
data\bead_crops\from_video_dedup\C0023_frame003325_tag5_bead1.jpg,,
data\bead_crops\from_video_dedup\C0023_frame003325_tag1_bead0.jpg,6,250
data\bead_crops\from_video_dedup\C0023_frame003275_tag4_bead1.jpg,2,260
data\bead_crops\from_video_dedup\C0023_frame003275_tag4_bead4.jpg,0,250
data\bead_crops\from_video_dedup\C0023_frame003300_tag2_bead0.jpg,,
data\bead_crops\from_video_dedup\C0023_frame003300_tag2_bead1.jpg,,
data\bead_crops\from_video_dedup\C0023_frame003300_tag2_bead2.jpg,0,50
data\bead_crops\from_video_dedup\C0023_frame003300_tag3_bead1.jpg,7,230
data\bead_crops\from_video_dedup\C0023_frame003325_tag1_bead2.jpg,0,250
data\bead_crops\from_video_dedup\C0023_frame003325_tag1_bead4.jpg,0,250
data\bead_crops\from_video_dedup\C0023_frame003325_tag1_bead1.jpg,2,260
data\bead_crops\from_video_dedup\C0023_frame003425_tag0_bead0.jpg,3,40
data\bead_crops\from_video_dedup\C0023_frame003325_tag2_bead2.jpg,3,60
data\bead_crops\from_video_dedup\C0023_frame003325_tag5_bead2.jpg,0,50
data\bead_crops\from_video_dedup\C0023_frame003350_tag0_bead1.jpg,2,260
data\bead_crops\from_video_dedup\C0023_frame003350_tag0_bead2.jpg,0,250
data\bead_crops\from_video_dedup\C0023_frame003350_tag0_bead3.jpg,6,250
data\bead_crops\from_video_dedup\C0023_frame003550_tag4_bead0.jpg,7,240
data\bead_crops\from_video_dedup\C0023_frame003375_tag1_bead2.jpg,3,50
data\bead_crops\from_video_dedup\C0023_frame003350_tag4_bead3.jpg,0,50
data\bead_crops\from_video_dedup\C0023_frame003525_tag1_bead3.jpg,3,50
data\bead_crops\from_video_dedup\C0023_frame003450_tag3_bead0.jpg,3,30
data\bead_crops\from_video_dedup\C0023_frame003375_tag2_bead2.jpg,,
data\bead_crops\from_video_dedup\C0023_frame003375_tag2_bead3.jpg,0,50
data\bead_crops\from_video_dedup\C0023_frame003500_tag1_bead0.jpg,3,30
data\bead_crops\from_video_dedup\C0023_frame003400_tag3_bead2.jpg,,
data\bead_crops\from_video_dedup\C0023_frame003400_tag3_bead3.jpg,0,50
data\bead_crops\from_video_dedup\C0023_frame003425_tag4_bead0.jpg,6,250
data\bead_crops\from_video_dedup\C0023_frame003425_tag4_bead3.jpg,6,240
data\bead_crops\from_video_dedup\C0023_frame003425_tag4_bead4.jpg,0,240
data\bead_crops\from_video_dedup\C0023_frame003425_tag0_bead1.jpg,3,60
data\bead_crops\from_video_dedup\C0023_frame003550_tag2_bead3.jpg,4,50
data\bead_crops\from_video_dedup\C0023_frame003575_tag4_bead1.jpg,4,30
data\bead_crops\from_video_dedup\C0023_frame003450_tag3_bead3.jpg,0,40
data\bead_crops\from_video_dedup\C0023_frame003625_tag2_bead0.jpg,6,230
data\bead_crops\from_video_dedup\C0023_frame003425_tag4_bead1.jpg,2,260
data\bead_crops\from_video_dedup\C0023_frame003575_tag3_bead2.jpg,0,240
data\bead_crops\from_video_dedup\C0023_frame003650_tag2_bead1.jpg,4,50
data\bead_crops\from_video_dedup\C0023_frame003450_tag3_bead4.jpg,,
data\bead_crops\from_video_dedup\C0023_frame004025_tag2_bead1.jpg,0,250
data\bead_crops\from_video_dedup\C0023_frame003500_tag1_bead1.jpg,4,30
data\bead_crops\from_video_dedup\C0023_frame003500_tag1_bead2.jpg,1,40
data\bead_crops\from_video_dedup\C0023_frame003475_tag2_bead3.jpg,0,40
data\bead_crops\from_video_dedup\C0023_frame003475_tag2_bead4.jpg,,
data\bead_crops\from_video_dedup\C0023_frame003475_tag4_bead1.jpg,7,240
data\bead_crops\from_video_dedup\C0023_frame003650_tag1_bead1.jpg,8,260
data\bead_crops\from_video_dedup\C0023_frame003500_tag1_bead3.jpg,0,40
data\bead_crops\from_video_dedup\C0023_frame003500_tag1_bead4.jpg,,
data\bead_crops\from_video_dedup\C0023_frame003500_tag3_bead0.jpg,6,250
data\bead_crops\from_video_dedup\C0023_frame003500_tag4_bead0.jpg,6,240
data\bead_crops\from_video_dedup\C0023_frame003525_tag1_bead1.jpg,6,50
data\bead_crops\from_video_dedup\C0023_frame003525_tag2_bead3.jpg,,
data\bead_crops\from_video_dedup\C0023_frame003525_tag2_bead4.jpg,0,40
data\bead_crops\from_video_dedup\C0023_frame003525_tag4_bead3.jpg,1,240
data\bead_crops\from_video_dedup\C0023_frame003725_tag1_bead0.jpg,1,250
data\bead_crops\from_video_dedup\C0023_frame003625_tag2_bead3.jpg,7,240
data\bead_crops\from_video_dedup\C0023_frame003575_tag1_bead1.jpg,3,50
data\bead_crops\from_video_dedup\C0023_frame003575_tag3_bead0.jpg,6,240
data\bead_crops\from_video_dedup\C0023_frame003575_tag4_bead3.jpg,,
data\bead_crops\from_video_dedup\C0023_frame003575_tag4_bead4.jpg,0,50
data\bead_crops\from_video_dedup\C0023_frame003600_tag0_bead1.jpg,7,240
data\bead_crops\from_video_dedup\C0023_frame003625_tag3_bead1.jpg,4,40
data\bead_crops\from_video_dedup\C0023_frame003650_tag4_bead1.jpg,3,50
data\bead_crops\from_video_dedup\C0023_frame003625_tag3_bead3.jpg,,
data\bead_crops\from_video_dedup\C0023_frame003625_tag3_bead4.jpg,0,50
data\bead_crops\from_video_dedup\C0023_frame003650_tag2_bead3.jpg,,
data\bead_crops\from_video_dedup\C0023_frame003650_tag3_bead0.jpg,6,240
data\bead_crops\from_video_dedup\C0023_frame003675_tag4_bead0.jpg,7,240
data\bead_crops\from_video_dedup\C0023_frame003675_tag4_bead2.jpg,5,240
data\bead_crops\from_video_dedup\C0023_frame003800_tag3_bead1.jpg,3,40
data\bead_crops\from_video_dedup\C0023_frame003650_tag4_bead2.jpg,6,40
data\bead_crops\from_video_dedup\C0023_frame003675_tag2_bead3.jpg,3,50
data\bead_crops\from_video_dedup\C0023_frame003650_tag4_bead4.jpg,4,50
data\bead_crops\from_video_dedup\C0023_frame003675_tag1_bead1.jpg,2,250
data\bead_crops\from_video_dedup\C0023_frame003675_tag2_bead0.jpg,6,40
data\bead_crops\from_video_dedup\C0023_frame003800_tag3_bead0.jpg,3,40
data\bead_crops\from_video_dedup\C0023_frame003800_tag3_bead4.jpg,4,40
data\bead_crops\from_video_dedup\C0023_frame003725_tag2_bead1.jpg,3,30
data\bead_crops\from_video_dedup\C0023_frame003750_tag1_bead2.jpg,1,50
data\bead_crops\from_video_dedup\C0023_frame003675_tag3_bead3.jpg,,
data\bead_crops\from_video_dedup\C0023_frame003800_tag3_bead3.jpg,3,40
data\bead_crops\from_video_dedup\C0023_frame003775_tag3_bead1.jpg,7,240
data\bead_crops\from_video_dedup\C0023_frame003850_tag0_bead2.jpg,5,250
data\bead_crops\from_video_dedup\C0023_frame003850_tag0_bead4.jpg,1,240
data\bead_crops\from_video_dedup\C0023_frame003775_tag0_bead0.jpg,4,50
data\bead_crops\from_video_dedup\C0023_frame003700_tag3_bead3.jpg,,
data\bead_crops\from_video_dedup\C0023_frame003775_tag0_bead4.jpg,0,50
data\bead_crops\from_video_dedup\C0023_frame003725_tag0_bead0.jpg,3,40
data\bead_crops\from_video_dedup\C0023_frame003725_tag2_bead3.jpg,,
data\bead_crops\from_video_dedup\C0023_frame003825_tag2_bead3.jpg,7,240
data\bead_crops\from_video_dedup\C0023_frame004150_tag0_bead0.jpg,4,50
data\bead_crops\from_video_dedup\C0023_frame003925_tag1_bead0.jpg,3,40
data\bead_crops\from_video_dedup\C0023_frame003750_tag1_bead3.jpg,,
data\bead_crops\from_video_dedup\C0023_frame003775_tag3_bead0.jpg,6,240
data\bead_crops\from_video_dedup\C0023_frame003750_tag3_bead3.jpg,7,240
data\bead_crops\from_video_dedup\C0023_frame003925_tag1_bead2.jpg,1,50
data\bead_crops\from_video_dedup\C0023_frame003775_tag0_bead3.jpg,,
data\bead_crops\from_video_dedup\C0023_frame004025_tag3_bead2.jpg,0,240
data\bead_crops\from_video_dedup\C0023_frame003875_tag0_bead4.jpg,0,50
data\bead_crops\from_video_dedup\C0023_frame003825_tag1_bead3.jpg,2,50
data\bead_crops\from_video_dedup\C0023_frame003850_tag0_bead1.jpg,7,240
data\bead_crops\from_video_dedup\C0023_frame003825_tag2_bead2.jpg,5,250
data\bead_crops\from_video_dedup\C0023_frame003825_tag3_bead0.jpg,3,40
data\bead_crops\from_video_dedup\C0023_frame003850_tag4_bead2.jpg,6,40
data\bead_crops\from_video_dedup\C0023_frame003925_tag3_bead0.jpg,6,250
data\bead_crops\from_video_dedup\C0023_frame003925_tag3_bead3.jpg,6,250
data\bead_crops\from_video_dedup\C0023_frame003850_tag0_bead0.jpg,6,240
data\bead_crops\from_video_dedup\C0023_frame003950_tag2_bead4.jpg,0,240
data\bead_crops\from_video_dedup\C0023_frame004000_tag2_bead2.jpg,1,50
data\bead_crops\from_video_dedup\C0023_frame003850_tag3_bead3.jpg,2,40
data\bead_crops\from_video_dedup\C0023_frame003925_tag1_bead3.jpg,2,50
data\bead_crops\from_video_dedup\C0023_frame003875_tag1_bead1.jpg,6,40
data\bead_crops\from_video_dedup\C0023_frame003875_tag2_bead0.jpg,1,250
data\bead_crops\from_video_dedup\C0023_frame003925_tag3_bead1.jpg,2,250
data\bead_crops\from_video_dedup\C0023_frame003875_tag3_bead4.jpg,0,240
data\bead_crops\from_video_dedup\C0023_frame003875_tag4_bead1.jpg,7,250
data\bead_crops\from_video_dedup\C0023_frame003900_tag0_bead1.jpg,3,30
data\bead_crops\from_video_dedup\C0023_frame004000_tag4_bead3.jpg,3,40
data\bead_crops\from_video_dedup\C0023_frame003925_tag1_bead1.jpg,4,50
data\bead_crops\from_video_dedup\C0023_frame003925_tag1_bead4.jpg,0,50
data\bead_crops\from_video_dedup\C0023_frame003925_tag0_bead0.jpg,1,260
data\bead_crops\from_video_dedup\C0023_frame003950_tag0_bead0.jpg,,
data\bead_crops\from_video_dedup\C0023_frame003975_tag0_bead3.jpg,2,50
data\bead_crops\from_video_dedup\C0023_frame004000_tag4_bead0.jpg,3,40
data\bead_crops\from_video_dedup\C0023_frame003950_tag3_bead4.jpg,4,40
data\bead_crops\from_video_dedup\C0023_frame003950_tag4_bead2.jpg,5,250
data\bead_crops\from_video_dedup\C0023_frame004025_tag3_bead0.jpg,6,240
data\bead_crops\from_video_dedup\C0023_frame004000_tag3_bead1.jpg,2,250
data\bead_crops\from_video_dedup\C0023_frame004000_tag4_bead2.jpg,3,30
data\bead_crops\from_video_dedup\C0023_frame004000_tag0_bead0.jpg,,
data\bead_crops\from_video_dedup\C0023_frame004000_tag0_bead2.jpg,0,250
data\bead_crops\from_video_dedup\C0023_frame004000_tag0_bead4.jpg,4,250
data\bead_crops\from_video_dedup\C0023_frame004000_tag1_bead0.jpg,6,230
data\bead_crops\from_video_dedup\C0023_frame004125_tag0_bead1.jpg,3,50
data\bead_crops\from_video_dedup\C0023_frame004025_tag4_bead3.jpg,2,60
data\bead_crops\from_video_dedup\C0023_frame004050_tag4_bead0.jpg,6,240
data\bead_crops\from_video_dedup\C0023_frame004150_tag1_bead3.jpg,0,240
data\bead_crops\from_video_dedup\C0023_frame004000_tag4_bead4.jpg,4,40
data\bead_crops\from_video_dedup\C0023_frame004025_tag0_bead0.jpg,3,30
data\bead_crops\from_video_dedup\C0023_frame004025_tag0_bead3.jpg,4,30
data\bead_crops\from_video_dedup\C0023_frame004025_tag1_bead0.jpg,7,240
data\bead_crops\from_video_dedup\C0023_frame004025_tag2_bead0.jpg,,
data\bead_crops\from_video_dedup\C0023_frame004025_tag2_bead3.jpg,8,250
data\bead_crops\from_video_dedup\C0023_frame004050_tag4_bead1.jpg,2,250
data\bead_crops\from_video_dedup\C0023_frame004200_tag0_bead4.jpg,0,240
data\bead_crops\from_video_dedup\C0023_frame004050_tag1_bead2.jpg,3,20
data\bead_crops\from_video_dedup\C0023_frame004075_tag0_bead3.jpg,3,40
data\bead_crops\from_video_dedup\C0023_frame004050_tag2_bead2.jpg,5,250
data\bead_crops\from_video_dedup\C0023_frame004125_tag0_bead0.jpg,1,230
data\bead_crops\from_video_dedup\C0023_frame004200_tag3_bead2.jpg,0,240
data\bead_crops\from_video_dedup\C0023_frame004150_tag1_bead4.jpg,6,240
data\bead_crops\from_video_dedup\C0023_frame004075_tag0_bead2.jpg,3,20
data\bead_crops\from_video_dedup\C0023_frame004075_tag2_bead0.jpg,,
data\bead_crops\from_video_dedup\C0023_frame004075_tag2_bead3.jpg,8,250
data\bead_crops\from_video_dedup\C0023_frame004150_tag0_bead3.jpg,2,50
data\bead_crops\from_video_dedup\C0023_frame004100_tag0_bead0.jpg,,
data\bead_crops\from_video_dedup\C0023_frame004100_tag0_bead1.jpg,8,250
data\bead_crops\from_video_dedup\C0023_frame004125_tag1_bead2.jpg,3,30
data\bead_crops\from_video_dedup\C0023_frame004200_tag3_bead1.jpg,2,250
data\bead_crops\from_video_dedup\C0023_frame004125_tag1_bead0.jpg,3,30
data\bead_crops\from_video_dedup\C0023_frame004150_tag3_bead2.jpg,3,10
data\bead_crops\from_video_dedup\C0023_frame004125_tag1_bead4.jpg,4,30
data\bead_crops\from_video_dedup\C0023_frame004125_tag2_bead0.jpg,,
data\bead_crops\from_video_dedup\C0023_frame004200_tag3_bead0.jpg,6,240
data\bead_crops\from_video_dedup\C0023_frame004125_tag4_bead3.jpg,7,240
data\bead_crops\from_video_dedup\C0023_frame004150_tag0_bead2.jpg,3,50
data\bead_crops\from_video_dedup\C0023_frame004150_tag0_bead4.jpg,0,60
data\bead_crops\from_video_dedup\C0023_frame004175_tag1_bead0.jpg,0,240
data\bead_crops\from_video_dedup\C0023_frame004150_tag4_bead2.jpg,,
data\bead_crops\from_video_dedup\C0023_frame004150_tag4_bead3.jpg,4,250
data\bead_crops\from_video_dedup\C0023_frame004175_tag0_bead3.jpg,2,60
data\bead_crops\from_video_dedup\C0023_frame004175_tag1_bead2.jpg,,
data\bead_crops\from_video_dedup\C0023_frame004175_tag1_bead3.jpg,4,250
data\bead_crops\from_video_dedup\C0023_frame004175_tag1_bead4.jpg,8,250
data\bead_crops\from_video_dedup\C0023_frame004175_tag3_bead0.jpg,3,30
data\bead_crops\from_video_dedup\C0023_frame004175_tag4_bead1.jpg,7,240
data\bead_crops\from_video_dedup\C0023_frame004200_tag0_bead0.jpg,1,60
data\bead_crops\from_video_dedup\C0023_frame004200_tag1_bead1.jpg,6,250
data\bead_crops\from_video_dedup\C0023_frame004200_tag1_bead2.jpg,8,250
data\bead_crops\from_video_dedup\C0023_frame004200_tag1_bead3.jpg,4,250
data\bead_crops\from_video_dedup\C0023_frame004200_tag1_bead4.jpg,,
data\bead_crops\from_video_dedup\C0023_frame004225_tag2_bead4.jpg,4,20
data\bead_crops\from_video_dedup\C0023_frame004225_tag1_bead1.jpg,3,60
data\bead_crops\from_video_dedup\C0023_frame004225_tag1_bead3.jpg,2,60
data\bead_crops\from_video_dedup\C0023_frame004225_tag2_bead0.jpg,3,20
data\bead_crops\from_video_dedup\C0023_frame004225_tag2_bead1.jpg,3,20
data\bead_crops\from_video_dedup\C0023_frame004275_tag1_bead1.jpg,3,0
data\bead_crops\from_video_dedup\C0023_frame004225_tag4_bead2.jpg,,
data\bead_crops\from_video_dedup\C0023_frame004225_tag4_bead3.jpg,4,250
data\bead_crops\from_video_dedup\C0023_frame004225_tag4_bead4.jpg,8,250
data\bead_crops\from_video_dedup\C0023_frame004250_tag1_bead4.jpg,0,60
data\bead_crops\from_video_dedup\C0023_frame004250_tag3_bead2.jpg,4,250
data\bead_crops\from_video_dedup\C0023_frame004250_tag3_bead3.jpg,8,250
data\bead_crops\from_video_dedup\C0023_frame004250_tag3_bead4.jpg,,
data\bead_crops\from_video_dedup\C0023_frame004250_tag4_bead1.jpg,7,240
data\bead_crops\from_video_dedup\C0023_frame004375_tag0_bead0.jpg,1,60
data\bead_crops\from_video_dedup\C0023_frame004275_tag1_bead0.jpg,3,20
data\bead_crops\from_video_dedup\C0023_frame004300_tag1_bead1.jpg,3,10
data\bead_crops\from_video_dedup\C0023_frame004275_tag3_bead1.jpg,2,240
data\bead_crops\from_video_dedup\C0023_frame004275_tag4_bead0.jpg,0,240
data\bead_crops\from_video_dedup\C0023_frame004275_tag4_bead1.jpg,8,250
data\bead_crops\from_video_dedup\C0023_frame004275_tag4_bead3.jpg,4,250
data\bead_crops\from_video_dedup\C0023_frame004275_tag4_bead4.jpg,,
data\bead_crops\from_video_dedup\C0023_frame004325_tag2_bead3.jpg,2,60
data\bead_crops\from_video_dedup\C0023_frame004300_tag1_bead0.jpg,3,10
data\bead_crops\from_video_dedup\C0023_frame004325_tag0_bead1.jpg,6,0
data\bead_crops\from_video_dedup\C0023_frame004350_tag1_bead0.jpg,6,230
data\bead_crops\from_video_dedup\C0023_frame004475_tag3_bead3.jpg,0,240
data\bead_crops\from_video_dedup\C0023_frame004500_tag3_bead4.jpg,6,240
data\bead_crops\from_video_dedup\C0023_frame004300_tag3_bead2.jpg,4,250
data\bead_crops\from_video_dedup\C0023_frame004300_tag3_bead3.jpg,8,250
data\bead_crops\from_video_dedup\C0023_frame004550_tag1_bead4.jpg,1,240
data\bead_crops\from_video_dedup\C0023_frame004325_tag0_bead2.jpg,3,0
data\bead_crops\from_video_dedup\C0023_frame004425_tag5_bead0.jpg,5,0
data\bead_crops\from_video_dedup\C0023_frame004475_tag3_bead1.jpg,2,240
data\bead_crops\from_video_dedup\C0023_frame004325_tag4_bead0.jpg,4,250
data\bead_crops\from_video_dedup\C0023_frame004350_tag2_bead0.jpg,6,250
data\bead_crops\from_video_dedup\C0023_frame004350_tag2_bead1.jpg,0,240
data\bead_crops\from_video_dedup\C0023_frame004350_tag2_bead2.jpg,8,250
data\bead_crops\from_video_dedup\C0023_frame004350_tag2_bead3.jpg,,
data\bead_crops\from_video_dedup\C0023_frame004375_tag1_bead1.jpg,3,10
data\bead_crops\from_video_dedup\C0023_frame004375_tag1_bead2.jpg,6,0
data\bead_crops\from_video_dedup\C0023_frame004350_tag4_bead1.jpg,7,240
data\bead_crops\from_video_dedup\C0023_frame004525_tag0_bead0.jpg,3,10
data\bead_crops\from_video_dedup\C0023_frame004375_tag4_bead0.jpg,0,240
data\bead_crops\from_video_dedup\C0023_frame004375_tag4_bead1.jpg,6,250
data\bead_crops\from_video_dedup\C0023_frame004375_tag4_bead2.jpg,8,250
data\bead_crops\from_video_dedup\C0023_frame004375_tag4_bead3.jpg,,
data\bead_crops\from_video_dedup\C0023_frame004450_tag0_bead3.jpg,2,70
data\bead_crops\from_video_dedup\C0023_frame004400_tag2_bead1.jpg,7,240
data\bead_crops\from_video_dedup\C0023_frame004525_tag1_bead4.jpg,0,70
data\bead_crops\from_video_dedup\C0023_frame004650_tag0_bead3.jpg,4,60
data\bead_crops\from_video_dedup\C0023_frame004625_tag0_bead0.jpg,1,250
data\bead_crops\from_video_dedup\C0023_frame004450_tag2_bead0.jpg,6,230
data\bead_crops\from_video_dedup\C0023_frame004450_tag3_bead0.jpg,8,250
data\bead_crops\from_video_dedup\C0023_frame004450_tag3_bead1.jpg,,
data\bead_crops\from_video_dedup\C0023_frame004450_tag3_bead2.jpg,,
data\bead_crops\from_video_dedup\C0023_frame004475_tag2_bead3.jpg,7,240
data\bead_crops\from_video_dedup\C0023_frame004475_tag3_bead2.jpg,0,230
data\bead_crops\from_video_dedup\C0023_frame004500_tag4_bead0.jpg,6,240
data\bead_crops\from_video_dedup\C0023_frame004500_tag4_bead1.jpg,0,240
data\bead_crops\from_video_dedup\C0023_frame004525_tag1_bead1.jpg,2,60
data\bead_crops\from_video_dedup\C0023_frame004550_tag0_bead0.jpg,3,60
data\bead_crops\from_video_dedup\C0023_frame004550_tag1_bead3.jpg,7,240
data\bead_crops\from_video_dedup\C0023_frame004525_tag4_bead0.jpg,0,240
data\bead_crops\from_video_dedup\C0023_frame004525_tag4_bead1.jpg,6,240
data\bead_crops\from_video_dedup\C0023_frame004550_tag2_bead2.jpg,0,230
data\bead_crops\from_video_dedup\C0023_frame004575_tag3_bead4.jpg,6,230
data\bead_crops\from_video_dedup\C0023_frame004550_tag4_bead0.jpg,3,10
data\bead_crops\from_video_dedup\C0023_frame004575_tag1_bead3.jpg,6,0
data\bead_crops\from_video_dedup\C0023_frame004575_tag1_bead0.jpg,3,10
data\bead_crops\from_video_dedup\C0023_frame004575_tag1_bead2.jpg,3,10
data\bead_crops\from_video_dedup\C0023_frame004575_tag2_bead1.jpg,5,240
data\bead_crops\from_video_dedup\C0023_frame004575_tag3_bead1.jpg,2,240
data\bead_crops\from_video_dedup\C0023_frame004825_tag1_bead4.jpg,0,70
data\bead_crops\from_video_dedup\C0023_frame004600_tag2_bead0.jpg,6,230
data\bead_crops\from_video_dedup\C0023_frame004600_tag2_bead3.jpg,0,50
data\bead_crops\from_video_dedup\C0023_frame004750_tag3_bead1.jpg,7,230
data\bead_crops\from_video_dedup\C0023_frame004750_tag3_bead2.jpg,5,230
data\bead_crops\from_video_dedup\C0023_frame004600_tag4_bead0.jpg,6,240
data\bead_crops\from_video_dedup\C0023_frame004625_tag1_bead0.jpg,3,0
data\bead_crops\from_video_dedup\C0023_frame004775_tag0_bead1.jpg,3,0
data\bead_crops\from_video_dedup\C0023_frame004625_tag1_bead2.jpg,3,0
data\bead_crops\from_video_dedup\C0023_frame004625_tag2_bead0.jpg,6,220
data\bead_crops\from_video_dedup\C0023_frame004625_tag2_bead1.jpg,0,220
data\bead_crops\from_video_dedup\C0023_frame004625_tag2_bead2.jpg,2,230
data\bead_crops\from_video_dedup\C0023_frame004625_tag2_bead3.jpg,0,230
data\bead_crops\from_video_dedup\C0023_frame004625_tag2_bead4.jpg,6,230
data\bead_crops\from_video_dedup\C0023_frame004625_tag3_bead1.jpg,7,240
data\bead_crops\from_video_dedup\C0023_frame004675_tag4_bead0.jpg,6,250
data\bead_crops\from_video_dedup\C0023_frame004650_tag0_bead1.jpg,2,70
data\bead_crops\from_video_dedup\C0023_frame004650_tag0_bead2.jpg,3,60
data\bead_crops\from_video_dedup\C0023_frame004750_tag1_bead1.jpg,3,0
data\bead_crops\from_video_dedup\C0023_frame004650_tag2_bead0.jpg,2,220
data\bead_crops\from_video_dedup\C0023_frame004650_tag2_bead1.jpg,6,220
data\bead_crops\from_video_dedup\C0023_frame004650_tag2_bead2.jpg,0,220
data\bead_crops\from_video_dedup\C0023_frame004650_tag2_bead3.jpg,0,220
data\bead_crops\from_video_dedup\C0023_frame004650_tag2_bead4.jpg,6,220
data\bead_crops\from_video_dedup\C0023_frame004650_tag4_bead1.jpg,,
data\bead_crops\from_video_dedup\C0023_frame004650_tag4_bead2.jpg,,
data\bead_crops\from_video_dedup\C0023_frame004700_tag1_bead0.jpg,2,210
data\bead_crops\from_video_dedup\C0023_frame004675_tag1_bead1.jpg,6,210
data\bead_crops\from_video_dedup\C0023_frame004700_tag1_bead2.jpg,0,200
data\bead_crops\from_video_dedup\C0023_frame004700_tag1_bead3.jpg,0,210
data\bead_crops\from_video_dedup\C0023_frame004700_tag1_bead4.jpg,6,210
data\bead_crops\from_video_dedup\C0023_frame004675_tag2_bead0.jpg,3,0
data\bead_crops\from_video_dedup\C0023_frame004675_tag4_bead1.jpg,,
data\bead_crops\from_video_dedup\C0023_frame004675_tag4_bead2.jpg,,
data\bead_crops\from_video_dedup\C0023_frame004825_tag1_bead0.jpg,1,70
data\bead_crops\from_video_dedup\C0023_frame004775_tag0_bead0.jpg,3,10
data\bead_crops\from_video_dedup\C0023_frame004750_tag2_bead0.jpg,0,200
data\bead_crops\from_video_dedup\C0023_frame004800_tag2_bead3.jpg,0,200
data\bead_crops\from_video_dedup\C0023_frame004725_tag4_bead1.jpg,,
data\bead_crops\from_video_dedup\C0023_frame004725_tag4_bead2.jpg,,
data\bead_crops\from_video_dedup\C0023_frame004750_tag3_bead0.jpg,6,230
data\bead_crops\from_video_dedup\C0023_frame004750_tag4_bead1.jpg,,
data\bead_crops\from_video_dedup\C0023_frame004750_tag4_bead2.jpg,,
data\bead_crops\from_video_dedup\C0023_frame004775_tag1_bead1.jpg,7,240
data\bead_crops\from_video_dedup\C0023_frame004775_tag2_bead1.jpg,2,200
data\bead_crops\from_video_dedup\C0023_frame005200_tag1_bead0.jpg,1,240
data\bead_crops\from_video_dedup\C0023_frame004775_tag3_bead1.jpg,3,60
data\bead_crops\from_video_dedup\C0023_frame004800_tag1_bead1.jpg,3,0
data\bead_crops\from_video_dedup\C0023_frame004825_tag0_bead1.jpg,3,10
data\bead_crops\from_video_dedup\C0023_frame004850_tag3_bead0.jpg,5,240
data\bead_crops\from_video_dedup\C0023_frame004850_tag2_bead1.jpg,3,60
data\bead_crops\from_video_dedup\C0023_frame004850_tag3_bead3.jpg,7,240
data\bead_crops\from_video_dedup\C0023_frame004850_tag4_bead0.jpg,6,250
data\bead_crops\from_video_dedup\C0023_frame004875_tag0_bead0.jpg,3,10
data\bead_crops\from_video_dedup\C0023_frame004900_tag0_bead2.jpg,3,10
data\bead_crops\from_video_dedup\C0023_frame004875_tag1_bead0.jpg,6,230
data\bead_crops\from_video_dedup\C0023_frame004900_tag3_bead1.jpg,3,60
data\bead_crops\from_video_dedup\C0023_frame004900_tag2_bead1.jpg,7,240
data\bead_crops\from_video_dedup\C0023_frame004950_tag2_bead0.jpg,0,190
data\bead_crops\from_video_dedup\C0023_frame004925_tag1_bead0.jpg,3,20
data\bead_crops\from_video_dedup\C0023_frame004950_tag1_bead0.jpg,3,70
data\bead_crops\from_video_dedup\C0023_frame004975_tag3_bead2.jpg,7,240
data\bead_crops\from_video_dedup\C0023_frame004975_tag0_bead4.jpg,4,20
data\bead_crops\from_video_dedup\C0023_frame005000_tag1_bead0.jpg,3,20
data\bead_crops\from_video_dedup\C0023_frame004975_tag0_bead1.jpg,3,10
data\bead_crops\from_video_dedup\C0023_frame005000_tag1_bead2.jpg,6,10
data\bead_crops\from_video_dedup\C0023_frame005000_tag1_bead3.jpg,3,20
data\bead_crops\from_video_dedup\C0023_frame005075_tag1_bead4.jpg,6,190
data\bead_crops\from_video_dedup\C0023_frame004975_tag3_bead1.jpg,5,260
data\bead_crops\from_video_dedup\C0023_frame004975_tag4_bead0.jpg,6,240
data\bead_crops\from_video_dedup\C0023_frame004975_tag4_bead1.jpg,,
data\bead_crops\from_video_dedup\C0023_frame004975_tag4_bead2.jpg,,
data\bead_crops\from_video_dedup\C0023_frame005075_tag1_bead0.jpg,2,200
data\bead_crops\from_video_dedup\C0023_frame005000_tag1_bead1.jpg,3,10
data\bead_crops\from_video_dedup\C0023_frame005000_tag1_bead4.jpg,4,20
data\bead_crops\from_video_dedup\C0023_frame005025_tag0_bead2.jpg,2,70
data\bead_crops\from_video_dedup\C0023_frame005000_tag3_bead1.jpg,,
data\bead_crops\from_video_dedup\C0023_frame005000_tag5_bead1.jpg,,
data\bead_crops\from_video_dedup\C0023_frame005200_tag1_bead4.jpg,0,60
data\bead_crops\from_video_dedup\C0023_frame005150_tag2_bead4.jpg,1,240
data\bead_crops\from_video_dedup\C0023_frame005025_tag4_bead1.jpg,,
data\bead_crops\from_video_dedup\C0023_frame005050_tag0_bead3.jpg,0,200
data\bead_crops\from_video_dedup\C0023_frame005200_tag1_bead2.jpg,3,60
data\bead_crops\from_video_dedup\C0023_frame005200_tag1_bead1.jpg,2,60
data\bead_crops\from_video_dedup\C0023_frame005075_tag2_bead2.jpg,3,30
data\bead_crops\from_video_dedup\C0023_frame005225_tag3_bead0.jpg,6,230
data\bead_crops\from_video_dedup\C0023_frame005050_tag3_bead2.jpg,,
data\bead_crops\from_video_dedup\C0023_frame005050_tag4_bead0.jpg,6,250
data\bead_crops\from_video_dedup\C0023_frame005050_tag4_bead1.jpg,,
data\bead_crops\from_video_dedup\C0023_frame005225_tag0_bead1.jpg,3,60
data\bead_crops\from_video_dedup\C0023_frame005075_tag2_bead0.jpg,3,20
data\bead_crops\from_video_dedup\C0023_frame005150_tag1_bead2.jpg,3,20
data\bead_crops\from_video_dedup\C0023_frame005100_tag2_bead2.jpg,,
data\bead_crops\from_video_dedup\C0023_frame005125_tag2_bead2.jpg,3,30
data\bead_crops\from_video_dedup\C0023_frame005125_tag3_bead2.jpg,,
data\bead_crops\from_video_dedup\C0023_frame005150_tag2_bead0.jpg,,
data\bead_crops\from_video_dedup\C0023_frame005175_tag1_bead4.jpg,4,20
data\bead_crops\from_video_dedup\C0023_frame005175_tag2_bead0.jpg,6,240
data\bead_crops\from_video_dedup\C0023_frame006650_tag4_bead3.jpg,7,250
data\bead_crops\from_video_dedup\C0023_frame005325_tag2_bead0.jpg,0,180
data\bead_crops\from_video_dedup\C0023_frame005225_tag1_bead0.jpg,3,20
data\bead_crops\from_video_dedup\C0023_frame005225_tag3_bead1.jpg,5,250
data\bead_crops\from_video_dedup\C0023_frame005250_tag0_bead0.jpg,1,240
data\bead_crops\from_video_dedup\C0023_frame005250_tag0_bead3.jpg,2,60
data\bead_crops\from_video_dedup\C0023_frame005275_tag1_bead1.jpg,3,30
data\bead_crops\from_video_dedup\C0023_frame005525_tag3_bead3.jpg,0,180
data\bead_crops\from_video_dedup\C0023_frame005625_tag3_bead0.jpg,6,240
data\bead_crops\from_video_dedup\C0023_frame005275_tag3_bead3.jpg,,
data\bead_crops\from_video_dedup\C0023_frame005300_tag0_bead4.jpg,0,60
data\bead_crops\from_video_dedup\C0023_frame005300_tag1_bead0.jpg,3,30
data\bead_crops\from_video_dedup\C0023_frame005325_tag2_bead2.jpg,2,190
data\bead_crops\from_video_dedup\C0023_frame005350_tag0_bead1.jpg,3,50
data\bead_crops\from_video_dedup\C0023_frame005325_tag1_bead4.jpg,4,30
data\bead_crops\from_video_dedup\C0023_frame005325_tag3_bead2.jpg,,
data\bead_crops\from_video_dedup\C0023_frame005350_tag1_bead0.jpg,6,30
data\bead_crops\from_video_dedup\C0023_frame005350_tag1_bead3.jpg,3,30
data\bead_crops\from_video_dedup\C0023_frame005350_tag1_bead4.jpg,4,30
data\bead_crops\from_video_dedup\C0023_frame005600_tag1_bead0.jpg,5,260
data\bead_crops\from_video_dedup\C0023_frame005425_tag4_bead3.jpg,2,60
data\bead_crops\from_video_dedup\C0023_frame005375_tag4_bead1.jpg,3,40
data\bead_crops\from_video_dedup\C0023_frame005375_tag4_bead2.jpg,6,30
data\bead_crops\from_video_dedup\C0023_frame005375_tag4_bead3.jpg,3,40
data\bead_crops\from_video_dedup\C0023_frame005375_tag4_bead4.jpg,4,30
data\bead_crops\from_video_dedup\C0023_frame005450_tag1_bead0.jpg,1,240
data\bead_crops\from_video_dedup\C0023_frame005400_tag1_bead1.jpg,3,60
data\bead_crops\from_video_dedup\C0023_frame005400_tag3_bead0.jpg,3,40
data\bead_crops\from_video_dedup\C0023_frame005400_tag3_bead1.jpg,6,40
data\bead_crops\from_video_dedup\C0023_frame005400_tag3_bead2.jpg,3,50
data\bead_crops\from_video_dedup\C0023_frame005400_tag3_bead3.jpg,4,40
data\bead_crops\from_video_dedup\C0023_frame005400_tag3_bead4.jpg,3,40
data\bead_crops\from_video_dedup\C0023_frame005425_tag1_bead0.jpg,3,50
data\bead_crops\from_video_dedup\C0023_frame005425_tag1_bead1.jpg,6,40
data\bead_crops\from_video_dedup\C0023_frame005425_tag1_bead2.jpg,3,50
data\bead_crops\from_video_dedup\C0023_frame005425_tag1_bead3.jpg,4,50
data\bead_crops\from_video_dedup\C0023_frame005425_tag1_bead4.jpg,3,40
data\bead_crops\from_video_dedup\C0023_frame005425_tag3_bead0.jpg,6,240
data\bead_crops\from_video_dedup\C0023_frame005425_tag3_bead1.jpg,1,270
data\bead_crops\from_video_dedup\C0023_frame005425_tag3_bead2.jpg,,
data\bead_crops\from_video_dedup\C0023_frame005425_tag4_bead4.jpg,1,60
data\bead_crops\from_video_dedup\C0023_frame005525_tag3_bead2.jpg,2,180
data\bead_crops\from_video_dedup\C0023_frame005450_tag1_bead3.jpg,2,50
data\bead_crops\from_video_dedup\C0023_frame005450_tag2_bead1.jpg,6,50
data\bead_crops\from_video_dedup\C0023_frame005450_tag2_bead2.jpg,4,50
data\bead_crops\from_video_dedup\C0023_frame005450_tag2_bead3.jpg,3,50
data\bead_crops\from_video_dedup\C0023_frame005450_tag2_bead4.jpg,3,50
data\bead_crops\from_video_dedup\C0023_frame005450_tag3_bead0.jpg,6,240
data\bead_crops\from_video_dedup\C0023_frame005525_tag3_bead0.jpg,0,180
data\bead_crops\from_video_dedup\C0023_frame005475_tag0_bead5.jpg,,
data\bead_crops\from_video_dedup\C0023_frame005475_tag1_bead0.jpg,1,60
data\bead_crops\from_video_dedup\C0023_frame005500_tag1_bead2.jpg,3,50
data\bead_crops\from_video_dedup\C0023_frame005475_tag3_bead0.jpg,3,70
data\bead_crops\from_video_dedup\C0023_frame005475_tag3_bead1.jpg,3,60
data\bead_crops\from_video_dedup\C0023_frame005475_tag3_bead2.jpg,3,50
data\bead_crops\from_video_dedup\C0023_frame005475_tag4_bead1.jpg,6,60
data\bead_crops\from_video_dedup\C0023_frame005475_tag3_bead4.jpg,4,60
data\bead_crops\from_video_dedup\C0023_frame005500_tag0_bead0.jpg,3,70
data\bead_crops\from_video_dedup\C0023_frame005525_tag0_bead1.jpg,3,50
data\bead_crops\from_video_dedup\C0023_frame005500_tag0_bead2.jpg,3,70
data\bead_crops\from_video_dedup\C0023_frame005500_tag0_bead3.jpg,6,50
data\bead_crops\from_video_dedup\C0023_frame005500_tag0_bead4.jpg,4,60
data\bead_crops\from_video_dedup\C0023_frame005575_tag2_bead3.jpg,2,50
data\bead_crops\from_video_dedup\C0023_frame005500_tag3_bead5.jpg,,
data\bead_crops\from_video_dedup\C0023_frame005525_tag0_bead0.jpg,3,70
data\bead_crops\from_video_dedup\C0023_frame005525_tag0_bead2.jpg,6,60
data\bead_crops\from_video_dedup\C0023_frame005525_tag0_bead4.jpg,4,60
data\bead_crops\from_video_dedup\C0023_frame005575_tag2_bead0.jpg,4,50
data\bead_crops\from_video_dedup\C0023_frame005525_tag2_bead2.jpg,,
data\bead_crops\from_video_dedup\C0023_frame005525_tag3_bead5.jpg,,
data\bead_crops\from_video_dedup\C0023_frame005575_tag3_bead1.jpg,3,70
data\bead_crops\from_video_dedup\C0023_frame005550_tag1_bead4.jpg,4,70
data\bead_crops\from_video_dedup\C0023_frame005600_tag0_bead0.jpg,0,180
data\bead_crops\from_video_dedup\C0023_frame005600_tag0_bead1.jpg,6,170
data\bead_crops\from_video_dedup\C0023_frame005575_tag1_bead0.jpg,6,240
data\bead_crops\from_video_dedup\C0023_frame005575_tag2_bead1.jpg,1,50
data\bead_crops\from_video_dedup\C0023_frame005575_tag2_bead2.jpg,3,40
data\bead_crops\from_video_dedup\C0023_frame005575_tag3_bead2.jpg,3,50
data\bead_crops\from_video_dedup\C0023_frame005575_tag3_bead3.jpg,6,60
data\bead_crops\from_video_dedup\C0023_frame005675_tag2_bead2.jpg,0,180
data\bead_crops\from_video_dedup\C0023_frame005600_tag1_bead2.jpg,,
data\bead_crops\from_video_dedup\C0023_frame006175_tag0_bead4.jpg,1,250
data\bead_crops\from_video_dedup\C0023_frame005625_tag0_bead3.jpg,2,50
data\bead_crops\from_video_dedup\C0023_frame005625_tag0_bead4.jpg,0,230
data\bead_crops\from_video_dedup\C0023_frame005625_tag1_bead0.jpg,3,80
data\bead_crops\from_video_dedup\C0023_frame005625_tag1_bead3.jpg,6,60
data\bead_crops\from_video_dedup\C0023_frame005650_tag0_bead0.jpg,0,0
data\bead_crops\from_video_dedup\C0023_frame005650_tag0_bead1.jpg,2,170
data\bead_crops\from_video_dedup\C0023_frame005650_tag0_bead4.jpg,6,170
data\bead_crops\from_video_dedup\C0023_frame005975_tag4_bead3.jpg,6,250
data\bead_crops\from_video_dedup\C0023_frame005675_tag3_bead1.jpg,1,270
data\bead_crops\from_video_dedup\C0023_frame005625_tag4_bead2.jpg,4,250
data\bead_crops\from_video_dedup\C0023_frame005625_tag4_bead3.jpg,,
data\bead_crops\from_video_dedup\C0023_frame005750_tag2_bead0.jpg,6,170
data\bead_crops\from_video_dedup\C0023_frame005825_tag4_bead1.jpg,,
data\bead_crops\from_video_dedup\C0023_frame005650_tag2_bead3.jpg,6,60
data\bead_crops\from_video_dedup\C0023_frame005750_tag0_bead1.jpg,3,50
data\bead_crops\from_video_dedup\C0023_frame005825_tag0_bead4.jpg,4,60
data\bead_crops\from_video_dedup\C0023_frame005675_tag1_bead0.jpg,5,270
data\bead_crops\from_video_dedup\C0023_frame005675_tag3_bead2.jpg,4,250
data\bead_crops\from_video_dedup\C0023_frame005750_tag4_bead3.jpg,,
data\bead_crops\from_video_dedup\C0023_frame005675_tag4_bead0.jpg,1,50
data\bead_crops\from_video_dedup\C0023_frame005700_tag2_bead3.jpg,2,50
data\bead_crops\from_video_dedup\C0023_frame005700_tag0_bead0.jpg,3,60
data\bead_crops\from_video_dedup\C0023_frame005750_tag0_bead0.jpg,3,70
data\bead_crops\from_video_dedup\C0023_frame005750_tag0_bead3.jpg,6,50
data\bead_crops\from_video_dedup\C0023_frame005800_tag2_bead0.jpg,4,40
data\bead_crops\from_video_dedup\C0023_frame005700_tag3_bead0.jpg,1,270
data\bead_crops\from_video_dedup\C0023_frame005700_tag3_bead1.jpg,4,250
data\bead_crops\from_video_dedup\C0023_frame006150_tag3_bead1.jpg,6,250
data\bead_crops\from_video_dedup\C0023_frame005700_tag3_bead3.jpg,,
data\bead_crops\from_video_dedup\C0023_frame005800_tag3_bead0.jpg,0,180
data\bead_crops\from_video_dedup\C0023_frame005850_tag0_bead3.jpg,2,170
data\bead_crops\from_video_dedup\C0023_frame005800_tag2_bead4.jpg,0,40
data\bead_crops\from_video_dedup\C0023_frame005725_tag5_bead1.jpg,4,250
data\bead_crops\from_video_dedup\C0023_frame005925_tag4_bead1.jpg,0,240
data\bead_crops\from_video_dedup\C0023_frame005750_tag0_bead4.jpg,4,60
data\bead_crops\from_video_dedup\C0023_frame005825_tag2_bead1.jpg,1,50
data\bead_crops\from_video_dedup\C0023_frame005775_tag0_bead3.jpg,2,40
data\bead_crops\from_video_dedup\C0023_frame005800_tag2_bead2.jpg,3,40
data\bead_crops\from_video_dedup\C0023_frame005825_tag4_bead0.jpg,6,250
data\bead_crops\from_video_dedup\C0023_frame005800_tag4_bead4.jpg,,
data\bead_crops\from_video_dedup\C0023_frame005825_tag4_bead2.jpg,6,260
data\bead_crops\from_video_dedup\C0023_frame005800_tag2_bead1.jpg,1,50
data\bead_crops\from_video_dedup\C0023_frame005850_tag1_bead3.jpg,2,40
data\bead_crops\from_video_dedup\C0023_frame005875_tag3_bead2.jpg,4,250
data\bead_crops\from_video_dedup\C0023_frame005825_tag0_bead3.jpg,6,50
data\bead_crops\from_video_dedup\C0023_frame005850_tag0_bead4.jpg,6,180
data\bead_crops\from_video_dedup\C0023_frame005975_tag4_bead0.jpg,1,260
data\bead_crops\from_video_dedup\C0023_frame005900_tag4_bead0.jpg,0,240
data\bead_crops\from_video_dedup\C0023_frame005825_tag3_bead4.jpg,,
data\bead_crops\from_video_dedup\C0023_frame005850_tag0_bead0.jpg,0,180
data\bead_crops\from_video_dedup\C0023_frame005850_tag2_bead1.jpg,4,250
data\bead_crops\from_video_dedup\C0023_frame005850_tag2_bead4.jpg,,
data\bead_crops\from_video_dedup\C0023_frame005850_tag3_bead3.jpg,6,60
data\bead_crops\from_video_dedup\C0023_frame005900_tag0_bead4.jpg,4,60
data\bead_crops\from_video_dedup\C0023_frame006650_tag4_bead4.jpg,1,260
data\bead_crops\from_video_dedup\C0023_frame005875_tag0_bead0.jpg,6,250
data\bead_crops\from_video_dedup\C0023_frame006050_tag0_bead2.jpg,,
data\bead_crops\from_video_dedup\C0023_frame006050_tag1_bead1.jpg,2,160
data\bead_crops\from_video_dedup\C0023_frame005875_tag2_bead0.jpg,4,30
data\bead_crops\from_video_dedup\C0023_frame005875_tag3_bead1.jpg,0,240
data\bead_crops\from_video_dedup\C0023_frame005900_tag4_bead4.jpg,,
data\bead_crops\from_video_dedup\C0023_frame005875_tag4_bead1.jpg,3,60
data\bead_crops\from_video_dedup\C0023_frame005875_tag4_bead2.jpg,6,60
data\bead_crops\from_video_dedup\C0023_frame005900_tag0_bead0.jpg,3,70
data\bead_crops\from_video_dedup\C0023_frame005900_tag0_bead1.jpg,6,60
data\bead_crops\from_video_dedup\C0023_frame005900_tag0_bead2.jpg,3,50
data\bead_crops\from_video_dedup\C0023_frame006000_tag4_bead0.jpg,6,250
data\bead_crops\from_video_dedup\C0023_frame005900_tag2_bead1.jpg,0,170
data\bead_crops\from_video_dedup\C0023_frame005925_tag2_bead2.jpg,3,30
data\bead_crops\from_video_dedup\C0023_frame006125_tag0_bead3.jpg,2,30
data\bead_crops\from_video_dedup\C0023_frame006050_tag3_bead4.jpg,0,210
data\bead_crops\from_video_dedup\C0023_frame005975_tag4_bead2.jpg,4,250
data\bead_crops\from_video_dedup\C0023_frame005975_tag0_bead2.jpg,3,50
data\bead_crops\from_video_dedup\C0023_frame005950_tag4_bead1.jpg,6,250
data\bead_crops\from_video_dedup\C0023_frame005925_tag2_bead0.jpg,4,30
data\bead_crops\from_video_dedup\C0023_frame006050_tag3_bead1.jpg,1,40
data\bead_crops\from_video_dedup\C0023_frame005950_tag0_bead1.jpg,3,60
data\bead_crops\from_video_dedup\C0023_frame005950_tag0_bead2.jpg,3,50
data\bead_crops\from_video_dedup\C0023_frame005975_tag4_bead4.jpg,4,250
data\bead_crops\from_video_dedup\C0023_frame006000_tag4_bead1.jpg,,
data\bead_crops\from_video_dedup\C0023_frame005975_tag1_bead0.jpg,6,240
data\bead_crops\from_video_dedup\C0023_frame005975_tag1_bead2.jpg,5,260
data\bead_crops\from_video_dedup\C0023_frame005975_tag3_bead2.jpg,2,30
data\bead_crops\from_video_dedup\C0023_frame005975_tag4_bead1.jpg,0,240
data\bead_crops\from_video_dedup\C0023_frame006175_tag1_bead0.jpg,3,20
data\bead_crops\from_video_dedup\C0023_frame006000_tag3_bead2.jpg,4,250
data\bead_crops\from_video_dedup\C0023_frame006000_tag3_bead4.jpg,4,250
data\bead_crops\from_video_dedup\C0023_frame006025_tag0_bead3.jpg,6,60
data\bead_crops\from_video_dedup\C0023_frame006050_tag0_bead1.jpg,6,260
data\bead_crops\from_video_dedup\C0023_frame006050_tag3_bead0.jpg,4,30
data\bead_crops\from_video_dedup\C0023_frame006050_tag3_bead3.jpg,2,30
data\bead_crops\from_video_dedup\C0023_frame006025_tag4_bead4.jpg,4,260
data\bead_crops\from_video_dedup\C0023_frame006125_tag1_bead1.jpg,3,50
data\bead_crops\from_video_dedup\C0023_frame006050_tag2_bead3.jpg,6,60
data\bead_crops\from_video_dedup\C0023_frame006175_tag3_bead0.jpg,1,260
data\bead_crops\from_video_dedup\C0023_frame006100_tag3_bead4.jpg,4,250
data\bead_crops\from_video_dedup\C0023_frame006150_tag1_bead1.jpg,3,60
data\bead_crops\from_video_dedup\C0023_frame006125_tag1_bead4.jpg,4,60
data\bead_crops\from_video_dedup\C0023_frame006075_tag1_bead0.jpg,1,40
data\bead_crops\from_video_dedup\C0023_frame006125_tag2_bead1.jpg,0,160
data\bead_crops\from_video_dedup\C0023_frame006075_tag2_bead4.jpg,6,160
data\bead_crops\from_video_dedup\C0023_frame006075_tag3_bead0.jpg,6,250
data\bead_crops\from_video_dedup\C0023_frame006075_tag3_bead1.jpg,5,270
data\bead_crops\from_video_dedup\C0023_frame006075_tag3_bead2.jpg,,
data\bead_crops\from_video_dedup\C0023_frame006150_tag3_bead2.jpg,0,240
data\bead_crops\from_video_dedup\C0023_frame006125_tag3_bead4.jpg,4,250
data\bead_crops\from_video_dedup\C0023_frame006100_tag0_bead3.jpg,6,50
data\bead_crops\from_video_dedup\C0023_frame006100_tag0_bead4.jpg,4,60
data\bead_crops\from_video_dedup\C0023_frame006100_tag1_bead1.jpg,6,160
data\bead_crops\from_video_dedup\C0023_frame006225_tag3_bead0.jpg,5,270
data\bead_crops\from_video_dedup\C0023_frame006125_tag0_bead1.jpg,1,40
data\bead_crops\from_video_dedup\C0023_frame006125_tag1_bead3.jpg,6,50
data\bead_crops\from_video_dedup\C0023_frame006125_tag2_bead3.jpg,2,160
data\bead_crops\from_video_dedup\C0023_frame006150_tag3_bead0.jpg,1,270
data\bead_crops\from_video_dedup\C0023_frame006125_tag3_bead3.jpg,8,250
data\bead_crops\from_video_dedup\C0023_frame006175_tag1_bead4.jpg,0,30
data\bead_crops\from_video_dedup\C0023_frame006150_tag1_bead3.jpg,6,60
data\bead_crops\from_video_dedup\C0023_frame006175_tag4_bead0.jpg,0,160
data\bead_crops\from_video_dedup\C0023_frame006150_tag3_bead3.jpg,8,250
data\bead_crops\from_video_dedup\C0023_frame006150_tag3_bead4.jpg,4,250
data\bead_crops\from_video_dedup\C0023_frame006225_tag3_bead1.jpg,6,250
data\bead_crops\from_video_dedup\C0023_frame006225_tag3_bead2.jpg,,
data\bead_crops\from_video_dedup\C0023_frame006175_tag1_bead2.jpg,2,30
data\bead_crops\from_video_dedup\C0023_frame006175_tag2_bead0.jpg,3,70
data\bead_crops\from_video_dedup\C0023_frame006175_tag2_bead2.jpg,6,60
data\bead_crops\from_video_dedup\C0023_frame006175_tag2_bead3.jpg,3,60
data\bead_crops\from_video_dedup\C0023_frame006200_tag1_bead3.jpg,8,250
data\bead_crops\from_video_dedup\C0023_frame006175_tag4_bead4.jpg,6,160
data\bead_crops\from_video_dedup\C0023_frame006200_tag0_bead1.jpg,3,60
data\bead_crops\from_video_dedup\C0023_frame006200_tag0_bead2.jpg,6,60
data\bead_crops\from_video_dedup\C0023_frame006200_tag0_bead3.jpg,4,60
data\bead_crops\from_video_dedup\C0023_frame006200_tag1_bead0.jpg,1,90
data\bead_crops\from_video_dedup\C0023_frame006200_tag1_bead2.jpg,0,240
data\bead_crops\from_video_dedup\C0023_frame006250_tag3_bead1.jpg,6,150
data\bead_crops\from_video_dedup\C0023_frame006250_tag3_bead3.jpg,6,160
data\bead_crops\from_video_dedup\C0023_frame006225_tag0_bead4.jpg,3,60
data\bead_crops\from_video_dedup\C0023_frame006225_tag1_bead0.jpg,1,260
data\bead_crops\from_video_dedup\C0023_frame006225_tag1_bead3.jpg,8,250
data\bead_crops\from_video_dedup\C0023_frame006250_tag2_bead4.jpg,4,250
data\bead_crops\from_video_dedup\C0023_frame006250_tag3_bead2.jpg,0,340
data\bead_crops\from_video_dedup\C0023_frame006250_tag0_bead0.jpg,3,60
data\bead_crops\from_video_dedup\C0023_frame006250_tag0_bead1.jpg,3,70
data\bead_crops\from_video_dedup\C0023_frame006250_tag0_bead2.jpg,4,70
data\bead_crops\from_video_dedup\C0023_frame006250_tag0_bead4.jpg,3,60
data\bead_crops\from_video_dedup\C0023_frame006250_tag2_bead0.jpg,1,260
data\bead_crops\from_video_dedup\C0023_frame006250_tag2_bead1.jpg,0,240
data\bead_crops\from_video_dedup\C0023_frame006275_tag3_bead3.jpg,6,250
data\bead_crops\from_video_dedup\C0023_frame006250_tag2_bead3.jpg,8,250
data\bead_crops\from_video_dedup\C0023_frame006250_tag4_bead0.jpg,4,30
data\bead_crops\from_video_dedup\C0023_frame006675_tag0_bead0.jpg,1,20
data\bead_crops\from_video_dedup\C0023_frame006250_tag4_bead3.jpg,2,30
data\bead_crops\from_video_dedup\C0023_frame006275_tag0_bead0.jpg,3,70
data\bead_crops\from_video_dedup\C0023_frame006300_tag3_bead3.jpg,2,160
data\bead_crops\from_video_dedup\C0023_frame006275_tag2_bead2.jpg,3,20
data\bead_crops\from_video_dedup\C0023_frame006275_tag3_bead0.jpg,1,260
data\bead_crops\from_video_dedup\C0023_frame006275_tag3_bead1.jpg,8,250
data\bead_crops\from_video_dedup\C0023_frame006275_tag3_bead2.jpg,0,250
data\bead_crops\from_video_dedup\C0023_frame006275_tag3_bead4.jpg,4,250
data\bead_crops\from_video_dedup\C0023_frame006300_tag0_bead0.jpg,1,260
data\bead_crops\from_video_dedup\C0023_frame006300_tag0_bead1.jpg,6,260
data\bead_crops\from_video_dedup\C0023_frame006300_tag0_bead2.jpg,8,260
data\bead_crops\from_video_dedup\C0023_frame006300_tag0_bead3.jpg,0,250
data\bead_crops\from_video_dedup\C0023_frame006325_tag1_bead4.jpg,4,260
data\bead_crops\from_video_dedup\C0023_frame006350_tag0_bead1.jpg,6,70
data\bead_crops\from_video_dedup\C0023_frame006450_tag1_bead1.jpg,3,80
data\bead_crops\from_video_dedup\C0023_frame006425_tag1_bead3.jpg,3,80
data\bead_crops\from_video_dedup\C0023_frame006300_tag3_bead0.jpg,0,150
data\bead_crops\from_video_dedup\C0023_frame006300_tag4_bead3.jpg,2,30
data\bead_crops\from_video_dedup\C0023_frame006350_tag0_bead0.jpg,3,60
data\bead_crops\from_video_dedup\C0023_frame006325_tag1_bead0.jpg,1,260
data\bead_crops\from_video_dedup\C0023_frame006350_tag4_bead0.jpg,8,270
data\bead_crops\from_video_dedup\C0023_frame006325_tag1_bead2.jpg,6,260
data\bead_crops\from_video_dedup\C0023_frame006325_tag1_bead3.jpg,0,260
data\bead_crops\from_video_dedup\C0023_frame006375_tag4_bead4.jpg,6,150
data\bead_crops\from_video_dedup\C0023_frame006350_tag2_bead3.jpg,2,30
data\bead_crops\from_video_dedup\C0023_frame006350_tag2_bead4.jpg,0,30
data\bead_crops\from_video_dedup\C0023_frame006350_tag3_bead0.jpg,6,260
data\bead_crops\from_video_dedup\C0023_frame006350_tag4_bead1.jpg,1,270
data\bead_crops\from_video_dedup\C0023_frame006350_tag3_bead4.jpg,4,260
data\bead_crops\from_video_dedup\C0023_frame006400_tag3_bead0.jpg,5,260
data\bead_crops\from_video_dedup\C0023_frame006350_tag5_bead2.jpg,,
data\bead_crops\from_video_dedup\C0023_frame006375_tag1_bead0.jpg,1,270
data\bead_crops\from_video_dedup\C0023_frame006375_tag1_bead1.jpg,8,270
data\bead_crops\from_video_dedup\C0023_frame006400_tag2_bead3.jpg,0,260
data\bead_crops\from_video_dedup\C0023_frame006375_tag1_bead4.jpg,4,270
data\bead_crops\from_video_dedup\C0023_frame006400_tag0_bead0.jpg,3,20
data\bead_crops\from_video_dedup\C0023_frame006375_tag3_bead2.jpg,,
data\bead_crops\from_video_dedup\C0023_frame006575_tag0_bead2.jpg,6,70
data\bead_crops\from_video_dedup\C0023_frame006550_tag0_bead3.jpg,3,70
data\bead_crops\from_video_dedup\C0023_frame006625_tag1_bead3.jpg,4,80
data\bead_crops\from_video_dedup\C0023_frame006400_tag2_bead0.jpg,1,270
data\bead_crops\from_video_dedup\C0023_frame006400_tag2_bead2.jpg,8,270
data\bead_crops\from_video_dedup\C0023_frame006425_tag3_bead0.jpg,6,250
data\bead_crops\from_video_dedup\C0023_frame006650_tag4_bead2.jpg,,
data\bead_crops\from_video_dedup\C0023_frame006475_tag4_bead3.jpg,2,150
data\bead_crops\from_video_dedup\C0023_frame006425_tag0_bead2.jpg,4,20
data\bead_crops\from_video_dedup\C0023_frame006425_tag0_bead3.jpg,2,30
data\bead_crops\from_video_dedup\C0023_frame006525_tag0_bead0.jpg,3,70
data\bead_crops\from_video_dedup\C0023_frame006575_tag0_bead1.jpg,3,80
data\bead_crops\from_video_dedup\C0023_frame006475_tag2_bead1.jpg,6,270
data\bead_crops\from_video_dedup\C0023_frame006425_tag2_bead2.jpg,8,270
data\bead_crops\from_video_dedup\C0023_frame006475_tag2_bead3.jpg,0,270
data\bead_crops\from_video_dedup\C0023_frame006450_tag0_bead0.jpg,8,270
data\bead_crops\from_video_dedup\C0023_frame006500_tag2_bead0.jpg,1,270
data\bead_crops\from_video_dedup\C0023_frame006650_tag4_bead2.jpg,,
data\bead_crops\from_video_dedup\C0023_frame006475_tag4_bead3.jpg,2,150
data\bead_crops\from_video_dedup\C0023_frame006425_tag0_bead2.jpg,4,20
data\bead_crops\from_video_dedup\C0023_frame006425_tag0_bead3.jpg,2,30
data\bead_crops\from_video_dedup\C0023_frame006525_tag0_bead0.jpg,3,70
data\bead_crops\from_video_dedup\C0023_frame006575_tag0_bead1.jpg,3,70
data\bead_crops\from_video_dedup\C0023_frame006475_tag2_bead1.jpg,6,270
data\bead_crops\from_video_dedup\C0023_frame006425_tag2_bead2.jpg,8,270
data\bead_crops\from_video_dedup\C0023_frame006475_tag2_bead3.jpg,0,270
data\bead_crops\from_video_dedup\C0023_frame006450_tag0_bead0.jpg,8,270
data\bead_crops\from_video_dedup\C0023_frame006500_tag2_bead0.jpg,1,270
data\bead_crops\from_video_dedup\C0023_frame006475_tag2_bead4.jpg,4,270
data\bead_crops\from_video_dedup\C0023_frame006450_tag2_bead0.jpg,0,150
data\bead_crops\from_video_dedup\C0023_frame006500_tag4_bead1.jpg,6,140
data\bead_crops\from_video_dedup\C0023_frame006475_tag4_bead4.jpg,6,150
data\bead_crops\from_video_dedup\C0023_frame006450_tag4_bead2.jpg,4,20
data\bead_crops\from_video_dedup\C0023_frame006475_tag0_bead3.jpg,2,10
data\bead_crops\from_video_dedup\C0023_frame006500_tag2_bead1.jpg,8,270
data\bead_crops\from_video_dedup\C0023_frame006475_tag4_bead1.jpg,0,150
data\bead_crops\from_video_dedup\C0023_frame006500_tag0_bead0.jpg,4,20
data\bead_crops\from_video_dedup\C0023_frame006500_tag0_bead1.jpg,3,20
data\bead_crops\from_video_dedup\C0023_frame006600_tag3_bead4.jpg,6,150
data\bead_crops\from_video_dedup\C0023_frame006575_tag3_bead1.jpg,6,140
data\bead_crops\from_video_dedup\C0023_frame006525_tag1_bead3.jpg,0,140
data\bead_crops\from_video_dedup\C0023_frame006525_tag2_bead1.jpg,8,270
data\bead_crops\from_video_dedup\C0023_frame006575_tag4_bead2.jpg,6,270
data\bead_crops\from_video_dedup\C0023_frame006575_tag4_bead3.jpg,0,270
data\bead_crops\from_video_dedup\C0023_frame006525_tag2_bead4.jpg,4,270
data\bead_crops\from_video_dedup\C0023_frame006525_tag4_bead3.jpg,2,20
data\bead_crops\from_video_dedup\C0023_frame006550_tag0_bead1.jpg,3,80
data\bead_crops\from_video_dedup\C0023_frame006550_tag3_bead4.jpg,4,270
data\bead_crops\from_video_dedup\C0023_frame006550_tag4_bead2.jpg,,
data\bead_crops\from_video_dedup\C0023_frame006575_tag0_bead3.jpg,3,70
data\bead_crops\from_video_dedup\C0023_frame006575_tag1_bead2.jpg,,
data\bead_crops\from_video_dedup\C0023_frame006675_tag0_bead2.jpg,3,0
data\bead_crops\from_video_dedup\C0023_frame006575_tag2_bead3.jpg,2,20
data\bead_crops\from_video_dedup\C0023_frame006700_tag5_bead0.jpg,8,270
data\bead_crops\from_video_dedup\C0023_frame006575_tag4_bead4.jpg,4,270
data\bead_crops\from_video_dedup\C0023_frame006675_tag4_bead2.jpg,6,250
data\bead_crops\from_video_dedup\C0023_frame006650_tag4_bead1.jpg,5,260
data\bead_crops\from_video_dedup\C0023_frame006600_tag1_bead2.jpg,,
data\bead_crops\from_video_dedup\C0023_frame006675_tag4_bead4.jpg,1,260
data\bead_crops\from_video_dedup\C0023_frame006600_tag2_bead0.jpg,1,270
data\bead_crops\from_video_dedup\C0023_frame006600_tag2_bead2.jpg,6,270
data\bead_crops\from_video_dedup\C0023_frame006725_tag1_bead1.jpg,0,280
data\bead_crops\from_video_dedup\C0023_frame006975_tag4_bead3.jpg,0,130
data\bead_crops\from_video_dedup\C0023_frame006600_tag4_bead3.jpg,2,20
data\bead_crops\from_video_dedup\C0023_frame006675_tag0_bead4.jpg,0,10
data\bead_crops\from_video_dedup\C0023_frame006625_tag0_bead1.jpg,4,10
data\bead_crops\from_video_dedup\C0023_frame006675_tag0_bead3.jpg,2,10
data\bead_crops\from_video_dedup\C0023_frame006625_tag1_bead1.jpg,3,80
data\bead_crops\from_video_dedup\C0023_frame006675_tag1_bead3.jpg,3,80
data\bead_crops\from_video_dedup\C0023_frame006825_tag3_bead0.jpg,0,310
data\bead_crops\from_video_dedup\C0023_frame006625_tag3_bead0.jpg,8,280
data\bead_crops\from_video_dedup\C0023_frame006625_tag3_bead2.jpg,6,270
data\bead_crops\from_video_dedup\C0023_frame006675_tag4_bead1.jpg,,
data\bead_crops\from_video_dedup\C0023_frame006725_tag3_bead3.jpg,6,140
data\bead_crops\from_video_dedup\C0023_frame006675_tag0_bead1.jpg,4,10
data\bead_crops\from_video_dedup\C0023_frame006675_tag1_bead0.jpg,3,70
data\bead_crops\from_video_dedup\C0023_frame006675_tag1_bead1.jpg,6,70
data\bead_crops\from_video_dedup\C0023_frame006675_tag1_bead2.jpg,3,80
data\bead_crops\from_video_dedup\C0023_frame006725_tag0_bead2.jpg,4,80
data\bead_crops\from_video_dedup\C0023_frame006675_tag2_bead0.jpg,8,280
data\bead_crops\from_video_dedup\C0023_frame006825_tag0_bead3.jpg,0,280
data\bead_crops\from_video_dedup\C0023_frame006750_tag1_bead4.jpg,4,270
data\bead_crops\from_video_dedup\C0023_frame006675_tag4_bead3.jpg,7,250
data\bead_crops\from_video_dedup\C0023_frame006725_tag0_bead4.jpg,3,90
data\bead_crops\from_video_dedup\C0023_frame006750_tag3_bead0.jpg,3,0
data\bead_crops\from_video_dedup\C0023_frame006700_tag1_bead3.jpg,2,0
data\bead_crops\from_video_dedup\C0023_frame006800_tag0_bead4.jpg,0,10
data\bead_crops\from_video_dedup\C0023_frame006950_tag4_bead0.jpg,6,130
data\bead_crops\from_video_dedup\C0023_frame006700_tag3_bead2.jpg,6,280
data\bead_crops\from_video_dedup\C0023_frame006700_tag5_bead4.jpg,4,270
data\bead_crops\from_video_dedup\C0023_frame006750_tag2_bead2.jpg,,
data\bead_crops\from_video_dedup\C0023_frame006725_tag1_bead3.jpg,6,280
data\bead_crops\from_video_dedup\C0023_frame006975_tag4_bead2.jpg,2,130
data\bead_crops\from_video_dedup\C0023_frame006725_tag4_bead1.jpg,3,0
data\bead_crops\from_video_dedup\C0023_frame006750_tag2_bead1.jpg,6,260
data\bead_crops\from_video_dedup\C0023_frame006800_tag0_bead2.jpg,2,10
data\bead_crops\from_video_dedup\C0023_frame006975_tag4_bead4.jpg,6,130
data\bead_crops\from_video_dedup\C0023_frame006775_tag0_bead0.jpg,3,70
data\bead_crops\from_video_dedup\C0023_frame006825_tag2_bead4.jpg,3,90
data\bead_crops\from_video_dedup\C0023_frame006775_tag1_bead1.jpg,4,10
data\bead_crops\from_video_dedup\C0023_frame006775_tag2_bead2.jpg,,
data\bead_crops\from_video_dedup\C0023_frame006800_tag4_bead1.jpg,8,280
data\bead_crops\from_video_dedup\C0023_frame006900_tag1_bead2.jpg,1,280
data\bead_crops\from_video_dedup\C0023_frame006850_tag1_bead1.jpg,3,0
data\bead_crops\from_video_dedup\C0023_frame007050_tag0_bead2.jpg,4,80
data\bead_crops\from_video_dedup\C0023_frame007125_tag4_bead0.jpg,8,290
data\bead_crops\from_video_dedup\C0023_frame006825_tag0_bead2.jpg,6,280
data\bead_crops\from_video_dedup\C0023_frame006850_tag1_bead3.jpg,2,0
data\bead_crops\from_video_dedup\C0023_frame006900_tag2_bead4.jpg,0,0
data\bead_crops\from_video_dedup\C0023_frame007175_tag0_bead2.jpg,3,90
data\bead_crops\from_video_dedup\C0023_frame007050_tag0_bead0.jpg,6,80
data\bead_crops\from_video_dedup\C0023_frame006850_tag1_bead0.jpg,1,10
data\bead_crops\from_video_dedup\C0023_frame006850_tag1_bead2.jpg,4,0
data\bead_crops\from_video_dedup\C0023_frame006850_tag3_bead2.jpg,,
data\bead_crops\from_video_dedup\C0023_frame006875_tag3_bead0.jpg,0,130
data\bead_crops\from_video_dedup\C0023_frame006875_tag3_bead2.jpg,0,140
data\bead_crops\from_video_dedup\C0023_frame006900_tag3_bead2.jpg,,
data\bead_crops\from_video_dedup\C0023_frame006875_tag4_bead2.jpg,4,0
data\bead_crops\from_video_dedup\C0023_frame007050_tag0_bead4.jpg,3,90
data\bead_crops\from_video_dedup\C0023_frame006950_tag3_bead4.jpg,4,290
data\bead_crops\from_video_dedup\C0023_frame006900_tag2_bead0.jpg,3,0
data\bead_crops\from_video_dedup\C0023_frame007275_tag4_bead1.jpg,7,260
data\bead_crops\from_video_dedup\C0023_frame006925_tag1_bead3.jpg,2,0
data\bead_crops\from_video_dedup\C0023_frame006925_tag4_bead2.jpg,,
data\bead_crops\from_video_dedup\C0023_frame006950_tag0_bead2.jpg,4,0
data\bead_crops\from_video_dedup\C0023_frame006950_tag0_bead3.jpg,2,0
data\bead_crops\from_video_dedup\C0023_frame007150_tag1_bead1.jpg,6,80
data\bead_crops\from_video_dedup\C0023_frame006950_tag2_bead1.jpg,6,250
data\bead_crops\from_video_dedup\C0023_frame007150_tag4_bead4.jpg,,
data\bead_crops\from_video_dedup\C0023_frame007150_tag4_bead2.jpg,1,260
data\bead_crops\from_video_dedup\C0023_frame006975_tag4_bead1.jpg,0,130
data\bead_crops\from_video_dedup\C0023_frame007000_tag0_bead0.jpg,1,0
data\bead_crops\from_video_dedup\C0023_frame006975_tag1_bead3.jpg,2,0
data\bead_crops\from_video_dedup\C0023_frame007100_tag1_bead4.jpg,0,0
data\bead_crops\from_video_dedup\C0023_frame007725_tag0_bead3.jpg,1,280
data\bead_crops\from_video_dedup\C0023_frame007125_tag4_bead1.jpg,0,280
data\bead_crops\from_video_dedup\C0023_frame006975_tag4_bead0.jpg,6,130
data\bead_crops\from_video_dedup\C0023_frame007000_tag0_bead2.jpg,4,0
data\bead_crops\from_video_dedup\C0023_frame007025_tag1_bead2.jpg,2,0
data\bead_crops\from_video_dedup\C0023_frame007250_tag0_bead0.jpg,8,290
data\bead_crops\from_video_dedup\C0023_frame007150_tag4_bead0.jpg,5,270
data\bead_crops\from_video_dedup\C0023_frame007000_tag4_bead1.jpg,6,260
data\bead_crops\from_video_dedup\C0023_frame007025_tag0_bead2.jpg,3,90
data\bead_crops\from_video_dedup\C0023_frame007025_tag0_bead4.jpg,3,90
data\bead_crops\from_video_dedup\C0023_frame007025_tag1_bead0.jpg,1,0
data\bead_crops\from_video_dedup\C0023_frame007025_tag1_bead3.jpg,4,0
data\bead_crops\from_video_dedup\C0023_frame007150_tag2_bead1.jpg,0,120
data\bead_crops\from_video_dedup\C0023_frame007050_tag2_bead1.jpg,0,280
data\bead_crops\from_video_dedup\C0023_frame007050_tag2_bead3.jpg,6,280
data\bead_crops\from_video_dedup\C0023_frame007475_tag2_bead4.jpg,4,290
data\bead_crops\from_video_dedup\C0023_frame007200_tag0_bead0.jpg,6,250
data\bead_crops\from_video_dedup\C0023_frame007050_tag3_bead3.jpg,,
data\bead_crops\from_video_dedup\C0023_frame007100_tag1_bead2.jpg,2,0
data\bead_crops\from_video_dedup\C0023_frame007150_tag2_bead3.jpg,2,120
data\bead_crops\from_video_dedup\C0023_frame007150_tag2_bead0.jpg,6,120
data\bead_crops\from_video_dedup\C0023_frame007150_tag2_bead2.jpg,0,310
data\bead_crops\from_video_dedup\C0023_frame007100_tag1_bead0.jpg,1,0
data\bead_crops\from_video_dedup\C0023_frame007100_tag1_bead1.jpg,3,0
data\bead_crops\from_video_dedup\C0023_frame007100_tag1_bead3.jpg,4,0
data\bead_crops\from_video_dedup\C0023_frame007150_tag2_bead4.jpg,6,130
data\bead_crops\from_video_dedup\C0023_frame007125_tag3_bead2.jpg,,
data\bead_crops\from_video_dedup\C0023_frame007125_tag0_bead4.jpg,3,90
data\bead_crops\from_video_dedup\C0023_frame007125_tag1_bead1.jpg,1,0
data\bead_crops\from_video_dedup\C0023_frame007125_tag1_bead2.jpg,2,0
data\bead_crops\from_video_dedup\C0023_frame007150_tag4_bead1.jpg,6,260
data\bead_crops\from_video_dedup\C0023_frame007325_tag4_bead1.jpg,2,0
data\bead_crops\from_video_dedup\C0023_frame007175_tag2_bead2.jpg,2,0
data\bead_crops\from_video_dedup\C0023_frame007175_tag2_bead3.jpg,4,340
data\bead_crops\from_video_dedup\C0023_frame007200_tag2_bead1.jpg,0,120
data\bead_crops\from_video_dedup\C0023_frame007225_tag2_bead3.jpg,6,120
data\bead_crops\from_video_dedup\C0023_frame007175_tag4_bead4.jpg,,
data\bead_crops\from_video_dedup\C0023_frame007200_tag0_bead3.jpg,,
data\bead_crops\from_video_dedup\C0023_frame007325_tag0_bead0.jpg,6,80
data\bead_crops\from_video_dedup\C0023_frame007225_tag0_bead0.jpg,3,70
data\bead_crops\from_video_dedup\C0023_frame007200_tag3_bead3.jpg,3,90
data\bead_crops\from_video_dedup\C0023_frame007325_tag0_bead3.jpg,3,90
data\bead_crops\from_video_dedup\C0023_frame007200_tag4_bead2.jpg,2,0
data\bead_crops\from_video_dedup\C0023_frame007350_tag0_bead4.jpg,0,0
data\bead_crops\from_video_dedup\C0023_frame007525_tag1_bead1.jpg,0,280
data\bead_crops\from_video_dedup\C0023_frame007225_tag2_bead1.jpg,0,120
data\bead_crops\from_video_dedup\C0023_frame007225_tag2_bead4.jpg,6,120
data\bead_crops\from_video_dedup\C0023_frame007225_tag3_bead1.jpg,6,270
data\bead_crops\from_video_dedup\C0023_frame007225_tag3_bead4.jpg,,
data\bead_crops\from_video_dedup\C0023_frame007225_tag4_bead2.jpg,2,0
data\bead_crops\from_video_dedup\C0023_frame007225_tag4_bead3.jpg,4,0
data\bead_crops\from_video_dedup\C0023_frame007250_tag1_bead3.jpg,4,0
data\bead_crops\from_video_dedup\C0023_frame007250_tag3_bead2.jpg,1,270
data\bead_crops\from_video_dedup\C0023_frame007250_tag3_bead4.jpg,,
data\bead_crops\from_video_dedup\C0023_frame007275_tag0_bead4.jpg,3,90
data\bead_crops\from_video_dedup\C0023_frame007350_tag0_bead2.jpg,4,0
data\bead_crops\from_video_dedup\C0023_frame007275_tag4_bead0.jpg,6,250
data\bead_crops\from_video_dedup\C0023_frame007275_tag4_bead2.jpg,,
data\bead_crops\from_video_dedup\C0023_frame007275_tag4_bead3.jpg,1,250
data\bead_crops\from_video_dedup\C0023_frame007500_tag0_bead1.jpg,3,90
data\bead_crops\from_video_dedup\C0023_frame007300_tag0_bead3.jpg,3,90
data\bead_crops\from_video_dedup\C0023_frame007300_tag1_bead1.jpg,0,110
data\bead_crops\from_video_dedup\C0023_frame007300_tag1_bead3.jpg,2,120
data\bead_crops\from_video_dedup\C0023_frame007300_tag1_bead4.jpg,6,120
data\bead_crops\from_video_dedup\C0023_frame007300_tag2_bead1.jpg,2,0
data\bead_crops\from_video_dedup\C0023_frame007725_tag0_bead1.jpg,6,280
data\bead_crops\from_video_dedup\C0023_frame007300_tag4_bead2.jpg,,
data\bead_crops\from_video_dedup\C0023_frame007300_tag4_bead3.jpg,,
data\bead_crops\from_video_dedup\C0023_frame007325_tag0_bead1.jpg,4,80
data\bead_crops\from_video_dedup\C0023_frame007725_tag0_bead0.jpg,8,290
data\bead_crops\from_video_dedup\C0023_frame007325_tag3_bead2.jpg,,
data\bead_crops\from_video_dedup\C0023_frame007325_tag4_bead2.jpg,4,0
data\bead_crops\from_video_dedup\C0023_frame007550_tag0_bead0.jpg,6,80
data\bead_crops\from_video_dedup\C0023_frame007525_tag3_bead2.jpg,4,90
data\bead_crops\from_video_dedup\C0023_frame007350_tag1_bead2.jpg,3,90
data\bead_crops\from_video_dedup\C0023_frame007450_tag3_bead0.jpg,0,120
data\bead_crops\from_video_dedup\C0023_frame007350_tag4_bead0.jpg,6,250
data\bead_crops\from_video_dedup\C0023_frame007350_tag4_bead2.jpg,,
data\bead_crops\from_video_dedup\C0023_frame007350_tag4_bead3.jpg,,
data\bead_crops\from_video_dedup\C0023_frame007550_tag0_bead4.jpg,3,90
data\bead_crops\from_video_dedup\C0023_frame007375_tag1_bead2.jpg,2,0
data\bead_crops\from_video_dedup\C0023_frame007400_tag3_bead1.jpg,6,120
data\bead_crops\from_video_dedup\C0023_frame007375_tag4_bead0.jpg,6,250
data\bead_crops\from_video_dedup\C0023_frame007375_tag4_bead2.jpg,,
data\bead_crops\from_video_dedup\C0023_frame007375_tag4_bead3.jpg,,
data\bead_crops\from_video_dedup\C0023_frame007400_tag2_bead2.jpg,1,290
data\bead_crops\from_video_dedup\C0023_frame007400_tag4_bead0.jpg,6,250
data\bead_crops\from_video_dedup\C0023_frame007400_tag4_bead1.jpg,7,250
data\bead_crops\from_video_dedup\C0023_frame007550_tag0_bead3.jpg,3,90
data\bead_crops\from_video_dedup\C0023_frame007425_tag4_bead0.jpg,,
data\bead_crops\from_video_dedup\C0023_frame007425_tag4_bead1.jpg,7,250
data\bead_crops\from_video_dedup\C0023_frame007425_tag4_bead2.jpg,,
data\bead_crops\from_video_dedup\C0023_frame007450_tag2_bead1.jpg,1,0
data\bead_crops\from_video_dedup\C0023_frame007450_tag2_bead2.jpg,2,0
data\bead_crops\from_video_dedup\C0023_frame007450_tag2_bead3.jpg,4,0
data\bead_crops\from_video_dedup\C0023_frame007475_tag1_bead0.jpg,3,0
data\bead_crops\from_video_dedup\C0023_frame007475_tag1_bead2.jpg,4,340
data\bead_crops\from_video_dedup\C0023_frame007475_tag2_bead0.jpg,8,290
data\bead_crops\from_video_dedup\C0023_frame007475_tag4_bead0.jpg,,
data\bead_crops\from_video_dedup\C0023_frame007600_tag0_bead3.jpg,3,90
data\bead_crops\from_video_dedup\C0023_frame007500_tag1_bead2.jpg,2,0
data\bead_crops\from_video_dedup\C0023_frame007550_tag3_bead0.jpg,0,110
data\bead_crops\from_video_dedup\C0023_frame007550_tag3_bead4.jpg,6,110
data\bead_crops\from_video_dedup\C0023_frame007525_tag0_bead2.jpg,2,0
data\bead_crops\from_video_dedup\C0023_frame007525_tag2_bead0.jpg,6,110
data\bead_crops\from_video_dedup\C0023_frame007525_tag3_bead1.jpg,3,80
data\bead_crops\from_video_dedup\C0023_frame007550_tag0_bead2.jpg,4,90
data\bead_crops\from_video_dedup\C0023_frame007575_tag1_bead0.jpg,2,110
data\bead_crops\from_video_dedup\C0023_frame007725_tag0_bead2.jpg,0,270
data\bead_crops\from_video_dedup\C0023_frame007625_tag0_bead0.jpg,6,90
data\bead_crops\from_video_dedup\C0023_frame007675_tag0_bead2.jpg,3,100
data\bead_crops\from_video_dedup\C0023_frame007575_tag3_bead3.jpg,4,340
data\bead_crops\from_video_dedup\C0023_frame007600_tag1_bead2.jpg,0,290
data\bead_crops\from_video_dedup\C0023_frame007600_tag2_bead0.jpg,0,110
data\bead_crops\from_video_dedup\C0023_frame007625_tag0_bead3.jpg,3,90
data\bead_crops\from_video_dedup\C0023_frame007675_tag1_bead1.jpg,2,0
data\bead_crops\from_video_dedup\C0023_frame007700_tag0_bead1.jpg,1,350
data\bead_crops\from_video_dedup\C0023_frame007825_tag2_bead4.jpg,0,340
data\bead_crops\from_video_dedup\C0023_frame007650_tag2_bead1.jpg,3,80
data\bead_crops\from_video_dedup\C0023_frame007800_tag2_bead3.jpg,6,100
data\bead_crops\from_video_dedup\C0023_frame007675_tag0_bead0.jpg,6,90
data\bead_crops\from_video_dedup\C0023_frame007675_tag0_bead3.jpg,3,90
data\bead_crops\from_video_dedup\C0023_frame007825_tag2_bead0.jpg,3,340
data\bead_crops\from_video_dedup\C0023_frame007700_tag0_bead3.jpg,4,340
data\bead_crops\from_video_dedup\C0023_frame007750_tag3_bead0.jpg,0,100
data\bead_crops\from_video_dedup\C0023_frame007725_tag0_bead4.jpg,4,290
data\bead_crops\from_video_dedup\C0023_frame007725_tag2_bead1.jpg,2,0
data\bead_crops\from_video_dedup\C0023_frame007800_tag2_bead1.jpg,0,100
data\bead_crops\from_video_dedup\C0023_frame007700_tag2_bead1.jpg,0,280
data\bead_crops\from_video_dedup\C0023_frame007725_tag1_bead1.jpg,4,90
data\bead_crops\from_video_dedup\C0023_frame007725_tag1_bead2.jpg,3,80
data\bead_crops\from_video_dedup\C0023_frame007825_tag3_bead2.jpg,0,100
data\bead_crops\from_video_dedup\C0023_frame007750_tag1_bead2.jpg,2,0
data\bead_crops\from_video_dedup\C0023_frame007775_tag0_bead4.jpg,3,100
data\bead_crops\from_video_dedup\C0023_frame007750_tag3_bead3.jpg,6,100
data\bead_crops\from_video_dedup\C0023_frame007875_tag3_bead0.jpg,6,100
data\bead_crops\from_video_dedup\C0023_frame007875_tag3_bead4.jpg,4,100
data\bead_crops\from_video_dedup\C0023_frame007825_tag2_bead1.jpg,2,0
data\bead_crops\from_video_dedup\C0023_frame008050_tag3_bead0.jpg,0,90
data\bead_crops\from_video_dedup\C0023_frame007800_tag2_bead4.jpg,6,100
data\bead_crops\from_video_dedup\C0023_frame007825_tag0_bead2.jpg,0,280
data\bead_crops\from_video_dedup\C0023_frame007800_tag0_bead4.jpg,4,280
data\bead_crops\from_video_dedup\C0023_frame008000_tag2_bead2.jpg,2,90
data\bead_crops\from_video_dedup\C0023_frame007875_tag3_bead1.jpg,3,90
data\bead_crops\from_video_dedup\C0023_frame007800_tag3_bead3.jpg,3,100
data\bead_crops\from_video_dedup\C0023_frame007850_tag2_bead4.jpg,3,110
data\bead_crops\from_video_dedup\C0023_frame007850_tag2_bead1.jpg,3,110
data\bead_crops\from_video_dedup\C0023_frame007875_tag0_bead1.jpg,2,0
data\bead_crops\from_video_dedup\C0023_frame007875_tag0_bead4.jpg,0,340
data\bead_crops\from_video_dedup\C0023_frame007875_tag2_bead2.jpg,0,90
data\bead_crops\from_video_dedup\C0023_frame008050_tag3_bead4.jpg,6,90
data\bead_crops\from_video_dedup\C0023_frame008300_tag2_bead3.jpg,6,90
data\bead_crops\from_video_dedup\C0023_frame007975_tag3_bead3.jpg,1,340
data\bead_crops\from_video_dedup\C0023_frame007875_tag1_bead3.jpg,1,280
data\bead_crops\from_video_dedup\C0023_frame007875_tag3_bead2.jpg,3,100
data\bead_crops\from_video_dedup\C0023_frame007875_tag3_bead3.jpg,3,110
data\bead_crops\from_video_dedup\C0023_frame007975_tag3_bead0.jpg,3,340
data\bead_crops\from_video_dedup\C0023_frame008300_tag2_bead1.jpg,2,90
data\bead_crops\from_video_dedup\C0023_frame007900_tag3_bead1.jpg,3,90
data\bead_crops\from_video_dedup\C0023_frame008000_tag0_bead3.jpg,3,90
data\bead_crops\from_video_dedup\C0023_frame007925_tag0_bead1.jpg,2,330
data\bead_crops\from_video_dedup\C0023_frame007925_tag0_bead2.jpg,4,330
data\bead_crops\from_video_dedup\C0023_frame008000_tag0_bead0.jpg,6,100
data\bead_crops\from_video_dedup\C0023_frame008000_tag0_bead4.jpg,4,110
data\bead_crops\from_video_dedup\C0023_frame008000_tag0_bead2.jpg,3,100
data\bead_crops\from_video_dedup\C0023_frame007975_tag3_bead1.jpg,2,350
data\bead_crops\from_video_dedup\C0023_frame008050_tag3_bead1.jpg,0,90
data\bead_crops\from_video_dedup\C0023_frame008000_tag0_bead1.jpg,3,120
data\bead_crops\from_video_dedup\C0023_frame008150_tag2_bead1.jpg,3,120
data\bead_crops\from_video_dedup\C0023_frame007975_tag3_bead2.jpg,4,330
data\bead_crops\from_video_dedup\C0023_frame008100_tag1_bead4.jpg,0,330
data\bead_crops\from_video_dedup\C0023_frame008100_tag1_bead1.jpg,2,0
data\bead_crops\from_video_dedup\C0023_frame008050_tag1_bead1.jpg,4,330
data\bead_crops\from_video_dedup\C0023_frame008025_tag1_bead1.jpg,2,350
data\bead_crops\from_video_dedup\C0023_frame008025_tag2_bead3.jpg,0,270
data\bead_crops\from_video_dedup\C0023_frame008050_tag0_bead4.jpg,4,280
data\bead_crops\from_video_dedup\C0023_frame008050_tag1_bead2.jpg,2,340
data\bead_crops\from_video_dedup\C0023_frame008150_tag2_bead0.jpg,6,110
data\bead_crops\from_video_dedup\C0023_frame008050_tag2_bead2.jpg,3,120
data\bead_crops\from_video_dedup\C0023_frame008075_tag0_bead1.jpg,2,0
data\bead_crops\from_video_dedup\C0023_frame008075_tag0_bead2.jpg,4,330
data\bead_crops\from_video_dedup\C0023_frame008075_tag2_bead2.jpg,3,100
data\bead_crops\from_video_dedup\C0023_frame008150_tag2_bead3.jpg,3,130
data\bead_crops\from_video_dedup\C0023_frame008150_tag2_bead4.jpg,4,120
data\bead_crops\from_video_dedup\C0023_frame008100_tag1_bead3.jpg,4,330
data\bead_crops\from_video_dedup\C0023_frame008175_tag3_bead2.jpg,0,100
data\bead_crops\from_video_dedup\C0023_frame008175_tag3_bead0.jpg,2,90
data\bead_crops\from_video_dedup\C0023_frame008300_tag0_bead2.jpg,6,270
data\bead_crops\from_video_dedup\C0023_frame008200_tag3_bead2.jpg,4,280
data\bead_crops\from_video_dedup\C0023_frame008150_tag0_bead2.jpg,4,330
data\bead_crops\from_video_dedup\C0023_frame008300_tag0_bead0.jpg,8,270
data\bead_crops\from_video_dedup\C0023_frame008150_tag2_bead2.jpg,3,100
data\bead_crops\from_video_dedup\C0023_frame008250_tag2_bead3.jpg,4,330
data\bead_crops\from_video_dedup\C0023_frame008175_tag1_bead1.jpg,1,280
data\bead_crops\from_video_dedup\C0023_frame008200_tag1_bead2.jpg,3,130
data\bead_crops\from_video_dedup\C0023_frame008175_tag2_bead4.jpg,4,110
data\bead_crops\from_video_dedup\C0023_frame008475_tag3_bead4.jpg,6,90
data\bead_crops\from_video_dedup\C0023_frame008200_tag0_bead1.jpg,2,0
data\bead_crops\from_video_dedup\C0023_frame008625_tag0_bead3.jpg,1,340
data\bead_crops\from_video_dedup\C0023_frame008200_tag1_bead1.jpg,3,110
data\bead_crops\from_video_dedup\C0023_frame008200_tag1_bead3.jpg,3,120
data\bead_crops\from_video_dedup\C0023_frame008300_tag2_bead2.jpg,0,270
data\bead_crops\from_video_dedup\C0023_frame008300_tag0_bead3.jpg,0,270
data\bead_crops\from_video_dedup\C0023_frame008225_tag1_bead0.jpg,6,110
data\bead_crops\from_video_dedup\C0023_frame008225_tag2_bead2.jpg,4,330
data\bead_crops\from_video_dedup\C0023_frame008625_tag0_bead4.jpg,0,330
data\bead_crops\from_video_dedup\C0023_frame008300_tag2_bead0.jpg,0,90
data\bead_crops\from_video_dedup\C0023_frame008300_tag0_bead4.jpg,4,270
data\bead_crops\from_video_dedup\C0023_frame008275_tag1_bead4.jpg,4,120
data\bead_crops\from_video_dedup\C0023_frame008250_tag2_bead1.jpg,2,0
data\bead_crops\from_video_dedup\C0023_frame008275_tag2_bead1.jpg,2,0
data\bead_crops\from_video_dedup\C0023_frame008275_tag2_bead2.jpg,4,330
data\bead_crops\from_video_dedup\C0023_frame008300_tag0_bead1.jpg,1,270
data\bead_crops\from_video_dedup\C0023_frame008375_tag3_bead1.jpg,2,330
data\bead_crops\from_video_dedup\C0023_frame008325_tag0_bead1.jpg,1,270
data\bead_crops\from_video_dedup\C0023_frame008325_tag0_bead4.jpg,4,270
data\bead_crops\from_video_dedup\C0023_frame008400_tag0_bead0.jpg,8,270
data\bead_crops\from_video_dedup\C0023_frame008400_tag2_bead0.jpg,0,90
data\bead_crops\from_video_dedup\C0023_frame008625_tag0_bead0.jpg,3,330
data\bead_crops\from_video_dedup\C0023_frame008525_tag1_bead1.jpg,4,320
data\bead_crops\from_video_dedup\C0023_frame008350_tag3_bead4.jpg,4,120
data\bead_crops\from_video_dedup\C0023_frame008475_tag3_bead0.jpg,2,90
data\bead_crops\from_video_dedup\C0023_frame008375_tag2_bead3.jpg,3,120
data\bead_crops\from_video_dedup\C0023_frame008375_tag3_bead4.jpg,0,330
data\bead_crops\from_video_dedup\C0023_frame008600_tag3_bead1.jpg,2,330
data\bead_crops\from_video_dedup\C0023_frame008575_tag2_bead2.jpg,6,270
data\bead_crops\from_video_dedup\C0023_frame008425_tag3_bead1.jpg,3,120
data\bead_crops\from_video_dedup\C0023_frame008500_tag0_bead1.jpg,1,270
data\bead_crops\from_video_dedup\C0023_frame008450_tag2_bead2.jpg,4,330
data\bead_crops\from_video_dedup\C0023_frame008600_tag1_bead2.jpg,3,100
data\bead_crops\from_video_dedup\C0023_frame008475_tag1_bead3.jpg,3,120
data\bead_crops\from_video_dedup\C0023_frame008500_tag1_bead1.jpg,2,330
data\bead_crops\from_video_dedup\C0023_frame008575_tag2_bead0.jpg,1,270
data\bead_crops\from_video_dedup\C0023_frame008600_tag0_bead1.jpg,8,260
data\bead_crops\from_video_dedup\C0023_frame008575_tag2_bead4.jpg,4,260
data\bead_crops\from_video_dedup\C0023_frame008575_tag3_bead3.jpg,6,90
data\bead_crops\from_video_dedup\C0023_frame008550_tag2_bead2.jpg,4,320
data\bead_crops\from_video_dedup\C0023_frame008625_tag0_bead1.jpg,2,330
data\bead_crops\from_video_dedup\C0023_frame008575_tag3_bead1.jpg,0,90
data\bead_crops\from_video_dedup\C0023_frame008625_tag0_bead2.jpg,4,330
data\bead_crops\from_video_dedup\C0023_frame008625_tag1_bead3.jpg,0,260
data\bead_crops\from_video_dedup\C0023_frame008625_tag2_bead0.jpg,0,90
data\bead_crops\from_video_dedup\C0023_frame008625_tag2_bead1.jpg,2,90
data\bead_crops\from_video_dedup\C0023_frame008625_tag3_bead2.jpg,3,120
data\bead_crops\from_video_dedup\C0025_frame000050_tag1_bead2.jpg,3,330
data\bead_crops\from_video_dedup\C0025_frame000250_tag1_bead0.jpg,3,330
data\bead_crops\from_video_dedup\C0025_frame000050_tag1_bead3.jpg,6,320
