crop_path,pred_text,score
data\bead_crops\from_video_dedup\C0021_frame000150_tag0_bead2.jpg,0,0.1615
data\bead_crops\from_video_dedup\C0021_frame000200_tag2_bead0.jpg,O,0.1463
data\bead_crops\from_video_dedup\C0021_frame000150_tag0_bead3.jpg,0,0.0806
data\bead_crops\from_video_dedup\C0021_frame000125_tag1_bead0.jpg,O,0.2588
data\bead_crops\from_video_dedup\C0021_frame000150_tag0_bead4.jpg,O,0.2633
data\bead_crops\from_video_dedup\C0021_frame000000_tag1_bead0.jpg,0,0.1776
data\bead_crops\from_video_dedup\C0021_frame000000_tag1_bead1.jpg,,0.0
data\bead_crops\from_video_dedup\C0021_frame000100_tag0_bead1.jpg,?,0.2221
data\bead_crops\from_video_dedup\C0021_frame000025_tag0_bead2.jpg,0,0.4595
data\bead_crops\from_video_dedup\C0021_frame000250_tag1_bead4.jpg,,0.0
data\bead_crops\from_video_dedup\C0021_frame000050_tag2_bead0.jpg,O,0.3638
data\bead_crops\from_video_dedup\C0021_frame000000_tag2_bead1.jpg,C,0.0946
data\bead_crops\from_video_dedup\C0021_frame000200_tag0_bead2.jpg,0,0.163
data\bead_crops\from_video_dedup\C0021_frame000050_tag2_bead2.jpg,O,0.6415
data\bead_crops\from_video_dedup\C0021_frame000000_tag2_bead4.jpg,0,0.1779
data\bead_crops\from_video_dedup\C0021_frame000025_tag1_bead1.jpg,0,0.1391
data\bead_crops\from_video_dedup\C0021_frame000050_tag1_bead1.jpg,0,0.0645
data\bead_crops\from_video_dedup\C0021_frame000050_tag1_bead3.jpg,9,0.1185
data\bead_crops\from_video_dedup\C0021_frame000100_tag0_bead3.jpg,0,0.5116
data\bead_crops\from_video_dedup\C0021_frame000200_tag2_bead1.jpg,?,0.0773
data\bead_crops\from_video_dedup\C0021_frame000100_tag0_bead0.jpg,O,0.3145
data\bead_crops\from_video_dedup\C0021_frame000100_tag0_bead2.jpg,,0.0
data\bead_crops\from_video_dedup\C0021_frame000150_tag2_bead1.jpg,O,0.0963
data\bead_crops\from_video_dedup\C0021_frame000200_tag2_bead3.jpg,0,0.0868
data\bead_crops\from_video_dedup\C0021_frame000125_tag1_bead4.jpg,O,0.3429
data\bead_crops\from_video_dedup\C0021_frame000125_tag1_bead3.jpg,0,0.0749
data\bead_crops\from_video_dedup\C0021_frame000325_tag2_bead2.jpg,O,0.5876
data\bead_crops\from_video_dedup\C0021_frame000150_tag1_bead1.jpg,,0.0
data\bead_crops\from_video_dedup\C0021_frame000350_tag1_bead3.jpg,0,0.3896
data\bead_crops\from_video_dedup\C0021_frame000275_tag2_bead1.jpg,?,0.1884
data\bead_crops\from_video_dedup\C0021_frame000175_tag2_bead3.jpg,0,0.066
data\bead_crops\from_video_dedup\C0021_frame000225_tag2_bead1.jpg,?,0.1238
data\bead_crops\from_video_dedup\C0021_frame000225_tag2_bead3.jpg,0,0.1531
data\bead_crops\from_video_dedup\C0021_frame000225_tag2_bead4.jpg,O,0.3531
data\bead_crops\from_video_dedup\C0021_frame000250_tag2_bead3.jpg,0,0.1234
data\bead_crops\from_video_dedup\C0021_frame000300_tag1_bead3.jpg,0,0.1215
data\bead_crops\from_video_dedup\C0021_frame000275_tag1_bead1.jpg,C,0.15
data\bead_crops\from_video_dedup\C0021_frame000300_tag1_bead2.jpg,2,0.1204
data\bead_crops\from_video_dedup\C0021_frame000300_tag1_bead4.jpg,O,0.2842
data\bead_crops\from_video_dedup\C0021_frame000300_tag2_bead0.jpg,0,0.4387
data\bead_crops\from_video_dedup\C0021_frame000325_tag0_bead3.jpg,0,0.1394
data\bead_crops\from_video_dedup\C0021_frame000325_tag1_bead3.jpg,0,0.4827
data\bead_crops\from_video_dedup\C0021_frame000350_tag1_bead0.jpg,0,0.3594
data\bead_crops\from_video_dedup\C0021_frame000350_tag1_bead1.jpg,,0.0
data\bead_crops\from_video_dedup\C0021_frame000375_tag2_bead2.jpg,0,0.0852
data\bead_crops\from_video_dedup\C0021_frame000375_tag2_bead3.jpg,,0.0
data\bead_crops\from_video_dedup\C0021_frame000425_tag1_bead2.jpg,,0.0
data\bead_crops\from_video_dedup\C0021_frame000400_tag2_bead3.jpg,,0.0
data\bead_crops\from_video_dedup\C0021_frame000425_tag0_bead1.jpg,2,0.0993
data\bead_crops\from_video_dedup\C0021_frame000425_tag1_bead0.jpg,0,0.3103
data\bead_crops\from_video_dedup\C0021_frame000425_tag1_bead3.jpg,0,0.3965
data\bead_crops\from_video_dedup\C0021_frame000425_tag1_bead4.jpg,,0.0
data\bead_crops\from_video_dedup\C0021_frame000425_tag2_bead2.jpg,0,0.1081
data\bead_crops\from_video_dedup\C0021_frame000450_tag1_bead3.jpg,0,0.1251
data\bead_crops\from_video_dedup\C0021_frame000500_tag2_bead3.jpg,,0.0
data\bead_crops\from_video_dedup\C0021_frame000525_tag0_bead1.jpg,C,0.4119
data\bead_crops\from_video_dedup\C0021_frame000550_tag0_bead4.jpg,0,0.202
data\bead_crops\from_video_dedup\C0021_frame000500_tag0_bead3.jpg,0,0.1207
data\bead_crops\from_video_dedup\C0021_frame000525_tag1_bead1.jpg,?,0.1973
data\bead_crops\from_video_dedup\C0021_frame000525_tag2_bead0.jpg,0,0.2101
data\bead_crops\from_video_dedup\C0021_frame000525_tag2_bead3.jpg,,0.0
data\bead_crops\from_video_dedup\C0021_frame000550_tag0_bead0.jpg,O,0.3362
data\bead_crops\from_video_dedup\C0021_frame000550_tag0_bead1.jpg,C,0.7368
data\bead_crops\from_video_dedup\C0021_frame000550_tag1_bead4.jpg,O,0.2154
data\bead_crops\from_video_dedup\C0021_frame000550_tag2_bead0.jpg,0,0.2931
data\bead_crops\from_video_dedup\C0021_frame000550_tag2_bead3.jpg,,0.0
data\bead_crops\from_video_dedup\C0021_frame000650_tag0_bead0.jpg,0,0.3371
data\bead_crops\from_video_dedup\C0021_frame000575_tag0_bead2.jpg,0,0.2919
data\bead_crops\from_video_dedup\C0021_frame000575_tag0_bead3.jpg,,0.0
data\bead_crops\from_video_dedup\C0021_frame000575_tag0_bead4.jpg,,0.0
data\bead_crops\from_video_dedup\C0021_frame000575_tag1_bead1.jpg,0,0.2159
data\bead_crops\from_video_dedup\C0021_frame000575_tag1_bead3.jpg,O,0.653
data\bead_crops\from_video_dedup\C0021_frame000575_tag2_bead3.jpg,O,0.1403
data\bead_crops\from_video_dedup\C0021_frame000600_tag0_bead3.jpg,C,0.283
data\bead_crops\from_video_dedup\C0021_frame000600_tag1_bead2.jpg,C,0.0729
data\bead_crops\from_video_dedup\C0021_frame000600_tag2_bead1.jpg,O,0.2245
data\bead_crops\from_video_dedup\C0021_frame000675_tag0_bead1.jpg,©,0.1615
data\bead_crops\from_video_dedup\C0021_frame000650_tag0_bead3.jpg,C,0.1072
data\bead_crops\from_video_dedup\C0021_frame000725_tag0_bead2.jpg,0,0.1881
data\bead_crops\from_video_dedup\C0021_frame000725_tag0_bead4.jpg,,0.0
data\bead_crops\from_video_dedup\C0021_frame000700_tag1_bead3.jpg,,0.0
data\bead_crops\from_video_dedup\C0021_frame000675_tag1_bead2.jpg,?,0.1218
data\bead_crops\from_video_dedup\C0021_frame000675_tag1_bead3.jpg,O,0.0853
data\bead_crops\from_video_dedup\C0021_frame000675_tag0_bead0.jpg,0,0.3271
data\bead_crops\from_video_dedup\C0021_frame000675_tag0_bead3.jpg,O,0.1061
data\bead_crops\from_video_dedup\C0021_frame000700_tag0_bead0.jpg,0,0.4086
data\bead_crops\from_video_dedup\C0021_frame000775_tag2_bead2.jpg,©,0.1302
data\bead_crops\from_video_dedup\C0021_frame000700_tag0_bead3.jpg,C,0.1081
data\bead_crops\from_video_dedup\C0021_frame000750_tag1_bead1.jpg,0,0.1561
data\bead_crops\from_video_dedup\C0021_frame000700_tag2_bead2.jpg,?,0.1422
data\bead_crops\from_video_dedup\C0021_frame000700_tag2_bead3.jpg,O,0.0882
data\bead_crops\from_video_dedup\C0021_frame000750_tag0_bead0.jpg,0,0.3506
data\bead_crops\from_video_dedup\C0021_frame000725_tag0_bead3.jpg,O,0.122
data\bead_crops\from_video_dedup\C0021_frame000725_tag1_bead3.jpg,O,0.1601
data\bead_crops\from_video_dedup\C0021_frame000900_tag2_bead1.jpg,O,0.6592
data\bead_crops\from_video_dedup\C0021_frame000750_tag1_bead4.jpg,,0.0
data\bead_crops\from_video_dedup\C0021_frame000775_tag2_bead1.jpg,0,0.2312
data\bead_crops\from_video_dedup\C0021_frame000750_tag0_bead3.jpg,C,0.1337
data\bead_crops\from_video_dedup\C0021_frame000775_tag2_bead4.jpg,,0.0
data\bead_crops\from_video_dedup\C0021_frame000875_tag2_bead4.jpg,O,0.1672
data\bead_crops\from_video_dedup\C0021_frame000825_tag0_bead2.jpg,?,0.152
data\bead_crops\from_video_dedup\C0021_frame000775_tag0_bead3.jpg,O,0.1356
data\bead_crops\from_video_dedup\C0021_frame000775_tag2_bead0.jpg,0,0.3686
data\bead_crops\from_video_dedup\C0021_frame000800_tag0_bead0.jpg,®,0.1643
data\bead_crops\from_video_dedup\C0021_frame000800_tag0_bead2.jpg,?,0.1313
data\bead_crops\from_video_dedup\C0021_frame000875_tag1_bead4.jpg,,0.0
data\bead_crops\from_video_dedup\C0021_frame000800_tag2_bead3.jpg,C,0.1124
data\bead_crops\from_video_dedup\C0021_frame000825_tag0_bead3.jpg,O,0.1523
data\bead_crops\from_video_dedup\C0021_frame000850_tag1_bead1.jpg,0,0.2327
data\bead_crops\from_video_dedup\C0021_frame000850_tag1_bead3.jpg,C,0.2291
data\bead_crops\from_video_dedup\C0021_frame000850_tag1_bead4.jpg,4,0.1066
data\bead_crops\from_video_dedup\C0021_frame000900_tag1_bead0.jpg,-,0.2357
data\bead_crops\from_video_dedup\C0021_frame000875_tag0_bead1.jpg,0,0.162
data\bead_crops\from_video_dedup\C0021_frame000900_tag1_bead1.jpg,©,0.1388
data\bead_crops\from_video_dedup\C0021_frame000900_tag1_bead3.jpg,C,0.1041
data\bead_crops\from_video_dedup\C0021_frame002000_tag2_bead0.jpg,O,0.5839
data\bead_crops\from_video_dedup\C0021_frame000900_tag2_bead2.jpg,9,0.2952
data\bead_crops\from_video_dedup\C0021_frame000875_tag2_bead3.jpg,O,0.1436
data\bead_crops\from_video_dedup\C0021_frame000900_tag0_bead2.jpg,?,0.1771
data\bead_crops\from_video_dedup\C0021_frame000900_tag1_bead4.jpg,4,0.1695
data\bead_crops\from_video_dedup\C0021_frame000900_tag2_bead4.jpg,,0.0
data\bead_crops\from_video_dedup\C0021_frame000950_tag0_bead3.jpg,C,0.1331
data\bead_crops\from_video_dedup\C0021_frame001050_tag0_bead2.jpg,0,0.1991
data\bead_crops\from_video_dedup\C0021_frame000950_tag0_bead4.jpg,,0.0
data\bead_crops\from_video_dedup\C0021_frame001050_tag1_bead1.jpg,O,0.2855
data\bead_crops\from_video_dedup\C0021_frame001025_tag0_bead3.jpg,O,0.0699
data\bead_crops\from_video_dedup\C0021_frame001150_tag1_bead4.jpg,4,0.0983
data\bead_crops\from_video_dedup\C0021_frame001050_tag2_bead3.jpg,0,0.1365
data\bead_crops\from_video_dedup\C0021_frame001000_tag1_bead4.jpg,,0.0
data\bead_crops\from_video_dedup\C0021_frame001025_tag0_bead0.jpg,®,0.2453
data\bead_crops\from_video_dedup\C0021_frame001075_tag0_bead0.jpg,0,0.3477
data\bead_crops\from_video_dedup\C0021_frame001050_tag0_bead1.jpg,0,0.1245
data\bead_crops\from_video_dedup\C0021_frame001050_tag2_bead2.jpg,9,0.3638
data\bead_crops\from_video_dedup\C0021_frame001025_tag2_bead4.jpg,,0.0
data\bead_crops\from_video_dedup\C0021_frame001050_tag0_bead3.jpg,,0.0
data\bead_crops\from_video_dedup\C0021_frame001050_tag1_bead4.jpg,0,0.1319
data\bead_crops\from_video_dedup\C0021_frame001050_tag2_bead4.jpg,,0.0
data\bead_crops\from_video_dedup\C0021_frame001075_tag2_bead1.jpg,?,0.1204
data\bead_crops\from_video_dedup\C0021_frame001125_tag1_bead2.jpg,C,0.083
data\bead_crops\from_video_dedup\C0021_frame001250_tag2_bead4.jpg,O,0.1471
data\bead_crops\from_video_dedup\C0021_frame001125_tag2_bead2.jpg,9,0.1052
data\bead_crops\from_video_dedup\C0021_frame001175_tag2_bead3.jpg,0,0.1443
data\bead_crops\from_video_dedup\C0021_frame001100_tag2_bead4.jpg,,0.0
data\bead_crops\from_video_dedup\C0021_frame001150_tag0_bead3.jpg,O,0.0902
data\bead_crops\from_video_dedup\C0021_frame001125_tag1_bead1.jpg,0,0.21
data\bead_crops\from_video_dedup\C0021_frame001125_tag2_bead4.jpg,,0.0
data\bead_crops\from_video_dedup\C0021_frame001150_tag0_bead1.jpg,O,0.2632
data\bead_crops\from_video_dedup\C0021_frame001175_tag0_bead0.jpg,0,0.2645
data\bead_crops\from_video_dedup\C0021_frame001150_tag1_bead2.jpg,C,0.0689
data\bead_crops\from_video_dedup\C0021_frame001200_tag0_bead1.jpg,O,0.158
data\bead_crops\from_video_dedup\C0021_frame001150_tag2_bead3.jpg,0,0.1384
data\bead_crops\from_video_dedup\C0021_frame001225_tag1_bead0.jpg,®,0.2595
data\bead_crops\from_video_dedup\C0021_frame001225_tag1_bead3.jpg,O,0.0865
data\bead_crops\from_video_dedup\C0021_frame001250_tag0_bead2.jpg,C,0.0979
data\bead_crops\from_video_dedup\C0021_frame001300_tag0_bead2.jpg,,0.0
data\bead_crops\from_video_dedup\C0021_frame001300_tag0_bead3.jpg,9,0.109
data\bead_crops\from_video_dedup\C0021_frame001250_tag0_bead0.jpg,0,0.21
data\bead_crops\from_video_dedup\C0021_frame001250_tag0_bead1.jpg,O,0.2232
data\bead_crops\from_video_dedup\C0021_frame001325_tag1_bead4.jpg,,0.0
data\bead_crops\from_video_dedup\C0021_frame001350_tag1_bead2.jpg,C,0.1285
data\bead_crops\from_video_dedup\C0021_frame001325_tag2_bead3.jpg,2,0.0407
data\bead_crops\from_video_dedup\C0021_frame001300_tag2_bead1.jpg,O,0.2328
data\bead_crops\from_video_dedup\C0021_frame001375_tag0_bead4.jpg,,0.0
data\bead_crops\from_video_dedup\C0021_frame001325_tag0_bead0.jpg,0,0.3522
data\bead_crops\from_video_dedup\C0021_frame001375_tag0_bead3.jpg,©,0.1512
data\bead_crops\from_video_dedup\C0021_frame001375_tag1_bead2.jpg,,0.0
data\bead_crops\from_video_dedup\C0021_frame001350_tag1_bead0.jpg,Q,0.1844
data\bead_crops\from_video_dedup\C0021_frame001375_tag1_bead0.jpg,0,0.3846
data\bead_crops\from_video_dedup\C0021_frame001375_tag1_bead3.jpg,,0.0
data\bead_crops\from_video_dedup\C0021_frame001375_tag2_bead2.jpg,?,0.196
data\bead_crops\from_video_dedup\C0021_frame001425_tag1_bead3.jpg,3,0.0515
data\bead_crops\from_video_dedup\C0021_frame001425_tag1_bead4.jpg,,0.0
data\bead_crops\from_video_dedup\C0021_frame001400_tag1_bead0.jpg,O,0.1868
data\bead_crops\from_video_dedup\C0021_frame001400_tag1_bead1.jpg,C,0.0817
data\bead_crops\from_video_dedup\C0021_frame001425_tag0_bead2.jpg,C,0.0967
data\bead_crops\from_video_dedup\C0021_frame001475_tag0_bead4.jpg,,0.0
data\bead_crops\from_video_dedup\C0021_frame001425_tag1_bead2.jpg,?,0.12
data\bead_crops\from_video_dedup\C0021_frame001500_tag2_bead2.jpg,,0.0
data\bead_crops\from_video_dedup\C0021_frame001475_tag0_bead1.jpg,O,0.2207
data\bead_crops\from_video_dedup\C0021_frame001450_tag1_bead3.jpg,,0.0
data\bead_crops\from_video_dedup\C0021_frame001500_tag2_bead0.jpg,0,0.3014
data\bead_crops\from_video_dedup\C0021_frame001475_tag0_bead0.jpg,C,0.1114
data\bead_crops\from_video_dedup\C0021_frame001475_tag0_bead2.jpg,Q,0.2638
data\bead_crops\from_video_dedup\C0021_frame001475_tag1_bead1.jpg,0,0.3356
data\bead_crops\from_video_dedup\C0021_frame001500_tag2_bead3.jpg,,0.0
data\bead_crops\from_video_dedup\C0021_frame001675_tag0_bead4.jpg,,0.0
data\bead_crops\from_video_dedup\C0021_frame001525_tag1_bead0.jpg,®,0.1923
data\bead_crops\from_video_dedup\C0021_frame001525_tag1_bead3.jpg,,0.0
data\bead_crops\from_video_dedup\C0021_frame001525_tag1_bead4.jpg,,0.0
data\bead_crops\from_video_dedup\C0021_frame001525_tag0_bead0.jpg,G,0.0917
data\bead_crops\from_video_dedup\C0021_frame001525_tag1_bead2.jpg,?,0.1053
data\bead_crops\from_video_dedup\C0021_frame001725_tag2_bead2.jpg,,0.0
data\bead_crops\from_video_dedup\C0021_frame001550_tag1_bead2.jpg,?,0.1052
data\bead_crops\from_video_dedup\C0021_frame001550_tag1_bead4.jpg,,0.0
data\bead_crops\from_video_dedup\C0021_frame001675_tag0_bead1.jpg,Q,0.2807
data\bead_crops\from_video_dedup\C0021_frame001675_tag0_bead3.jpg,©,0.164
data\bead_crops\from_video_dedup\C0021_frame001575_tag1_bead2.jpg,?,0.0754
data\bead_crops\from_video_dedup\C0021_frame001625_tag2_bead3.jpg,,0.0
data\bead_crops\from_video_dedup\C0021_frame001625_tag0_bead1.jpg,6,0.2189
data\bead_crops\from_video_dedup\C0021_frame001700_tag1_bead0.jpg,O,0.1174
data\bead_crops\from_video_dedup\C0021_frame001625_tag1_bead4.jpg,,0.0
data\bead_crops\from_video_dedup\C0021_frame001725_tag2_bead0.jpg,0,0.3846
data\bead_crops\from_video_dedup\C0021_frame001625_tag2_bead2.jpg,,0.0
data\bead_crops\from_video_dedup\C0021_frame001625_tag0_bead0.jpg,®,0.1156
data\bead_crops\from_video_dedup\C0021_frame001975_tag0_bead1.jpg,O,0.3632
data\bead_crops\from_video_dedup\C0021_frame001700_tag1_bead1.jpg,O,0.297
data\bead_crops\from_video_dedup\C0021_frame001625_tag1_bead3.jpg,,0.0
data\bead_crops\from_video_dedup\C0021_frame001650_tag1_bead2.jpg,C,0.0527
data\bead_crops\from_video_dedup\C0021_frame001675_tag0_bead0.jpg,G,0.0943
data\bead_crops\from_video_dedup\C0021_frame001700_tag1_bead3.jpg,,0.0
data\bead_crops\from_video_dedup\C0021_frame001700_tag1_bead4.jpg,,0.0
data\bead_crops\from_video_dedup\C0021_frame001700_tag0_bead0.jpg,G,0.1167
data\bead_crops\from_video_dedup\C0021_frame001700_tag0_bead1.jpg,6,0.4776
data\bead_crops\from_video_dedup\C0021_frame002475_tag1_bead0.jpg,®,0.1268
data\bead_crops\from_video_dedup\C0021_frame001900_tag1_bead2.jpg,C,0.0386
data\bead_crops\from_video_dedup\C0021_frame001725_tag0_bead3.jpg,,0.0
data\bead_crops\from_video_dedup\C0021_frame001900_tag1_bead4.jpg,,0.0
data\bead_crops\from_video_dedup\C0021_frame001775_tag0_bead0.jpg,,0.0
data\bead_crops\from_video_dedup\C0021_frame001775_tag0_bead1.jpg,O,0.1742
data\bead_crops\from_video_dedup\C0021_frame001750_tag1_bead2.jpg,C,0.0557
data\bead_crops\from_video_dedup\C0021_frame001825_tag0_bead3.jpg,Q,0.0543
data\bead_crops\from_video_dedup\C0021_frame001800_tag0_bead4.jpg,G,0.0654
data\bead_crops\from_video_dedup\C0021_frame001800_tag1_bead2.jpg,2,0.0527
data\bead_crops\from_video_dedup\C0021_frame001800_tag1_bead3.jpg,,0.0
data\bead_crops\from_video_dedup\C0021_frame001800_tag1_bead4.jpg,,0.0
data\bead_crops\from_video_dedup\C0021_frame001925_tag2_bead1.jpg,0,0.2668
data\bead_crops\from_video_dedup\C0021_frame001800_tag2_bead3.jpg,,0.0
data\bead_crops\from_video_dedup\C0021_frame001825_tag0_bead1.jpg,6,0.3069
data\bead_crops\from_video_dedup\C0021_frame001825_tag1_bead3.jpg,1,0.0442
data\bead_crops\from_video_dedup\C0021_frame001925_tag2_bead2.jpg,,0.0
data\bead_crops\from_video_dedup\C0021_frame001900_tag2_bead1.jpg,O,0.3112
data\bead_crops\from_video_dedup\C0021_frame001900_tag2_bead2.jpg,,0.0
data\bead_crops\from_video_dedup\C0021_frame001925_tag0_bead0.jpg,G,0.1194
data\bead_crops\from_video_dedup\C0021_frame002000_tag0_bead2.jpg,6,0.3528
data\bead_crops\from_video_dedup\C0021_frame002025_tag0_bead3.jpg,©,0.1531
data\bead_crops\from_video_dedup\C0021_frame001925_tag1_bead2.jpg,0,0.059
data\bead_crops\from_video_dedup\C0021_frame002075_tag1_bead3.jpg,,0.0
data\bead_crops\from_video_dedup\C0021_frame002000_tag2_bead1.jpg,0,0.2038
data\bead_crops\from_video_dedup\C0021_frame002025_tag2_bead3.jpg,,0.0
data\bead_crops\from_video_dedup\C0021_frame002000_tag1_bead3.jpg,,0.0
data\bead_crops\from_video_dedup\C0021_frame002025_tag0_bead0.jpg,G,0.1532
data\bead_crops\from_video_dedup\C0021_frame002025_tag0_bead2.jpg,6,0.2533
data\bead_crops\from_video_dedup\C0021_frame002025_tag0_bead4.jpg,Q,0.0732
data\bead_crops\from_video_dedup\C0021_frame002050_tag0_bead3.jpg,©,0.1634
data\bead_crops\from_video_dedup\C0021_frame002075_tag1_bead2.jpg,小,0.0238
data\bead_crops\from_video_dedup\C0021_frame002075_tag1_bead4.jpg,,0.0
data\bead_crops\from_video_dedup\C0021_frame002075_tag0_bead0.jpg,G,0.2016
data\bead_crops\from_video_dedup\C0021_frame002075_tag0_bead1.jpg,O,0.1366
data\bead_crops\from_video_dedup\C0021_frame002500_tag1_bead4.jpg,Q,0.1015
data\bead_crops\from_video_dedup\C0021_frame002100_tag1_bead2.jpg,门,0.0188
data\bead_crops\from_video_dedup\C0021_frame002100_tag1_bead3.jpg,,0.0
data\bead_crops\from_video_dedup\C0021_frame002175_tag0_bead3.jpg,X,0.0852
data\bead_crops\from_video_dedup\C0021_frame002225_tag2_bead1.jpg,C,0.2709
data\bead_crops\from_video_dedup\C0021_frame002225_tag2_bead3.jpg,,0.0
data\bead_crops\from_video_dedup\C0021_frame002125_tag0_bead0.jpg,G,0.136
data\bead_crops\from_video_dedup\C0021_frame002200_tag0_bead2.jpg,O,0.031
data\bead_crops\from_video_dedup\C0021_frame002175_tag1_bead0.jpg,G,0.1404
data\bead_crops\from_video_dedup\C0021_frame002375_tag0_bead4.jpg,o,0.1223
data\bead_crops\from_video_dedup\C0021_frame002150_tag2_bead3.jpg,,0.0
data\bead_crops\from_video_dedup\C0021_frame002175_tag1_bead2.jpg,,0.0
data\bead_crops\from_video_dedup\C0021_frame002175_tag1_bead3.jpg,6,0.3699
data\bead_crops\from_video_dedup\C0021_frame002275_tag0_bead3.jpg,X,0.055
data\bead_crops\from_video_dedup\C0021_frame002325_tag2_bead0.jpg,o,0.3141
data\bead_crops\from_video_dedup\C0021_frame002300_tag2_bead3.jpg,,0.0
data\bead_crops\from_video_dedup\C0021_frame002275_tag0_bead2.jpg,O,0.0715
data\bead_crops\from_video_dedup\C0021_frame002475_tag1_bead1.jpg,0,0.5541
data\bead_crops\from_video_dedup\C0021_frame002475_tag2_bead2.jpg,,0.0
data\bead_crops\from_video_dedup\C0021_frame002325_tag0_bead3.jpg,,0.0
data\bead_crops\from_video_dedup\C0021_frame002300_tag1_bead0.jpg,G,0.1337
data\bead_crops\from_video_dedup\C0021_frame002425_tag0_bead1.jpg,O,0.2936
data\bead_crops\from_video_dedup\C0021_frame002300_tag2_bead1.jpg,C,0.2653
data\bead_crops\from_video_dedup\C0021_frame002375_tag0_bead2.jpg,?,0.2024
data\bead_crops\from_video_dedup\C0021_frame002325_tag2_bead3.jpg,,0.0
data\bead_crops\from_video_dedup\C0021_frame002375_tag0_bead0.jpg,O,0.1296
data\bead_crops\from_video_dedup\C0021_frame002350_tag0_bead3.jpg,,0.0
data\bead_crops\from_video_dedup\C0021_frame002350_tag1_bead0.jpg,G,0.1105
data\bead_crops\from_video_dedup\C0021_frame002350_tag2_bead3.jpg,,0.0
data\bead_crops\from_video_dedup\C0021_frame002375_tag0_bead3.jpg,2,0.1835
data\bead_crops\from_video_dedup\C0021_frame002375_tag2_bead3.jpg,,0.0
data\bead_crops\from_video_dedup\C0021_frame002425_tag0_bead2.jpg,O,0.1559
data\bead_crops\from_video_dedup\C0021_frame002650_tag0_bead3.jpg,0,0.6673
data\bead_crops\from_video_dedup\C0021_frame002475_tag1_bead2.jpg,?,0.2575
data\bead_crops\from_video_dedup\C0021_frame002400_tag2_bead3.jpg,,0.0
data\bead_crops\from_video_dedup\C0021_frame002475_tag1_bead3.jpg,2,0.1453
data\bead_crops\from_video_dedup\C0021_frame002425_tag2_bead3.jpg,,0.0
data\bead_crops\from_video_dedup\C0021_frame002500_tag1_bead0.jpg,G,0.1773
data\bead_crops\from_video_dedup\C0021_frame002475_tag2_bead1.jpg,,0.0
data\bead_crops\from_video_dedup\C0021_frame002450_tag2_bead3.jpg,,0.0
data\bead_crops\from_video_dedup\C0021_frame002525_tag1_bead3.jpg,6,0.2821
data\bead_crops\from_video_dedup\C0021_frame002475_tag1_bead4.jpg,O,0.1064
data\bead_crops\from_video_dedup\C0021_frame002475_tag2_bead3.jpg,,0.0
data\bead_crops\from_video_dedup\C0021_frame002625_tag0_bead0.jpg,®,0.3209
data\bead_crops\from_video_dedup\C0021_frame002575_tag1_bead2.jpg,?,0.3341
data\bead_crops\from_video_dedup\C0021_frame002525_tag0_bead4.jpg,o,0.1207
data\bead_crops\from_video_dedup\C0021_frame002500_tag2_bead3.jpg,,0.0
data\bead_crops\from_video_dedup\C0021_frame002575_tag1_bead3.jpg,O,0.1016
data\bead_crops\from_video_dedup\C0021_frame002525_tag2_bead3.jpg,,0.0
data\bead_crops\from_video_dedup\C0021_frame002600_tag0_bead0.jpg,G,0.1133
data\bead_crops\from_video_dedup\C0021_frame002700_tag0_bead4.jpg,O,0.1634
data\bead_crops\from_video_dedup\C0021_frame002600_tag1_bead1.jpg,,0.0
data\bead_crops\from_video_dedup\C0021_frame002575_tag2_bead3.jpg,,0.0
data\bead_crops\from_video_dedup\C0021_frame002600_tag1_bead0.jpg,o,0.3498
data\bead_crops\from_video_dedup\C0021_frame002600_tag1_bead2.jpg,,0.0
data\bead_crops\from_video_dedup\C0021_frame002700_tag0_bead1.jpg,?,0.2647
data\bead_crops\from_video_dedup\C0021_frame002750_tag0_bead2.jpg,心,0.2461
data\bead_crops\from_video_dedup\C0021_frame002625_tag1_bead0.jpg,G,0.0954
data\bead_crops\from_video_dedup\C0021_frame002675_tag2_bead1.jpg,,0.0
data\bead_crops\from_video_dedup\C0021_frame002875_tag1_bead0.jpg,®,0.1852
data\bead_crops\from_video_dedup\C0021_frame002800_tag1_bead4.jpg,A,0.0626
data\bead_crops\from_video_dedup\C0021_frame002650_tag2_bead2.jpg,,0.0
data\bead_crops\from_video_dedup\C0021_frame002675_tag0_bead0.jpg,G,0.1124
data\bead_crops\from_video_dedup\C0021_frame002675_tag2_bead2.jpg,,0.0
data\bead_crops\from_video_dedup\C0021_frame002875_tag1_bead1.jpg,0,0.6496
data\bead_crops\from_video_dedup\C0021_frame002725_tag2_bead1.jpg,,0.0
data\bead_crops\from_video_dedup\C0021_frame002700_tag2_bead2.jpg,,0.0
data\bead_crops\from_video_dedup\C0021_frame002725_tag0_bead4.jpg,O,0.1584
data\bead_crops\from_video_dedup\C0021_frame002900_tag2_bead0.jpg,O,0.3794
data\bead_crops\from_video_dedup\C0021_frame002725_tag2_bead2.jpg,,0.0
data\bead_crops\from_video_dedup\C0021_frame002800_tag1_bead1.jpg,O,0.1661
data\bead_crops\from_video_dedup\C0021_frame002875_tag2_bead1.jpg,,0.0
data\bead_crops\from_video_dedup\C0021_frame002800_tag1_bead0.jpg,G,0.1743
data\bead_crops\from_video_dedup\C0021_frame002875_tag1_bead2.jpg,?,0.296
data\bead_crops\from_video_dedup\C0021_frame002875_tag1_bead3.jpg,心,0.1172
data\bead_crops\from_video_dedup\C0021_frame002825_tag1_bead1.jpg,Q,0.2676
data\bead_crops\from_video_dedup\C0021_frame002850_tag1_bead2.jpg,O,0.2636
data\bead_crops\from_video_dedup\C0021_frame002875_tag1_bead4.jpg,0,0.1443
data\bead_crops\from_video_dedup\C0021_frame003050_tag1_bead0.jpg,G,0.2002
data\bead_crops\from_video_dedup\C0021_frame002900_tag1_bead2.jpg,心,0.1859
data\bead_crops\from_video_dedup\C0021_frame003675_tag0_bead0.jpg,®,0.1978
data\bead_crops\from_video_dedup\C0021_frame002950_tag0_bead1.jpg,心,0.2858
data\bead_crops\from_video_dedup\C0021_frame002950_tag0_bead2.jpg,?,0.3548
data\bead_crops\from_video_dedup\C0021_frame003825_tag2_bead4.jpg,Q,0.2077
data\bead_crops\from_video_dedup\C0021_frame003000_tag2_bead0.jpg,O,0.3558
data\bead_crops\from_video_dedup\C0021_frame003000_tag2_bead2.jpg,,0.0
data\bead_crops\from_video_dedup\C0021_frame003350_tag1_bead1.jpg,O,0.2103
data\bead_crops\from_video_dedup\C0021_frame003025_tag2_bead2.jpg,,0.0
data\bead_crops\from_video_dedup\C0021_frame003350_tag1_bead3.jpg,®,0.1619
data\bead_crops\from_video_dedup\C0021_frame003050_tag2_bead2.jpg,,0.0
data\bead_crops\from_video_dedup\C0021_frame003175_tag0_bead3.jpg,心,0.4479
data\bead_crops\from_video_dedup\C0021_frame003100_tag2_bead2.jpg,,0.0
data\bead_crops\from_video_dedup\C0021_frame003175_tag0_bead4.jpg,0,0.1554
data\bead_crops\from_video_dedup\C0021_frame003350_tag1_bead0.jpg,®,0.1941
data\bead_crops\from_video_dedup\C0021_frame003350_tag1_bead2.jpg,6,0.2863
data\bead_crops\from_video_dedup\C0021_frame003900_tag0_bead0.jpg,8,0.1258
data\bead_crops\from_video_dedup\C0021_frame003150_tag0_bead1.jpg,?,0.3131
data\bead_crops\from_video_dedup\C0021_frame003200_tag0_bead1.jpg,?,0.3172
data\bead_crops\from_video_dedup\C0021_frame003200_tag0_bead3.jpg,心,0.192
data\bead_crops\from_video_dedup\C0021_frame003250_tag1_bead0.jpg,O,0.3593
data\bead_crops\from_video_dedup\C0021_frame003225_tag1_bead2.jpg,,0.0
data\bead_crops\from_video_dedup\C0021_frame003225_tag2_bead1.jpg,C,0.1951
data\bead_crops\from_video_dedup\C0021_frame003350_tag0_bead4.jpg,O,0.1434
data\bead_crops\from_video_dedup\C0021_frame003250_tag1_bead1.jpg,,0.0
data\bead_crops\from_video_dedup\C0021_frame003250_tag1_bead2.jpg,,0.0
data\bead_crops\from_video_dedup\C0021_frame003250_tag1_bead3.jpg,,0.0
data\bead_crops\from_video_dedup\C0021_frame003250_tag2_bead2.jpg,心,0.5266
data\bead_crops\from_video_dedup\C0021_frame003325_tag0_bead0.jpg,G,0.1576
data\bead_crops\from_video_dedup\C0021_frame003625_tag2_bead1.jpg,0,0.1735
data\bead_crops\from_video_dedup\C0021_frame003300_tag2_bead2.jpg,,0.0
data\bead_crops\from_video_dedup\C0021_frame003275_tag1_bead3.jpg,,0.0
data\bead_crops\from_video_dedup\C0021_frame003300_tag2_bead1.jpg,,0.0
data\bead_crops\from_video_dedup\C0021_frame003300_tag2_bead3.jpg,,0.0
data\bead_crops\from_video_dedup\C0021_frame003675_tag0_bead1.jpg,?,0.2499
data\bead_crops\from_video_dedup\C0021_frame003425_tag0_bead3.jpg,心,0.2242
data\bead_crops\from_video_dedup\C0021_frame003325_tag2_bead0.jpg,,0.0
data\bead_crops\from_video_dedup\C0021_frame003325_tag2_bead2.jpg,,0.0
data\bead_crops\from_video_dedup\C0021_frame003375_tag2_bead2.jpg,A,0.3047
data\bead_crops\from_video_dedup\C0021_frame003350_tag2_bead3.jpg,,0.0
data\bead_crops\from_video_dedup\C0021_frame003800_tag2_bead1.jpg,6,0.2069
data\bead_crops\from_video_dedup\C0021_frame003375_tag2_bead1.jpg,,0.0
data\bead_crops\from_video_dedup\C0021_frame003375_tag2_bead3.jpg,,0.0
data\bead_crops\from_video_dedup\C0021_frame003675_tag0_bead4.jpg,0,0.2392
data\bead_crops\from_video_dedup\C0021_frame003425_tag2_bead2.jpg,,0.0
data\bead_crops\from_video_dedup\C0021_frame003400_tag2_bead3.jpg,,0.0
data\bead_crops\from_video_dedup\C0021_frame003450_tag0_bead0.jpg,®,0.1608
data\bead_crops\from_video_dedup\C0021_frame003425_tag2_bead1.jpg,,0.0
data\bead_crops\from_video_dedup\C0021_frame003475_tag1_bead2.jpg,A,0.1442
data\bead_crops\from_video_dedup\C0021_frame003500_tag1_bead0.jpg,G,0.1878
data\bead_crops\from_video_dedup\C0021_frame004725_tag0_bead2.jpg,®,0.2492
data\bead_crops\from_video_dedup\C0021_frame003475_tag1_bead1.jpg,C,0.185
data\bead_crops\from_video_dedup\C0021_frame003500_tag0_bead2.jpg,,0.0
data\bead_crops\from_video_dedup\C0021_frame003550_tag2_bead1.jpg,心,0.347
data\bead_crops\from_video_dedup\C0021_frame003500_tag0_bead1.jpg,C,0.1537
data\bead_crops\from_video_dedup\C0021_frame003500_tag0_bead3.jpg,,0.0
data\bead_crops\from_video_dedup\C0021_frame003525_tag0_bead1.jpg,0,0.2208
data\bead_crops\from_video_dedup\C0021_frame003525_tag0_bead2.jpg,,0.0
data\bead_crops\from_video_dedup\C0021_frame003550_tag1_bead3.jpg,全,0.126
data\bead_crops\from_video_dedup\C0021_frame003525_tag1_bead0.jpg,®,0.157
data\bead_crops\from_video_dedup\C0021_frame003550_tag0_bead0.jpg,®,0.1599
data\bead_crops\from_video_dedup\C0021_frame003550_tag1_bead1.jpg,0,0.311
data\bead_crops\from_video_dedup\C0021_frame003550_tag1_bead2.jpg,,0.0
data\bead_crops\from_video_dedup\C0021_frame003575_tag0_bead0.jpg,®,0.1147
data\bead_crops\from_video_dedup\C0021_frame003575_tag1_bead0.jpg,O,0.4452
data\bead_crops\from_video_dedup\C0021_frame003575_tag1_bead2.jpg,,0.0
data\bead_crops\from_video_dedup\C0021_frame003575_tag1_bead3.jpg,,0.0
data\bead_crops\from_video_dedup\C0021_frame003600_tag0_bead0.jpg,®,0.1724
data\bead_crops\from_video_dedup\C0021_frame004725_tag0_bead1.jpg,O,0.2848
data\bead_crops\from_video_dedup\C0021_frame003625_tag2_bead0.jpg,0,0.4195
data\bead_crops\from_video_dedup\C0021_frame003625_tag2_bead2.jpg,,0.0
data\bead_crops\from_video_dedup\C0021_frame003675_tag0_bead3.jpg,心,0.2245
data\bead_crops\from_video_dedup\C0021_frame003625_tag2_bead3.jpg,,0.0
data\bead_crops\from_video_dedup\C0021_frame003650_tag1_bead0.jpg,0,0.3424
data\bead_crops\from_video_dedup\C0021_frame003775_tag1_bead1.jpg,o,0.2095
data\bead_crops\from_video_dedup\C0021_frame003650_tag1_bead2.jpg,,0.0
data\bead_crops\from_video_dedup\C0021_frame003675_tag1_bead1.jpg,6,0.2079
data\bead_crops\from_video_dedup\C0021_frame003675_tag1_bead3.jpg,Q,0.1757
data\bead_crops\from_video_dedup\C0021_frame003675_tag2_bead0.jpg,0,0.4278
data\bead_crops\from_video_dedup\C0021_frame003675_tag2_bead3.jpg,0,0.1097
data\bead_crops\from_video_dedup\C0021_frame003700_tag0_bead3.jpg,心,0.2138
data\bead_crops\from_video_dedup\C0021_frame003775_tag1_bead0.jpg,O,0.4379
data\bead_crops\from_video_dedup\C0021_frame003925_tag0_bead2.jpg,9,0.323
data\bead_crops\from_video_dedup\C0021_frame003975_tag2_bead3.jpg,0,0.1796
data\bead_crops\from_video_dedup\C0021_frame003725_tag2_bead0.jpg,®,0.2406
data\bead_crops\from_video_dedup\C0021_frame003775_tag0_bead1.jpg,?,0.3417
data\bead_crops\from_video_dedup\C0021_frame003775_tag1_bead4.jpg,,0.0
data\bead_crops\from_video_dedup\C0021_frame003825_tag2_bead0.jpg,®,0.2142
data\bead_crops\from_video_dedup\C0021_frame003900_tag1_bead4.jpg,,0.0
data\bead_crops\from_video_dedup\C0021_frame003875_tag0_bead0.jpg,O,0.5019
data\bead_crops\from_video_dedup\C0021_frame003875_tag0_bead3.jpg,0,0.2096
data\bead_crops\from_video_dedup\C0021_frame003825_tag0_bead4.jpg,,0.0
data\bead_crops\from_video_dedup\C0021_frame003875_tag1_bead1.jpg,心,0.218
data\bead_crops\from_video_dedup\C0021_frame003875_tag0_bead2.jpg,9,0.5866
data\bead_crops\from_video_dedup\C0021_frame003850_tag0_bead4.jpg,,0.0
data\bead_crops\from_video_dedup\C0021_frame003925_tag2_bead0.jpg,®,0.2298
data\bead_crops\from_video_dedup\C0021_frame003925_tag2_bead1.jpg,6,0.4059
data\bead_crops\from_video_dedup\C0021_frame003875_tag0_bead4.jpg,,0.0
data\bead_crops\from_video_dedup\C0021_frame003900_tag0_bead1.jpg,心,0.2261
data\bead_crops\from_video_dedup\C0021_frame003900_tag0_bead2.jpg,2,0.2459
data\bead_crops\from_video_dedup\C0021_frame003925_tag0_bead4.jpg,,0.0
data\bead_crops\from_video_dedup\C0021_frame004200_tag1_bead1.jpg,心,0.38
data\bead_crops\from_video_dedup\C0021_frame004000_tag0_bead4.jpg,O,0.3061
data\bead_crops\from_video_dedup\C0021_frame003950_tag0_bead2.jpg,心,0.4029
data\bead_crops\from_video_dedup\C0021_frame003950_tag1_bead4.jpg,,0.0
data\bead_crops\from_video_dedup\C0021_frame003975_tag0_bead1.jpg,?,0.3904
data\bead_crops\from_video_dedup\C0021_frame003975_tag2_bead2.jpg,,0.0
data\bead_crops\from_video_dedup\C0021_frame004800_tag2_bead0.jpg,®,0.4374
data\bead_crops\from_video_dedup\C0021_frame004000_tag2_bead2.jpg,0,0.1352
data\bead_crops\from_video_dedup\C0021_frame004475_tag0_bead1.jpg,0,0.8448
data\bead_crops\from_video_dedup\C0021_frame004025_tag2_bead0.jpg,0,0.5268
data\bead_crops\from_video_dedup\C0021_frame004050_tag2_bead2.jpg,9,0.2801
data\bead_crops\from_video_dedup\C0021_frame004050_tag2_bead3.jpg,,0.0
data\bead_crops\from_video_dedup\C0021_frame004500_tag0_bead4.jpg,O,0.3739
data\bead_crops\from_video_dedup\C0021_frame004275_tag2_bead0.jpg,O,0.5705
data\bead_crops\from_video_dedup\C0021_frame004150_tag1_bead1.jpg,O,0.3612
data\bead_crops\from_video_dedup\C0021_frame004125_tag1_bead2.jpg,9,0.2411
data\bead_crops\from_video_dedup\C0021_frame004075_tag2_bead3.jpg,,0.0
data\bead_crops\from_video_dedup\C0021_frame004100_tag1_bead3.jpg,,0.0
data\bead_crops\from_video_dedup\C0021_frame004225_tag1_bead0.jpg,®,0.313
data\bead_crops\from_video_dedup\C0021_frame004125_tag1_bead3.jpg,,0.0
data\bead_crops\from_video_dedup\C0021_frame004725_tag0_bead3.jpg,6,0.3998
data\bead_crops\from_video_dedup\C0021_frame004150_tag0_bead3.jpg,心,0.1702
data\bead_crops\from_video_dedup\C0021_frame004150_tag1_bead2.jpg,9,0.2238
data\bead_crops\from_video_dedup\C0021_frame004375_tag0_bead0.jpg,8,0.1626
data\bead_crops\from_video_dedup\C0021_frame004175_tag2_bead1.jpg,O,0.3442
data\bead_crops\from_video_dedup\C0021_frame004175_tag2_bead2.jpg,,0.0
data\bead_crops\from_video_dedup\C0021_frame004175_tag2_bead3.jpg,,0.0
data\bead_crops\from_video_dedup\C0021_frame004200_tag2_bead2.jpg,,0.0
data\bead_crops\from_video_dedup\C0021_frame004250_tag0_bead1.jpg,心,0.496
data\bead_crops\from_video_dedup\C0021_frame004225_tag2_bead1.jpg,O,0.4216
data\bead_crops\from_video_dedup\C0021_frame004275_tag2_bead2.jpg,,0.0
data\bead_crops\from_video_dedup\C0021_frame004375_tag0_bead2.jpg,?,0.289
data\bead_crops\from_video_dedup\C0021_frame004275_tag2_bead1.jpg,O,0.3556
data\bead_crops\from_video_dedup\C0021_frame004325_tag0_bead3.jpg,心,0.2407
data\bead_crops\from_video_dedup\C0021_frame004350_tag2_bead0.jpg,O,0.5115
data\bead_crops\from_video_dedup\C0021_frame004300_tag2_bead3.jpg,,0.0
data\bead_crops\from_video_dedup\C0021_frame004325_tag2_bead2.jpg,,0.0
data\bead_crops\from_video_dedup\C0021_frame004325_tag2_bead3.jpg,,0.0
data\bead_crops\from_video_dedup\C0021_frame004375_tag0_bead3.jpg,心,0.3245
data\bead_crops\from_video_dedup\C0021_frame004350_tag2_bead1.jpg,0,0.3239
data\bead_crops\from_video_dedup\C0021_frame004400_tag2_bead2.jpg,,0.0
data\bead_crops\from_video_dedup\C0021_frame004425_tag2_bead0.jpg,O,0.4579
data\bead_crops\from_video_dedup\C0021_frame004400_tag0_bead3.jpg,?,0.3196
data\bead_crops\from_video_dedup\C0021_frame004450_tag1_bead2.jpg,6,0.2446
data\bead_crops\from_video_dedup\C0021_frame004475_tag2_bead1.jpg,0,0.2806
data\bead_crops\from_video_dedup\C0021_frame004425_tag2_bead2.jpg,,0.0
data\bead_crops\from_video_dedup\C0021_frame004475_tag0_bead2.jpg,0,0.1905
data\bead_crops\from_video_dedup\C0021_frame004525_tag1_bead0.jpg,®,0.3072
data\bead_crops\from_video_dedup\C0021_frame004450_tag2_bead2.jpg,,0.0
data\bead_crops\from_video_dedup\C0021_frame004475_tag1_bead0.jpg,®,0.4319
data\bead_crops\from_video_dedup\C0021_frame004475_tag2_bead0.jpg,O,0.5105
data\bead_crops\from_video_dedup\C0021_frame004500_tag2_bead1.jpg,O,0.2906
data\bead_crops\from_video_dedup\C0021_frame004600_tag1_bead2.jpg,?,0.2843
data\bead_crops\from_video_dedup\C0021_frame004550_tag2_bead2.jpg,1,0.0697
data\bead_crops\from_video_dedup\C0021_frame004600_tag1_bead3.jpg,心,0.3109
data\bead_crops\from_video_dedup\C0021_frame004650_tag1_bead3.jpg,?,0.2844
data\bead_crops\from_video_dedup\C0021_frame004650_tag2_bead0.jpg,0,0.3767
data\bead_crops\from_video_dedup\C0021_frame004650_tag2_bead1.jpg,0,0.2487
data\bead_crops\from_video_dedup\C0021_frame004675_tag2_bead2.jpg,a,0.0635
data\bead_crops\from_video_dedup\C0021_frame004675_tag0_bead0.jpg,?,0.2318
data\bead_crops\from_video_dedup\C0021_frame004675_tag0_bead2.jpg,0,0.7739
data\bead_crops\from_video_dedup\C0021_frame004700_tag1_bead2.jpg,?,0.2712
data\bead_crops\from_video_dedup\C0021_frame004825_tag0_bead2.jpg,0,0.1932
data\bead_crops\from_video_dedup\C0021_frame004750_tag1_bead1.jpg,0,0.3423
data\bead_crops\from_video_dedup\C0021_frame004750_tag1_bead2.jpg,,0.0
data\bead_crops\from_video_dedup\C0021_frame004800_tag1_bead0.jpg,O,0.3547
data\bead_crops\from_video_dedup\C0021_frame004775_tag0_bead2.jpg,,0.0
data\bead_crops\from_video_dedup\C0021_frame004800_tag1_bead1.jpg,0,0.4867
data\bead_crops\from_video_dedup\C0021_frame004800_tag1_bead2.jpg,,0.0
data\bead_crops\from_video_dedup\C0021_frame004800_tag2_bead4.jpg,Q,0.1494
data\bead_crops\from_video_dedup\C0021_frame004825_tag0_bead1.jpg,?,0.2441
data\bead_crops\from_video_dedup\C0021_frame004825_tag1_bead0.jpg,0,0.386
data\bead_crops\from_video_dedup\C0021_frame004825_tag1_bead2.jpg,,0.0
data\bead_crops\from_video_dedup\C0021_frame004875_tag0_bead0.jpg,®,0.4628
data\bead_crops\from_video_dedup\C0021_frame004900_tag1_bead2.jpg,心,0.1444
data\bead_crops\from_video_dedup\C0021_frame004900_tag2_bead1.jpg,O,0.5257
data\bead_crops\from_video_dedup\C0021_frame004925_tag1_bead2.jpg,,0.0
data\bead_crops\from_video_dedup\C0021_frame004975_tag1_bead1.jpg,0,0.5272
data\bead_crops\from_video_dedup\C0021_frame005125_tag0_bead4.jpg,Q,0.1285
data\bead_crops\from_video_dedup\C0021_frame005050_tag1_bead4.jpg,O,0.3354
data\bead_crops\from_video_dedup\C0021_frame005000_tag2_bead2.jpg,,0.0
data\bead_crops\from_video_dedup\C0021_frame005000_tag0_bead3.jpg,心,0.3816
data\bead_crops\from_video_dedup\C0021_frame005125_tag0_bead2.jpg,O,0.232
data\bead_crops\from_video_dedup\C0021_frame005125_tag0_bead0.jpg,®,0.4499
data\bead_crops\from_video_dedup\C0021_frame005125_tag0_bead1.jpg,6,0.1235
data\bead_crops\from_video_dedup\C0021_frame005050_tag1_bead1.jpg,?,0.3096
data\bead_crops\from_video_dedup\C0021_frame005050_tag1_bead3.jpg,心,0.176
data\bead_crops\from_video_dedup\C0021_frame005075_tag2_bead3.jpg,2,0.0803
data\bead_crops\from_video_dedup\C0021_frame005200_tag2_bead4.jpg,0,0.2995
data\bead_crops\from_video_dedup\C0021_frame005100_tag0_bead4.jpg,Q,0.1137
data\bead_crops\from_video_dedup\C0021_frame005100_tag1_bead2.jpg,2日,0.0904
data\bead_crops\from_video_dedup\C0021_frame005125_tag1_bead0.jpg,O,0.4748
data\bead_crops\from_video_dedup\C0021_frame005125_tag1_bead2.jpg,om,0.2124
data\bead_crops\from_video_dedup\C0021_frame005150_tag0_bead1.jpg,?,0.2959
data\bead_crops\from_video_dedup\C0021_frame005200_tag2_bead1.jpg,0,0.8344
data\bead_crops\from_video_dedup\C0021_frame005125_tag2_bead3.jpg,心,0.1625
data\bead_crops\from_video_dedup\C0021_frame005175_tag0_bead2.jpg,?,0.2402
data\bead_crops\from_video_dedup\C0021_frame005175_tag0_bead3.jpg,心,0.1891
data\bead_crops\from_video_dedup\C0021_frame005175_tag1_bead0.jpg,®,0.3863
data\bead_crops\from_video_dedup\C0021_frame005350_tag1_bead2.jpg,Q,0.3892
data\bead_crops\from_video_dedup\C0021_frame005250_tag0_bead3.jpg,6,0.2583
data\bead_crops\from_video_dedup\C0021_frame005175_tag1_bead4.jpg,A,0.1313
data\bead_crops\from_video_dedup\C0021_frame005175_tag2_bead0.jpg,0,0.7544
data\bead_crops\from_video_dedup\C0021_frame005175_tag2_bead2.jpg,2n,0.1597
data\bead_crops\from_video_dedup\C0021_frame005200_tag0_bead2.jpg,O,0.1936
data\bead_crops\from_video_dedup\C0021_frame005200_tag1_bead0.jpg,0,0.7392
data\bead_crops\from_video_dedup\C0021_frame005275_tag2_bead1.jpg,O,0.4499
data\bead_crops\from_video_dedup\C0021_frame005200_tag1_bead2.jpg,an,0.2205
data\bead_crops\from_video_dedup\C0021_frame005200_tag2_bead0.jpg,O,0.1068
data\bead_crops\from_video_dedup\C0021_frame005200_tag2_bead2.jpg,2,0.2173
data\bead_crops\from_video_dedup\C0021_frame005200_tag2_bead3.jpg,心,0.1022
data\bead_crops\from_video_dedup\C0021_frame005225_tag1_bead2.jpg,a,0.279
data\bead_crops\from_video_dedup\C0021_frame005300_tag1_bead0.jpg,®,0.3203
data\bead_crops\from_video_dedup\C0021_frame005250_tag1_bead2.jpg,?,0.1272
data\bead_crops\from_video_dedup\C0021_frame005250_tag1_bead4.jpg,0,0.2333
data\bead_crops\from_video_dedup\C0021_frame005275_tag2_bead0.jpg,0,0.4145
data\bead_crops\from_video_dedup\C0021_frame005250_tag2_bead2.jpg,n,0.3278
data\bead_crops\from_video_dedup\C0021_frame005275_tag0_bead1.jpg,?,0.2444
data\bead_crops\from_video_dedup\C0021_frame005275_tag0_bead3.jpg,,0.0
data\bead_crops\from_video_dedup\C0021_frame005325_tag1_bead0.jpg,®,0.2763
data\bead_crops\from_video_dedup\C0021_frame005325_tag1_bead1.jpg,O,0.2197
data\bead_crops\from_video_dedup\C0021_frame005700_tag1_bead3.jpg,6,0.2558
data\bead_crops\from_video_dedup\C0021_frame005300_tag1_bead4.jpg,Q,0.1268
data\bead_crops\from_video_dedup\C0021_frame005275_tag2_bead2.jpg,n,0.2623
data\bead_crops\from_video_dedup\C0021_frame005675_tag0_bead0.jpg,O,0.1459
data\bead_crops\from_video_dedup\C0021_frame005300_tag0_bead2.jpg,?,0.1256
data\bead_crops\from_video_dedup\C0021_frame005300_tag0_bead3.jpg,,0.0
data\bead_crops\from_video_dedup\C0021_frame005300_tag0_bead4.jpg,0,0.2222
data\bead_crops\from_video_dedup\C0021_frame005700_tag1_bead2.jpg,Q,0.5066
data\bead_crops\from_video_dedup\C0021_frame005300_tag2_bead2.jpg,n,0.269
data\bead_crops\from_video_dedup\C0021_frame005300_tag2_bead3.jpg,,0.0
data\bead_crops\from_video_dedup\C0021_frame005325_tag2_bead1.jpg,0,0.4678
data\bead_crops\from_video_dedup\C0021_frame005325_tag2_bead2.jpg,,0.0
data\bead_crops\from_video_dedup\C0021_frame005325_tag2_bead3.jpg,,0.0
data\bead_crops\from_video_dedup\C0021_frame005450_tag1_bead0.jpg,®,0.3104
data\bead_crops\from_video_dedup\C0021_frame005450_tag1_bead4.jpg,a,0.1061
data\bead_crops\from_video_dedup\C0021_frame005600_tag2_bead0.jpg,0,0.7251
data\bead_crops\from_video_dedup\C0021_frame005350_tag2_bead3.jpg,,0.0
data\bead_crops\from_video_dedup\C0021_frame005500_tag1_bead0.jpg,0,0.3911
data\bead_crops\from_video_dedup\C0021_frame005375_tag0_bead4.jpg,,0.0
data\bead_crops\from_video_dedup\C0021_frame005525_tag2_bead2.jpg,,0.0
data\bead_crops\from_video_dedup\C0021_frame005375_tag2_bead3.jpg,,0.0
data\bead_crops\from_video_dedup\C0021_frame005450_tag1_bead1.jpg,O,0.1255
data\bead_crops\from_video_dedup\C0021_frame005575_tag0_bead4.jpg,O,0.1291
data\bead_crops\from_video_dedup\C0021_frame005400_tag2_bead0.jpg,0,0.4002
data\bead_crops\from_video_dedup\C0021_frame005500_tag2_bead3.jpg,,0.0
data\bead_crops\from_video_dedup\C0021_frame005425_tag0_bead2.jpg,2,0.0553
data\bead_crops\from_video_dedup\C0021_frame005450_tag0_bead3.jpg,,0.0
data\bead_crops\from_video_dedup\C0021_frame005500_tag1_bead4.jpg,0,0.0823
data\bead_crops\from_video_dedup\C0021_frame005450_tag0_bead2.jpg,O,0.0446
data\bead_crops\from_video_dedup\C0021_frame005450_tag1_bead2.jpg,Q,0.3024
data\bead_crops\from_video_dedup\C0021_frame005500_tag2_bead2.jpg,,0.0
data\bead_crops\from_video_dedup\C0021_frame005475_tag0_bead0.jpg,®,0.3596
data\bead_crops\from_video_dedup\C0021_frame005475_tag1_bead4.jpg,O,0.0856
data\bead_crops\from_video_dedup\C0021_frame005475_tag2_bead3.jpg,,0.0
data\bead_crops\from_video_dedup\C0021_frame005500_tag1_bead1.jpg,O,0.1453
data\bead_crops\from_video_dedup\C0021_frame005500_tag1_bead2.jpg,2,0.0548
data\bead_crops\from_video_dedup\C0021_frame005525_tag0_bead3.jpg,,0.0
data\bead_crops\from_video_dedup\C0021_frame005525_tag0_bead4.jpg,0,0.1257
data\bead_crops\from_video_dedup\C0021_frame005525_tag2_bead3.jpg,,0.0
data\bead_crops\from_video_dedup\C0021_frame005550_tag0_bead2.jpg,?,0.0899
data\bead_crops\from_video_dedup\C0021_frame005550_tag0_bead3.jpg,,0.0
data\bead_crops\from_video_dedup\C0021_frame005550_tag0_bead4.jpg,心,0.0909
data\bead_crops\from_video_dedup\C0021_frame005825_tag0_bead0.jpg,®,0.4735
data\bead_crops\from_video_dedup\C0021_frame005600_tag1_bead1.jpg,O,0.0922
data\bead_crops\from_video_dedup\C0021_frame005900_tag0_bead4.jpg,a,0.3332
data\bead_crops\from_video_dedup\C0021_frame005675_tag0_bead2.jpg,?,0.2751
data\bead_crops\from_video_dedup\C0021_frame005625_tag0_bead3.jpg,,0.0
data\bead_crops\from_video_dedup\C0021_frame005600_tag2_bead1.jpg,O,0.3934
data\bead_crops\from_video_dedup\C0021_frame005600_tag2_bead2.jpg,a,0.1154
data\bead_crops\from_video_dedup\C0021_frame005600_tag2_bead3.jpg,,0.0
data\bead_crops\from_video_dedup\C0021_frame005700_tag1_bead4.jpg,a,0.389
data\bead_crops\from_video_dedup\C0021_frame005675_tag0_bead3.jpg,,0.0
data\bead_crops\from_video_dedup\C0021_frame005650_tag2_bead1.jpg,O,0.2429
data\bead_crops\from_video_dedup\C0021_frame005650_tag2_bead3.jpg,,0.0
data\bead_crops\from_video_dedup\C0021_frame005975_tag0_bead4.jpg,0,0.1904
data\bead_crops\from_video_dedup\C0021_frame005700_tag1_bead0.jpg,®,0.3816
data\bead_crops\from_video_dedup\C0021_frame005675_tag2_bead0.jpg,0,0.6959
data\bead_crops\from_video_dedup\C0021_frame005800_tag2_bead3.jpg,,0.0
data\bead_crops\from_video_dedup\C0021_frame005800_tag2_bead2.jpg,,0.0
data\bead_crops\from_video_dedup\C0021_frame005700_tag1_bead1.jpg,O,0.1057
data\bead_crops\from_video_dedup\C0021_frame005725_tag0_bead3.jpg,心,0.0422
data\bead_crops\from_video_dedup\C0021_frame005775_tag1_bead0.jpg,®,0.4734
data\bead_crops\from_video_dedup\C0021_frame006925_tag0_bead2.jpg,Q,0.3803
data\bead_crops\from_video_dedup\C0021_frame005775_tag2_bead1.jpg,C,0.2257
data\bead_crops\from_video_dedup\C0021_frame005850_tag2_bead2.jpg,,0.0
data\bead_crops\from_video_dedup\C0021_frame005800_tag0_bead1.jpg,?,0.231
data\bead_crops\from_video_dedup\C0021_frame005975_tag2_bead2.jpg,,0.0
data\bead_crops\from_video_dedup\C0021_frame005775_tag2_bead2.jpg,,0.0
data\bead_crops\from_video_dedup\C0021_frame005925_tag1_bead0.jpg,®,0.2307
data\bead_crops\from_video_dedup\C0021_frame005800_tag0_bead3.jpg,,0.0
data\bead_crops\from_video_dedup\C0021_frame005850_tag0_bead4.jpg,a,0.3443
data\bead_crops\from_video_dedup\C0021_frame005975_tag0_bead3.jpg,2,0.1534
data\bead_crops\from_video_dedup\C0021_frame005925_tag2_bead3.jpg,,0.0
data\bead_crops\from_video_dedup\C0021_frame005975_tag0_bead2.jpg,?,0.3513
data\bead_crops\from_video_dedup\C0021_frame005925_tag2_bead0.jpg,0,0.5558
data\bead_crops\from_video_dedup\C0021_frame005950_tag2_bead1.jpg,,0.0
data\bead_crops\from_video_dedup\C0021_frame005925_tag2_bead2.jpg,,0.0
data\bead_crops\from_video_dedup\C0021_frame005950_tag1_bead3.jpg,2,0.0869
data\bead_crops\from_video_dedup\C0021_frame005950_tag2_bead2.jpg,,0.0
data\bead_crops\from_video_dedup\C0021_frame005975_tag2_bead0.jpg,0,0.6508
data\bead_crops\from_video_dedup\C0021_frame006000_tag0_bead4.jpg,0,0.1899
data\bead_crops\from_video_dedup\C0021_frame006000_tag1_bead0.jpg,®,0.3666
data\bead_crops\from_video_dedup\C0021_frame006175_tag0_bead1.jpg,?,0.1801
data\bead_crops\from_video_dedup\C0021_frame006050_tag0_bead3.jpg,心,0.2268
data\bead_crops\from_video_dedup\C0021_frame006075_tag0_bead1.jpg,?,0.2418
data\bead_crops\from_video_dedup\C0021_frame006075_tag0_bead3.jpg,心,0.1565
data\bead_crops\from_video_dedup\C0021_frame006150_tag2_bead0.jpg,0,0.8647
data\bead_crops\from_video_dedup\C0021_frame006275_tag2_bead2.jpg,,0.0
data\bead_crops\from_video_dedup\C0021_frame006075_tag2_bead3.jpg,,0.0
data\bead_crops\from_video_dedup\C0021_frame007250_tag0_bead1.jpg,O,0.0911
data\bead_crops\from_video_dedup\C0021_frame006100_tag2_bead0.jpg,0,0.8752
data\bead_crops\from_video_dedup\C0021_frame006100_tag2_bead1.jpg,,0.0
data\bead_crops\from_video_dedup\C0021_frame006125_tag0_bead3.jpg,心,0.1839
data\bead_crops\from_video_dedup\C0021_frame006125_tag2_bead1.jpg,,0.0
data\bead_crops\from_video_dedup\C0021_frame006175_tag0_bead4.jpg,o,0.2328
data\bead_crops\from_video_dedup\C0021_frame006150_tag2_bead1.jpg,,0.0
data\bead_crops\from_video_dedup\C0021_frame006175_tag0_bead3.jpg,心,0.1098
data\bead_crops\from_video_dedup\C0021_frame006175_tag2_bead0.jpg,0,0.8392
data\bead_crops\from_video_dedup\C0021_frame006175_tag2_bead1.jpg,,0.0
data\bead_crops\from_video_dedup\C0021_frame006250_tag0_bead0.jpg,?,0.2054
data\bead_crops\from_video_dedup\C0021_frame006250_tag0_bead3.jpg,心,0.4494
data\bead_crops\from_video_dedup\C0021_frame006225_tag0_bead3.jpg,心,0.5634
data\bead_crops\from_video_dedup\C0021_frame006225_tag0_bead4.jpg,O,0.127
data\bead_crops\from_video_dedup\C0021_frame006225_tag2_bead3.jpg,,0.0
data\bead_crops\from_video_dedup\C0021_frame006300_tag0_bead1.jpg,?,0.2626
data\bead_crops\from_video_dedup\C0021_frame006300_tag0_bead4.jpg,o,0.1715
data\bead_crops\from_video_dedup\C0021_frame007125_tag0_bead4.jpg,A,0.3346
data\bead_crops\from_video_dedup\C0021_frame006275_tag2_bead3.jpg,,0.0
data\bead_crops\from_video_dedup\C0021_frame006275_tag0_bead3.jpg,心,0.3468
data\bead_crops\from_video_dedup\C0021_frame006275_tag2_bead1.jpg,,0.0
data\bead_crops\from_video_dedup\C0021_frame006300_tag0_bead3.jpg,心,0.2875
data\bead_crops\from_video_dedup\C0021_frame006300_tag2_bead1.jpg,,0.0
data\bead_crops\from_video_dedup\C0021_frame006325_tag0_bead0.jpg,®,0.2836
data\bead_crops\from_video_dedup\C0021_frame006325_tag0_bead1.jpg,?,0.2791
data\bead_crops\from_video_dedup\C0021_frame006325_tag0_bead3.jpg,心,0.0624
data\bead_crops\from_video_dedup\C0021_frame006325_tag0_bead4.jpg,o,0.1653
data\bead_crops\from_video_dedup\C0021_frame006350_tag2_bead0.jpg,0,0.7128
data\bead_crops\from_video_dedup\C0021_frame006325_tag2_bead1.jpg,,0.0
data\bead_crops\from_video_dedup\C0021_frame006350_tag1_bead3.jpg,,0.0
data\bead_crops\from_video_dedup\C0021_frame006350_tag2_bead1.jpg,,0.0
data\bead_crops\from_video_dedup\C0021_frame006350_tag2_bead2.jpg,,0.0
data\bead_crops\from_video_dedup\C0021_frame006350_tag2_bead3.jpg,,0.0
data\bead_crops\from_video_dedup\C0021_frame006375_tag1_bead1.jpg,?,0.2553
data\bead_crops\from_video_dedup\C0021_frame006375_tag1_bead3.jpg,,0.0
data\bead_crops\from_video_dedup\C0021_frame006375_tag1_bead4.jpg,0,0.0995
data\bead_crops\from_video_dedup\C0021_frame006375_tag2_bead0.jpg,0,0.827
data\bead_crops\from_video_dedup\C0021_frame006375_tag2_bead1.jpg,,0.0
data\bead_crops\from_video_dedup\C0021_frame006375_tag2_bead2.jpg,,0.0
data\bead_crops\from_video_dedup\C0021_frame006425_tag1_bead0.jpg,®,0.2895
data\bead_crops\from_video_dedup\C0021_frame006400_tag0_bead3.jpg,,0.0
data\bead_crops\from_video_dedup\C0021_frame006400_tag2_bead1.jpg,,0.0
data\bead_crops\from_video_dedup\C0021_frame006425_tag1_bead3.jpg,,0.0
data\bead_crops\from_video_dedup\C0021_frame006425_tag1_bead4.jpg,0,0.09
data\bead_crops\from_video_dedup\C0021_frame006450_tag2_bead0.jpg,0,0.8027
data\bead_crops\from_video_dedup\C0021_frame006425_tag2_bead1.jpg,,0.0
data\bead_crops\from_video_dedup\C0021_frame006450_tag2_bead1.jpg,,0.0
data\bead_crops\from_video_dedup\C0021_frame006475_tag0_bead1.jpg,®,0.0965
data\bead_crops\from_video_dedup\C0021_frame006450_tag1_bead2.jpg,?,0.2609
data\bead_crops\from_video_dedup\C0021_frame006450_tag1_bead3.jpg,,0.0
data\bead_crops\from_video_dedup\C0021_frame006450_tag2_bead2.jpg,,0.0
data\bead_crops\from_video_dedup\C0021_frame006475_tag1_bead3.jpg,o,0.1642
data\bead_crops\from_video_dedup\C0021_frame006475_tag1_bead4.jpg,,0.0
data\bead_crops\from_video_dedup\C0021_frame006525_tag2_bead0.jpg,0,0.5481
data\bead_crops\from_video_dedup\C0021_frame006475_tag2_bead1.jpg,,0.0
data\bead_crops\from_video_dedup\C0021_frame006550_tag1_bead0.jpg,0,0.7068
data\bead_crops\from_video_dedup\C0021_frame006500_tag1_bead2.jpg,0,0.1325
data\bead_crops\from_video_dedup\C0021_frame006550_tag1_bead2.jpg,0,0.1715
data\bead_crops\from_video_dedup\C0021_frame006525_tag1_bead3.jpg,,0.0
data\bead_crops\from_video_dedup\C0021_frame006550_tag1_bead3.jpg,,0.0
data\bead_crops\from_video_dedup\C0021_frame006575_tag1_bead3.jpg,,0.0
data\bead_crops\from_video_dedup\C0021_frame006550_tag2_bead0.jpg,0,0.7391
data\bead_crops\from_video_dedup\C0021_frame006700_tag0_bead1.jpg,O,0.1919
data\bead_crops\from_video_dedup\C0021_frame006575_tag1_bead2.jpg,0,0.1688
data\bead_crops\from_video_dedup\C0021_frame006575_tag1_bead4.jpg,,0.0
data\bead_crops\from_video_dedup\C0021_frame007125_tag0_bead1.jpg,O,0.181
data\bead_crops\from_video_dedup\C0021_frame006750_tag0_bead0.jpg,0,0.2734
data\bead_crops\from_video_dedup\C0021_frame006600_tag2_bead2.jpg,C,0.1228
data\bead_crops\from_video_dedup\C0021_frame006600_tag2_bead3.jpg,,0.0
data\bead_crops\from_video_dedup\C0021_frame007125_tag0_bead0.jpg,®,0.3525
data\bead_crops\from_video_dedup\C0021_frame006700_tag0_bead2.jpg,0,0.1253
data\bead_crops\from_video_dedup\C0021_frame006625_tag1_bead4.jpg,,0.0
data\bead_crops\from_video_dedup\C0021_frame006675_tag0_bead4.jpg,,0.0
data\bead_crops\from_video_dedup\C0021_frame006675_tag1_bead2.jpg,Q,0.4233
data\bead_crops\from_video_dedup\C0021_frame006700_tag0_bead3.jpg,,0.0
data\bead_crops\from_video_dedup\C0021_frame006700_tag0_bead4.jpg,,0.0
data\bead_crops\from_video_dedup\C0021_frame006750_tag0_bead1.jpg,O,0.2158
data\bead_crops\from_video_dedup\C0021_frame006725_tag0_bead2.jpg,,0.0
data\bead_crops\from_video_dedup\C0021_frame006725_tag2_bead0.jpg,,0.0
data\bead_crops\from_video_dedup\C0021_frame006750_tag0_bead2.jpg,,0.0
data\bead_crops\from_video_dedup\C0021_frame006750_tag0_bead3.jpg,S,0.2321
data\bead_crops\from_video_dedup\C0021_frame006750_tag0_bead4.jpg,,0.0
data\bead_crops\from_video_dedup\C0021_frame006925_tag0_bead0.jpg,®,0.3677
data\bead_crops\from_video_dedup\C0021_frame006775_tag0_bead1.jpg,O,0.2262
data\bead_crops\from_video_dedup\C0021_frame006750_tag2_bead0.jpg,,0.0
data\bead_crops\from_video_dedup\C0021_frame006850_tag1_bead2.jpg,,0.0
data\bead_crops\from_video_dedup\C0021_frame006800_tag1_bead0.jpg,0,0.3633
data\bead_crops\from_video_dedup\C0021_frame006850_tag1_bead3.jpg,S,0.1999
data\bead_crops\from_video_dedup\C0021_frame006800_tag1_bead4.jpg,,0.0
data\bead_crops\from_video_dedup\C0021_frame006825_tag0_bead4.jpg,a,0.3129
data\bead_crops\from_video_dedup\C0021_frame006850_tag1_bead0.jpg,0,0.5128
data\bead_crops\from_video_dedup\C0021_frame006825_tag1_bead4.jpg,,0.0
data\bead_crops\from_video_dedup\C0021_frame006850_tag1_bead4.jpg,,0.0
data\bead_crops\from_video_dedup\C0021_frame006875_tag1_bead2.jpg,,0.0
data\bead_crops\from_video_dedup\C0021_frame006875_tag1_bead3.jpg,,0.0
data\bead_crops\from_video_dedup\C0021_frame006875_tag1_bead4.jpg,,0.0
data\bead_crops\from_video_dedup\C0021_frame006900_tag1_bead2.jpg,3,0.3177
data\bead_crops\from_video_dedup\C0021_frame006900_tag1_bead4.jpg,,0.0
data\bead_crops\from_video_dedup\C0021_frame006925_tag1_bead0.jpg,0,0.3732
data\bead_crops\from_video_dedup\C0021_frame006925_tag1_bead2.jpg,,0.0
data\bead_crops\from_video_dedup\C0021_frame006925_tag1_bead3.jpg,,0.0
data\bead_crops\from_video_dedup\C0021_frame006925_tag1_bead4.jpg,,0.0
data\bead_crops\from_video_dedup\C0021_frame006950_tag1_bead1.jpg,®,0.1615
data\bead_crops\from_video_dedup\C0021_frame006950_tag1_bead2.jpg,,0.0
data\bead_crops\from_video_dedup\C0021_frame006950_tag1_bead3.jpg,,0.0
data\bead_crops\from_video_dedup\C0021_frame007050_tag1_bead1.jpg,0,0.2087
data\bead_crops\from_video_dedup\C0021_frame006975_tag1_bead1.jpg,®,0.1757
data\bead_crops\from_video_dedup\C0021_frame006975_tag1_bead2.jpg,,0.0
data\bead_crops\from_video_dedup\C0021_frame006975_tag1_bead3.jpg,,0.0
data\bead_crops\from_video_dedup\C0021_frame006975_tag1_bead4.jpg,,0.0
data\bead_crops\from_video_dedup\C0021_frame007075_tag1_bead0.jpg,C,0.1972
data\bead_crops\from_video_dedup\C0021_frame007000_tag1_bead2.jpg,1,0.0701
data\bead_crops\from_video_dedup\C0021_frame007000_tag1_bead3.jpg,R,0.0604
data\bead_crops\from_video_dedup\C0021_frame007025_tag1_bead2.jpg,-,0.1108
data\bead_crops\from_video_dedup\C0021_frame007025_tag1_bead3.jpg,2,0.0544
data\bead_crops\from_video_dedup\C0021_frame007075_tag1_bead2.jpg,,0.0
data\bead_crops\from_video_dedup\C0021_frame007125_tag1_bead0.jpg,?,0.1722
data\bead_crops\from_video_dedup\C0021_frame007150_tag0_bead2.jpg,Q,0.2597
data\bead_crops\from_video_dedup\C0021_frame007125_tag1_bead2.jpg,,0.0
data\bead_crops\from_video_dedup\C0021_frame007150_tag0_bead0.jpg,®,0.3001
data\bead_crops\from_video_dedup\C0021_frame007300_tag1_bead1.jpg,C,0.2281
data\bead_crops\from_video_dedup\C0021_frame007150_tag1_bead1.jpg,0,0.2464
data\bead_crops\from_video_dedup\C0021_frame007150_tag1_bead2.jpg,,0.0
data\bead_crops\from_video_dedup\C0021_frame007175_tag1_bead0.jpg,O,0.1899
data\bead_crops\from_video_dedup\C0021_frame007200_tag1_bead1.jpg,C,0.2969
data\bead_crops\from_video_dedup\C0021_frame007225_tag0_bead2.jpg,0,0.2053
data\bead_crops\from_video_dedup\C0021_frame007300_tag1_bead0.jpg,0,0.2742
data\bead_crops\from_video_dedup\C0021_frame007250_tag1_bead2.jpg,,0.0
data\bead_crops\from_video_dedup\C0021_frame007275_tag1_bead1.jpg,3,0.2097
data\bead_crops\from_video_dedup\C0021_frame007400_tag0_bead1.jpg,。,0.0605
data\bead_crops\from_video_dedup\C0021_frame007300_tag1_bead2.jpg,S,0.392
data\bead_crops\from_video_dedup\C0021_frame007525_tag1_bead4.jpg,A,0.2919
data\bead_crops\from_video_dedup\C0021_frame007325_tag1_bead0.jpg,0,0.2678
data\bead_crops\from_video_dedup\C0021_frame007325_tag1_bead1.jpg,C,0.1266
data\bead_crops\from_video_dedup\C0021_frame007325_tag1_bead2.jpg,,0.0
data\bead_crops\from_video_dedup\C0021_frame007350_tag0_bead0.jpg,®,0.5
data\bead_crops\from_video_dedup\C0021_frame007350_tag1_bead0.jpg,0,0.1419
data\bead_crops\from_video_dedup\C0021_frame007350_tag1_bead1.jpg,O,0.3357
data\bead_crops\from_video_dedup\C0021_frame007350_tag1_bead2.jpg,,0.0
data\bead_crops\from_video_dedup\C0021_frame007375_tag0_bead2.jpg,Q,0.409
data\bead_crops\from_video_dedup\C0021_frame007375_tag1_bead0.jpg,®,0.1019
data\bead_crops\from_video_dedup\C0021_frame007375_tag1_bead1.jpg,O,0.253
data\bead_crops\from_video_dedup\C0021_frame007375_tag1_bead2.jpg,3,0.2015
data\bead_crops\from_video_dedup\C0021_frame007375_tag1_bead3.jpg,,0.0
data\bead_crops\from_video_dedup\C0021_frame007400_tag1_bead1.jpg,0,0.3516
data\bead_crops\from_video_dedup\C0021_frame007400_tag1_bead2.jpg,a,0.1718
data\bead_crops\from_video_dedup\C0021_frame007400_tag1_bead3.jpg,,0.0
data\bead_crops\from_video_dedup\C0021_frame007450_tag0_bead1.jpg,福,0.0617
data\bead_crops\from_video_dedup\C0021_frame007525_tag1_bead2.jpg,O,0.2039
data\bead_crops\from_video_dedup\C0021_frame007450_tag2_bead1.jpg,0,0.2688
data\bead_crops\from_video_dedup\C0021_frame007450_tag2_bead2.jpg,,0.0
data\bead_crops\from_video_dedup\C0021_frame007450_tag2_bead3.jpg,a,0.1229
data\bead_crops\from_video_dedup\C0021_frame007700_tag0_bead0.jpg,O,0.1528
data\bead_crops\from_video_dedup\C0021_frame007500_tag0_bead1.jpg,O,0.3053
data\bead_crops\from_video_dedup\C0021_frame007575_tag1_bead2.jpg,2,0.1432
data\bead_crops\from_video_dedup\C0021_frame007500_tag0_bead3.jpg,,0.0
data\bead_crops\from_video_dedup\C0021_frame007525_tag1_bead1.jpg,O,0.0693
data\bead_crops\from_video_dedup\C0021_frame007700_tag1_bead2.jpg,®,0.2579
data\bead_crops\from_video_dedup\C0021_frame007600_tag0_bead2.jpg,C,0.1028
data\bead_crops\from_video_dedup\C0021_frame007575_tag1_bead3.jpg,,0.0
data\bead_crops\from_video_dedup\C0021_frame007525_tag0_bead4.jpg,0,0.133
data\bead_crops\from_video_dedup\C0021_frame007600_tag0_bead1.jpg,O,0.3162
data\bead_crops\from_video_dedup\C0021_frame007575_tag0_bead4.jpg,A,0.2134
data\bead_crops\from_video_dedup\C0021_frame007575_tag1_bead4.jpg,0,0.3031
data\bead_crops\from_video_dedup\C0021_frame007700_tag0_bead3.jpg,,0.0
data\bead_crops\from_video_dedup\C0021_frame007600_tag0_bead4.jpg,0,0.3355
data\bead_crops\from_video_dedup\C0021_frame007600_tag1_bead0.jpg,®,0.5027
data\bead_crops\from_video_dedup\C0021_frame007600_tag1_bead1.jpg,O,0.0602
data\bead_crops\from_video_dedup\C0021_frame007625_tag0_bead2.jpg,C,0.096
data\bead_crops\from_video_dedup\C0021_frame007650_tag0_bead4.jpg,0,0.1975
data\bead_crops\from_video_dedup\C0021_frame007825_tag0_bead0.jpg,O,0.1821
data\bead_crops\from_video_dedup\C0021_frame007700_tag0_bead2.jpg,C,0.2945
data\bead_crops\from_video_dedup\C0021_frame007700_tag1_bead1.jpg,®,0.342
data\bead_crops\from_video_dedup\C0021_frame007700_tag1_bead3.jpg,Q,0.2841
data\bead_crops\from_video_dedup\C0021_frame007700_tag1_bead0.jpg,O,0.1705
data\bead_crops\from_video_dedup\C0021_frame007700_tag1_bead4.jpg,a,0.3582
data\bead_crops\from_video_dedup\C0021_frame007900_tag1_bead0.jpg,O,0.165
data\bead_crops\from_video_dedup\C0021_frame007700_tag0_bead4.jpg,0,0.2304
data\bead_crops\from_video_dedup\C0021_frame007725_tag0_bead2.jpg,,0.0
data\bead_crops\from_video_dedup\C0021_frame007750_tag0_bead2.jpg,3,0.124
data\bead_crops\from_video_dedup\C0021_frame007725_tag0_bead4.jpg,0,0.3792
data\bead_crops\from_video_dedup\C0021_frame007750_tag1_bead1.jpg,O,0.1647
data\bead_crops\from_video_dedup\C0021_frame007775_tag0_bead3.jpg,®,0.3497
data\bead_crops\from_video_dedup\C0021_frame007750_tag0_bead1.jpg,0,0.2371
data\bead_crops\from_video_dedup\C0021_frame007750_tag0_bead3.jpg,,0.0
data\bead_crops\from_video_dedup\C0021_frame007750_tag0_bead4.jpg,S,0.0853
data\bead_crops\from_video_dedup\C0021_frame007775_tag0_bead2.jpg,O,0.1717
data\bead_crops\from_video_dedup\C0021_frame007775_tag0_bead0.jpg,®,0.3447
data\bead_crops\from_video_dedup\C0021_frame007775_tag0_bead1.jpg,O,0.4866
data\bead_crops\from_video_dedup\C0021_frame007775_tag1_bead2.jpg,3,0.1791
data\bead_crops\from_video_dedup\C0021_frame007775_tag1_bead3.jpg,,0.0
data\bead_crops\from_video_dedup\C0021_frame007825_tag0_bead4.jpg,,0.0
data\bead_crops\from_video_dedup\C0021_frame007800_tag0_bead3.jpg,,0.0
data\bead_crops\from_video_dedup\C0021_frame007875_tag1_bead4.jpg,,0.0
data\bead_crops\from_video_dedup\C0021_frame007875_tag0_bead4.jpg,R,0.1385
data\bead_crops\from_video_dedup\C0021_frame007875_tag1_bead2.jpg,3,0.3258
data\bead_crops\from_video_dedup\C0021_frame007825_tag0_bead3.jpg,,0.0
data\bead_crops\from_video_dedup\C0021_frame007825_tag1_bead0.jpg,O,0.1281
data\bead_crops\from_video_dedup\C0021_frame007875_tag0_bead3.jpg,®,0.2975
data\bead_crops\from_video_dedup\C0021_frame007900_tag1_bead1.jpg,®,0.2039
data\bead_crops\from_video_dedup\C0021_frame007900_tag1_bead2.jpg,,0.0
data\bead_crops\from_video_dedup\C0021_frame007850_tag2_bead3.jpg,,0.0
data\bead_crops\from_video_dedup\C0021_frame007850_tag2_bead4.jpg,S,0.1645
data\bead_crops\from_video_dedup\C0021_frame007875_tag0_bead0.jpg,®,0.2935
data\bead_crops\from_video_dedup\C0021_frame007875_tag0_bead2.jpg,Q,0.2832
data\bead_crops\from_video_dedup\C0021_frame007875_tag1_bead3.jpg,,0.0
data\bead_crops\from_video_dedup\C0021_frame007900_tag1_bead3.jpg,,0.0
data\bead_crops\from_video_dedup\C0021_frame007900_tag1_bead4.jpg,,0.0
data\bead_crops\from_video_dedup\C0021_frame007925_tag0_bead1.jpg,0,0.2148
data\bead_crops\from_video_dedup\C0021_frame007925_tag0_bead2.jpg,3,0.3575
data\bead_crops\from_video_dedup\C0021_frame007925_tag0_bead3.jpg,,0.0
data\bead_crops\from_video_dedup\C0021_frame007950_tag0_bead0.jpg,®,0.2093
data\bead_crops\from_video_dedup\C0021_frame007950_tag0_bead1.jpg,O,0.1255
data\bead_crops\from_video_dedup\C0021_frame008175_tag0_bead3.jpg,®,0.2127
data\bead_crops\from_video_dedup\C0021_frame008050_tag0_bead4.jpg,Q,0.0871
data\bead_crops\from_video_dedup\C0021_frame007975_tag1_bead1.jpg,®,0.2756
data\bead_crops\from_video_dedup\C0021_frame007975_tag1_bead3.jpg,,0.0
data\bead_crops\from_video_dedup\C0021_frame008150_tag1_bead0.jpg,0,0.807
data\bead_crops\from_video_dedup\C0021_frame008100_tag0_bead1.jpg,O,0.1313
data\bead_crops\from_video_dedup\C0021_frame008050_tag1_bead0.jpg,®,0.3295
data\bead_crops\from_video_dedup\C0021_frame008000_tag1_bead2.jpg,,0.0
data\bead_crops\from_video_dedup\C0021_frame008000_tag1_bead3.jpg,,0.0
data\bead_crops\from_video_dedup\C0021_frame008025_tag0_bead0.jpg,®,0.2839
data\bead_crops\from_video_dedup\C0021_frame008175_tag0_bead1.jpg,Q,0.2693
data\bead_crops\from_video_dedup\C0021_frame008025_tag1_bead3.jpg,人,0.4603
data\bead_crops\from_video_dedup\C0021_frame008225_tag0_bead3.jpg,®,0.2501
data\bead_crops\from_video_dedup\C0021_frame008050_tag1_bead2.jpg,,0.0
data\bead_crops\from_video_dedup\C0021_frame008050_tag1_bead3.jpg,人,0.1824
data\bead_crops\from_video_dedup\C0021_frame008175_tag0_bead4.jpg,Q,0.1287
data\bead_crops\from_video_dedup\C0021_frame008075_tag1_bead0.jpg,0,0.5845
data\bead_crops\from_video_dedup\C0021_frame008075_tag1_bead1.jpg,®,0.2902
data\bead_crops\from_video_dedup\C0021_frame008075_tag1_bead3.jpg,,0.0
data\bead_crops\from_video_dedup\C0021_frame008100_tag1_bead1.jpg,?,0.2064
data\bead_crops\from_video_dedup\C0021_frame008100_tag1_bead2.jpg,,0.0
data\bead_crops\from_video_dedup\C0021_frame008100_tag1_bead3.jpg,,0.0
data\bead_crops\from_video_dedup\C0021_frame008225_tag0_bead1.jpg,O,0.1334
data\bead_crops\from_video_dedup\C0021_frame008125_tag1_bead2.jpg,,0.0
data\bead_crops\from_video_dedup\C0021_frame008125_tag1_bead3.jpg,,0.0
data\bead_crops\from_video_dedup\C0021_frame008150_tag1_bead1.jpg,®,0.1605
data\bead_crops\from_video_dedup\C0021_frame008150_tag1_bead2.jpg,C,0.1206
data\bead_crops\from_video_dedup\C0021_frame008150_tag1_bead3.jpg,,0.0
data\bead_crops\from_video_dedup\C0021_frame008175_tag0_bead0.jpg,®,0.2516
data\bead_crops\from_video_dedup\C0021_frame008350_tag0_bead0.jpg,O,0.1092
data\bead_crops\from_video_dedup\C0021_frame008175_tag1_bead2.jpg,,0.0
data\bead_crops\from_video_dedup\C0021_frame008175_tag1_bead3.jpg,,0.0
data\bead_crops\from_video_dedup\C0021_frame008425_tag1_bead1.jpg,3,0.4077
data\bead_crops\from_video_dedup\C0021_frame008350_tag1_bead2.jpg,,0.0
data\bead_crops\from_video_dedup\C0021_frame008200_tag1_bead3.jpg,,0.0
data\bead_crops\from_video_dedup\C0021_frame008450_tag0_bead4.jpg,,0.0
data\bead_crops\from_video_dedup\C0021_frame008225_tag1_bead3.jpg,,0.0
data\bead_crops\from_video_dedup\C0021_frame008350_tag0_bead1.jpg,®,0.2926
data\bead_crops\from_video_dedup\C0021_frame008350_tag0_bead2.jpg,O,0.2401
data\bead_crops\from_video_dedup\C0021_frame008575_tag1_bead0.jpg,?,0.1726
data\bead_crops\from_video_dedup\C0021_frame008375_tag0_bead0.jpg,®,0.2012
data\bead_crops\from_video_dedup\C0021_frame008450_tag0_bead1.jpg,O,0.2712
data\bead_crops\from_video_dedup\C0021_frame008425_tag1_bead2.jpg,,0.0
data\bead_crops\from_video_dedup\C0021_frame008475_tag1_bead1.jpg,3,0.1449
data\bead_crops\from_video_dedup\C0021_frame008575_tag1_bead3.jpg,O,0.2564
data\bead_crops\from_video_dedup\C0021_frame008500_tag1_bead2.jpg,,0.0
data\bead_crops\from_video_dedup\C0021_frame008500_tag1_bead3.jpg,,0.0
data\bead_crops\from_video_dedup\C0021_frame008525_tag1_bead1.jpg,?,0.2212
data\bead_crops\from_video_dedup\C0021_frame008525_tag1_bead3.jpg,,0.0
data\bead_crops\from_video_dedup\C0021_frame008550_tag1_bead2.jpg,,0.0
data\bead_crops\from_video_dedup\C0021_frame008575_tag0_bead0.jpg,0,0.3499
data\bead_crops\from_video_dedup\C0021_frame008575_tag0_bead1.jpg,®,0.2247
data\bead_crops\from_video_dedup\C0021_frame008575_tag0_bead2.jpg,,0.0
data\bead_crops\from_video_dedup\C0021_frame008575_tag0_bead3.jpg,,0.0
data\bead_crops\from_video_dedup\C0021_frame008575_tag0_bead4.jpg,,0.0
data\bead_crops\from_video_dedup\C0021_frame008575_tag1_bead4.jpg,Q,0.0848
data\bead_crops\from_video_dedup\C0021_frame008600_tag0_bead1.jpg,O,0.2716
data\bead_crops\from_video_dedup\C0021_frame008600_tag0_bead2.jpg,2,0.052
data\bead_crops\from_video_dedup\C0021_frame008600_tag0_bead3.jpg,O,0.315
data\bead_crops\from_video_dedup\C0021_frame008600_tag0_bead4.jpg,2,0.1453
data\bead_crops\from_video_dedup\C0023_frame000175_tag0_bead0.jpg,?,0.1046
data\bead_crops\from_video_dedup\C0023_frame000075_tag0_bead1.jpg,0,0.5488
data\bead_crops\from_video_dedup\C0023_frame000275_tag0_bead2.jpg,0,0.3946
data\bead_crops\from_video_dedup\C0023_frame000275_tag0_bead3.jpg,Q,0.6307
data\bead_crops\from_video_dedup\C0023_frame000350_tag4_bead4.jpg,o,0.3071
data\bead_crops\from_video_dedup\C0023_frame000950_tag1_bead0.jpg,一,0.1611
data\bead_crops\from_video_dedup\C0023_frame000375_tag1_bead0.jpg,Q,0.2209
data\bead_crops\from_video_dedup\C0023_frame001325_tag2_bead3.jpg,0,0.2133
data\bead_crops\from_video_dedup\C0023_frame000250_tag1_bead3.jpg,O,0.0474
data\bead_crops\from_video_dedup\C0023_frame001175_tag0_bead2.jpg,O,0.4245
data\bead_crops\from_video_dedup\C0023_frame000000_tag2_bead0.jpg,0,0.0999
data\bead_crops\from_video_dedup\C0023_frame000000_tag2_bead1.jpg,0,0.1263
data\bead_crops\from_video_dedup\C0023_frame000000_tag2_bead2.jpg,0,0.2012
data\bead_crops\from_video_dedup\C0023_frame000000_tag2_bead3.jpg,P,0.0939
data\bead_crops\from_video_dedup\C0023_frame000100_tag2_bead4.jpg,@,0.1577
data\bead_crops\from_video_dedup\C0023_frame000125_tag3_bead0.jpg,C,0.111
data\bead_crops\from_video_dedup\C0023_frame000125_tag3_bead1.jpg,6,0.2308
data\bead_crops\from_video_dedup\C0023_frame000175_tag3_bead2.jpg,6,0.2359
data\bead_crops\from_video_dedup\C0023_frame000025_tag3_bead2.jpg,o,0.2244
data\bead_crops\from_video_dedup\C0023_frame000175_tag3_bead3.jpg,O,0.4089
data\bead_crops\from_video_dedup\C0023_frame000200_tag4_bead0.jpg,G,0.17
data\bead_crops\from_video_dedup\C0023_frame000225_tag4_bead1.jpg,2,0.3646
data\bead_crops\from_video_dedup\C0023_frame000050_tag4_bead2.jpg,,0.0
data\bead_crops\from_video_dedup\C0023_frame000125_tag4_bead3.jpg,2,0.0993
data\bead_crops\from_video_dedup\C0023_frame000225_tag4_bead2.jpg,0,0.2326
data\bead_crops\from_video_dedup\C0023_frame001050_tag1_bead2.jpg,0,0.1369
data\bead_crops\from_video_dedup\C0023_frame000125_tag0_bead1.jpg,?,0.1593
data\bead_crops\from_video_dedup\C0023_frame000100_tag2_bead0.jpg,®,0.1644
data\bead_crops\from_video_dedup\C0023_frame000050_tag2_bead1.jpg,0,0.1334
data\bead_crops\from_video_dedup\C0023_frame000150_tag3_bead0.jpg,6,0.2732
data\bead_crops\from_video_dedup\C0023_frame000050_tag3_bead3.jpg,O,0.4353
data\bead_crops\from_video_dedup\C0023_frame000100_tag2_bead1.jpg,?,0.0954
data\bead_crops\from_video_dedup\C0023_frame000100_tag2_bead3.jpg,P,0.1311
data\bead_crops\from_video_dedup\C0023_frame000075_tag3_bead3.jpg,o,0.1568
data\bead_crops\from_video_dedup\C0023_frame000125_tag4_bead2.jpg,,0.0
data\bead_crops\from_video_dedup\C0023_frame000100_tag3_bead4.jpg,6,0.2079
data\bead_crops\from_video_dedup\C0023_frame000225_tag4_bead3.jpg,,0.0
data\bead_crops\from_video_dedup\C0023_frame000100_tag4_bead4.jpg,2,0.1348
data\bead_crops\from_video_dedup\C0023_frame000125_tag3_bead3.jpg,C,0.1023
data\bead_crops\from_video_dedup\C0023_frame000575_tag4_bead0.jpg,Q,0.1653
data\bead_crops\from_video_dedup\C0023_frame000150_tag2_bead1.jpg,?,0.1448
data\bead_crops\from_video_dedup\C0023_frame000150_tag3_bead4.jpg,,0.0
data\bead_crops\from_video_dedup\C0023_frame000225_tag4_bead4.jpg,2,0.0464
data\bead_crops\from_video_dedup\C0023_frame000175_tag0_bead1.jpg,0,0.4535
data\bead_crops\from_video_dedup\C0023_frame000375_tag0_bead4.jpg,O,0.0811
data\bead_crops\from_video_dedup\C0023_frame000175_tag3_bead1.jpg,6,0.1699
data\bead_crops\from_video_dedup\C0023_frame000175_tag3_bead4.jpg,,0.0
data\bead_crops\from_video_dedup\C0023_frame000350_tag3_bead1.jpg,2,0.2134
data\bead_crops\from_video_dedup\C0023_frame000200_tag2_bead1.jpg,?,0.152
data\bead_crops\from_video_dedup\C0023_frame000200_tag3_bead3.jpg,,0.0
data\bead_crops\from_video_dedup\C0023_frame000275_tag0_bead1.jpg,0,0.6092
data\bead_crops\from_video_dedup\C0023_frame000250_tag2_bead0.jpg,0,0.1329
data\bead_crops\from_video_dedup\C0023_frame000225_tag3_bead0.jpg,C,0.1093
data\bead_crops\from_video_dedup\C0023_frame000225_tag3_bead4.jpg,,0.0
data\bead_crops\from_video_dedup\C0023_frame000250_tag1_bead4.jpg,O,0.4906
data\bead_crops\from_video_dedup\C0023_frame000250_tag2_bead1.jpg,?,0.2186
data\bead_crops\from_video_dedup\C0023_frame000250_tag3_bead1.jpg,6,0.3847
data\bead_crops\from_video_dedup\C0023_frame000250_tag3_bead2.jpg,G,0.1779
data\bead_crops\from_video_dedup\C0023_frame000250_tag3_bead4.jpg,P,0.0843
data\bead_crops\from_video_dedup\C0023_frame000400_tag4_bead2.jpg,o,0.1705
data\bead_crops\from_video_dedup\C0023_frame000350_tag3_bead4.jpg,2,0.1024
data\bead_crops\from_video_dedup\C0023_frame000275_tag1_bead1.jpg,Q,0.2668
data\bead_crops\from_video_dedup\C0023_frame000275_tag2_bead2.jpg,,0.0
data\bead_crops\from_video_dedup\C0023_frame000275_tag2_bead4.jpg,K,0.0647
data\bead_crops\from_video_dedup\C0023_frame000400_tag4_bead3.jpg,,0.0
data\bead_crops\from_video_dedup\C0023_frame000300_tag0_bead1.jpg,0,0.7733
data\bead_crops\from_video_dedup\C0023_frame000300_tag1_bead1.jpg,0,0.1351
data\bead_crops\from_video_dedup\C0023_frame000300_tag3_bead0.jpg,®,0.1358
data\bead_crops\from_video_dedup\C0023_frame000300_tag3_bead2.jpg,G,0.782
data\bead_crops\from_video_dedup\C0023_frame000300_tag3_bead4.jpg,M,0.1279
data\bead_crops\from_video_dedup\C0023_frame000350_tag1_bead2.jpg,®,0.1577
data\bead_crops\from_video_dedup\C0023_frame000325_tag2_bead2.jpg,G,0.3546
data\bead_crops\from_video_dedup\C0023_frame000325_tag2_bead4.jpg,,0.0
data\bead_crops\from_video_dedup\C0023_frame000375_tag2_bead4.jpg,0,0.3877
data\bead_crops\from_video_dedup\C0023_frame000350_tag1_bead0.jpg,?,0.1478
data\bead_crops\from_video_dedup\C0023_frame000350_tag2_bead2.jpg,O,0.5234
data\bead_crops\from_video_dedup\C0023_frame000350_tag2_bead3.jpg,,0.0
data\bead_crops\from_video_dedup\C0023_frame000350_tag2_bead4.jpg,,0.0
data\bead_crops\from_video_dedup\C0023_frame000350_tag4_bead3.jpg,Q,0.6981
data\bead_crops\from_video_dedup\C0023_frame000375_tag0_bead1.jpg,?,0.1256
data\bead_crops\from_video_dedup\C0023_frame000375_tag2_bead0.jpg,?,0.1981
data\bead_crops\from_video_dedup\C0023_frame000375_tag2_bead1.jpg,0,0.7052
data\bead_crops\from_video_dedup\C0023_frame000375_tag3_bead3.jpg,0,0.1643
data\bead_crops\from_video_dedup\C0023_frame000375_tag3_bead4.jpg,k,0.1802
data\bead_crops\from_video_dedup\C0023_frame000575_tag4_bead2.jpg,,0.0
data\bead_crops\from_video_dedup\C0023_frame000400_tag2_bead1.jpg,?,0.1693
data\bead_crops\from_video_dedup\C0023_frame000400_tag3_bead3.jpg,C,0.2934
data\bead_crops\from_video_dedup\C0023_frame000400_tag3_bead4.jpg,2,0.0599
data\bead_crops\from_video_dedup\C0023_frame000400_tag4_bead0.jpg,2,0.2248
data\bead_crops\from_video_dedup\C0023_frame000425_tag2_bead1.jpg,6,0.3856
data\bead_crops\from_video_dedup\C0023_frame000425_tag2_bead4.jpg,,0.0
data\bead_crops\from_video_dedup\C0023_frame000450_tag4_bead4.jpg,?,0.1051
data\bead_crops\from_video_dedup\C0023_frame000450_tag0_bead1.jpg,?,0.166
data\bead_crops\from_video_dedup\C0023_frame000475_tag0_bead3.jpg,@,0.1451
data\bead_crops\from_video_dedup\C0023_frame000450_tag0_bead2.jpg,®,0.1706
data\bead_crops\from_video_dedup\C0023_frame000450_tag2_bead1.jpg,0,0.5652
data\bead_crops\from_video_dedup\C0023_frame000500_tag0_bead2.jpg,Q,0.337
data\bead_crops\from_video_dedup\C0023_frame000450_tag3_bead4.jpg,V,0.1074
data\bead_crops\from_video_dedup\C0023_frame000600_tag1_bead0.jpg,0,0.1254
data\bead_crops\from_video_dedup\C0023_frame000625_tag1_bead1.jpg,Q,0.474
data\bead_crops\from_video_dedup\C0023_frame000800_tag4_bead2.jpg,0,0.1899
data\bead_crops\from_video_dedup\C0023_frame000500_tag0_bead0.jpg,O,0.1202
data\bead_crops\from_video_dedup\C0023_frame000500_tag0_bead3.jpg,0,0.4468
data\bead_crops\from_video_dedup\C0023_frame000475_tag3_bead0.jpg,C,0.1271
data\bead_crops\from_video_dedup\C0023_frame000475_tag3_bead4.jpg,y,0.088
data\bead_crops\from_video_dedup\C0023_frame000525_tag3_bead2.jpg,,0.0
data\bead_crops\from_video_dedup\C0023_frame000575_tag4_bead4.jpg,X,0.0629
data\bead_crops\from_video_dedup\C0023_frame000800_tag4_bead3.jpg,@,0.0898
data\bead_crops\from_video_dedup\C0023_frame000500_tag3_bead4.jpg,V,0.1166
data\bead_crops\from_video_dedup\C0023_frame000600_tag1_bead4.jpg,2,0.0932
data\bead_crops\from_video_dedup\C0023_frame000600_tag3_bead1.jpg,Q,0.195
data\bead_crops\from_video_dedup\C0023_frame000800_tag3_bead0.jpg,Q,0.1939
data\bead_crops\from_video_dedup\C0023_frame000525_tag3_bead3.jpg,O,0.2707
data\bead_crops\from_video_dedup\C0023_frame000575_tag1_bead1.jpg,0,0.3695
data\bead_crops\from_video_dedup\C0023_frame000600_tag3_bead4.jpg,0,0.6045
data\bead_crops\from_video_dedup\C0023_frame000600_tag1_bead1.jpg,?,0.1121
data\bead_crops\from_video_dedup\C0023_frame000550_tag3_bead0.jpg,®,0.148
data\bead_crops\from_video_dedup\C0023_frame000550_tag3_bead4.jpg,,0.0
data\bead_crops\from_video_dedup\C0023_frame000550_tag4_bead1.jpg,2,0.1852
data\bead_crops\from_video_dedup\C0023_frame000600_tag3_bead3.jpg,0,0.3868
data\bead_crops\from_video_dedup\C0023_frame000600_tag1_bead2.jpg,®,0.1667
data\bead_crops\from_video_dedup\C0023_frame000600_tag1_bead3.jpg,四,0.0805
data\bead_crops\from_video_dedup\C0023_frame000575_tag3_bead1.jpg,6,0.5035
data\bead_crops\from_video_dedup\C0023_frame000575_tag3_bead4.jpg,,0.0
data\bead_crops\from_video_dedup\C0023_frame001075_tag3_bead1.jpg,2,0.2728
data\bead_crops\from_video_dedup\C0023_frame000600_tag2_bead4.jpg,Y,0.0693
data\bead_crops\from_video_dedup\C0023_frame000625_tag3_bead4.jpg,V,0.0869
data\bead_crops\from_video_dedup\C0023_frame000800_tag3_bead3.jpg,,0.0
data\bead_crops\from_video_dedup\C0023_frame000650_tag3_bead4.jpg,V,0.0859
data\bead_crops\from_video_dedup\C0023_frame000700_tag4_bead4.jpg,X,0.1483
data\bead_crops\from_video_dedup\C0023_frame000725_tag0_bead0.jpg,?,0.1312
data\bead_crops\from_video_dedup\C0023_frame000725_tag0_bead1.jpg,0,0.5145
data\bead_crops\from_video_dedup\C0023_frame000725_tag0_bead2.jpg,Q,0.4471
data\bead_crops\from_video_dedup\C0023_frame000725_tag0_bead3.jpg,0,0.2759
data\bead_crops\from_video_dedup\C0023_frame000725_tag0_bead4.jpg,0,0.6962
data\bead_crops\from_video_dedup\C0023_frame000675_tag3_bead4.jpg,Y,0.1025
data\bead_crops\from_video_dedup\C0023_frame000800_tag4_bead1.jpg,Q,0.371
data\bead_crops\from_video_dedup\C0023_frame000700_tag3_bead0.jpg,C,0.1443
data\bead_crops\from_video_dedup\C0023_frame000700_tag3_bead4.jpg,V,0.0997
data\bead_crops\from_video_dedup\C0023_frame000725_tag3_bead4.jpg,Y,0.1585
data\bead_crops\from_video_dedup\C0023_frame000750_tag0_bead0.jpg,?,0.1255
data\bead_crops\from_video_dedup\C0023_frame000750_tag3_bead4.jpg,Y,0.1705
data\bead_crops\from_video_dedup\C0023_frame001050_tag3_bead3.jpg,O,0.2291
data\bead_crops\from_video_dedup\C0023_frame000800_tag3_bead4.jpg,2,0.186
data\bead_crops\from_video_dedup\C0023_frame000800_tag0_bead4.jpg,0,0.481
data\bead_crops\from_video_dedup\C0023_frame000900_tag3_bead4.jpg,y,0.0898
data\bead_crops\from_video_dedup\C0023_frame000800_tag2_bead4.jpg,V,0.063
data\bead_crops\from_video_dedup\C0023_frame000850_tag4_bead4.jpg,0,0.7084
data\bead_crops\from_video_dedup\C0023_frame000850_tag1_bead1.jpg,Q,0.2806
data\bead_crops\from_video_dedup\C0023_frame000850_tag2_bead4.jpg,Y,0.0765
data\bead_crops\from_video_dedup\C0023_frame000950_tag0_bead1.jpg,O,0.1715
data\bead_crops\from_video_dedup\C0023_frame000875_tag0_bead0.jpg,®,0.1312
data\bead_crops\from_video_dedup\C0023_frame000950_tag0_bead2.jpg,0,0.2104
data\bead_crops\from_video_dedup\C0023_frame001150_tag4_bead0.jpg,G,0.1502
data\bead_crops\from_video_dedup\C0023_frame000875_tag4_bead4.jpg,X,0.0997
data\bead_crops\from_video_dedup\C0023_frame001025_tag1_bead3.jpg,Q,0.3471
data\bead_crops\from_video_dedup\C0023_frame000950_tag2_bead0.jpg,?,0.1062
data\bead_crops\from_video_dedup\C0023_frame000900_tag2_bead1.jpg,®,0.1089
data\bead_crops\from_video_dedup\C0023_frame000950_tag0_bead0.jpg,9,0.1569
data\bead_crops\from_video_dedup\C0023_frame000975_tag4_bead1.jpg,C,0.1444
data\bead_crops\from_video_dedup\C0023_frame001000_tag0_bead4.jpg,0,0.4598
data\bead_crops\from_video_dedup\C0023_frame000925_tag1_bead0.jpg,o,0.1275
data\bead_crops\from_video_dedup\C0023_frame000925_tag2_bead0.jpg,Q,0.4936
data\bead_crops\from_video_dedup\C0023_frame001000_tag2_bead4.jpg,@,0.0744
data\bead_crops\from_video_dedup\C0023_frame000975_tag3_bead4.jpg,X,0.1812
data\bead_crops\from_video_dedup\C0023_frame000950_tag3_bead4.jpg,7,0.1163
data\bead_crops\from_video_dedup\C0023_frame000975_tag3_bead1.jpg,C,0.0672
data\bead_crops\from_video_dedup\C0023_frame000975_tag0_bead0.jpg,0,0.1227
data\bead_crops\from_video_dedup\C0023_frame001000_tag2_bead1.jpg,0,0.1868
data\bead_crops\from_video_dedup\C0023_frame001250_tag0_bead0.jpg,C,0.1402
data\bead_crops\from_video_dedup\C0023_frame000975_tag2_bead4.jpg,7,0.1074
data\bead_crops\from_video_dedup\C0023_frame001025_tag1_bead1.jpg,9,0.2776
data\bead_crops\from_video_dedup\C0023_frame001150_tag2_bead0.jpg,9,0.3595
data\bead_crops\from_video_dedup\C0023_frame001025_tag1_bead2.jpg,C,0.1299
data\bead_crops\from_video_dedup\C0023_frame001000_tag2_bead2.jpg,O,0.0725
data\bead_crops\from_video_dedup\C0023_frame001000_tag2_bead3.jpg,P,0.1177
data\bead_crops\from_video_dedup\C0023_frame001000_tag3_bead1.jpg,6,0.2534
data\bead_crops\from_video_dedup\C0023_frame001000_tag3_bead4.jpg,7,0.0857
data\bead_crops\from_video_dedup\C0023_frame001025_tag0_bead2.jpg,0,0.1446
data\bead_crops\from_video_dedup\C0023_frame001075_tag1_bead4.jpg,0,0.4767
data\bead_crops\from_video_dedup\C0023_frame001025_tag2_bead4.jpg,7,0.0632
data\bead_crops\from_video_dedup\C0023_frame001050_tag3_bead4.jpg,2,0.0869
data\bead_crops\from_video_dedup\C0023_frame001050_tag2_bead4.jpg,V,0.0699
data\bead_crops\from_video_dedup\C0023_frame001050_tag3_bead0.jpg,,0.0
data\bead_crops\from_video_dedup\C0023_frame001325_tag2_bead0.jpg,0,0.3843
data\bead_crops\from_video_dedup\C0023_frame001325_tag2_bead1.jpg,O,0.5601
data\bead_crops\from_video_dedup\C0023_frame001100_tag4_bead3.jpg,Q,0.0494
data\bead_crops\from_video_dedup\C0023_frame001125_tag3_bead0.jpg,0,0.1341
data\bead_crops\from_video_dedup\C0023_frame001075_tag0_bead2.jpg,0,0.1648
data\bead_crops\from_video_dedup\C0023_frame001175_tag1_bead3.jpg,P,0.2381
data\bead_crops\from_video_dedup\C0023_frame001150_tag2_bead1.jpg,?,0.2715
data\bead_crops\from_video_dedup\C0023_frame001175_tag3_bead4.jpg,,0.0
data\bead_crops\from_video_dedup\C0023_frame001125_tag0_bead0.jpg,0,0.1115
data\bead_crops\from_video_dedup\C0023_frame001150_tag1_bead1.jpg,@,0.106
data\bead_crops\from_video_dedup\C0023_frame001100_tag1_bead3.jpg,Q,0.3688
data\bead_crops\from_video_dedup\C0023_frame001250_tag0_bead3.jpg,o,0.3056
data\bead_crops\from_video_dedup\C0023_frame001150_tag4_bead1.jpg,,0.0
data\bead_crops\from_video_dedup\C0023_frame001150_tag2_bead2.jpg,C,0.1724
data\bead_crops\from_video_dedup\C0023_frame001150_tag2_bead4.jpg,0,0.4119
data\bead_crops\from_video_dedup\C0023_frame001125_tag3_bead1.jpg,0,0.1155
data\bead_crops\from_video_dedup\C0023_frame001150_tag4_bead3.jpg,o,0.2185
data\bead_crops\from_video_dedup\C0023_frame001150_tag4_bead4.jpg,,0.0
data\bead_crops\from_video_dedup\C0023_frame001150_tag2_bead3.jpg,O,0.2361
data\bead_crops\from_video_dedup\C0023_frame001200_tag2_bead0.jpg,9,0.216
data\bead_crops\from_video_dedup\C0023_frame001200_tag3_bead0.jpg,6,0.4105
data\bead_crops\from_video_dedup\C0023_frame001175_tag4_bead4.jpg,,0.0
data\bead_crops\from_video_dedup\C0023_frame001200_tag0_bead4.jpg,,0.0
data\bead_crops\from_video_dedup\C0023_frame001250_tag3_bead2.jpg,?,0.2251
data\bead_crops\from_video_dedup\C0023_frame001225_tag4_bead2.jpg,2,0.2708
data\bead_crops\from_video_dedup\C0023_frame001200_tag4_bead2.jpg,C,0.4026
data\bead_crops\from_video_dedup\C0023_frame001225_tag4_bead3.jpg,ro,0.3142
data\bead_crops\from_video_dedup\C0023_frame001250_tag1_bead0.jpg,0,0.1223
data\bead_crops\from_video_dedup\C0023_frame001325_tag4_bead2.jpg,0,0.1413
data\bead_crops\from_video_dedup\C0023_frame001250_tag1_bead3.jpg,P,0.3016
data\bead_crops\from_video_dedup\C0023_frame001250_tag1_bead1.jpg,®,0.2063
data\bead_crops\from_video_dedup\C0023_frame001225_tag1_bead1.jpg,6,0.2467
data\bead_crops\from_video_dedup\C0023_frame001225_tag1_bead2.jpg,?,0.2204
data\bead_crops\from_video_dedup\C0023_frame001225_tag1_bead4.jpg,0,0.2147
data\bead_crops\from_video_dedup\C0023_frame001225_tag4_bead0.jpg,Q,0.2429
data\bead_crops\from_video_dedup\C0023_frame001225_tag4_bead1.jpg,C,0.123
data\bead_crops\from_video_dedup\C0023_frame001225_tag4_bead4.jpg,O,0.2004
data\bead_crops\from_video_dedup\C0023_frame001250_tag0_bead1.jpg,6,0.3964
data\bead_crops\from_video_dedup\C0023_frame001250_tag0_bead4.jpg,,0.0
data\bead_crops\from_video_dedup\C0023_frame001250_tag2_bead0.jpg,C,0.3303
data\bead_crops\from_video_dedup\C0023_frame001250_tag2_bead1.jpg,O,0.0758
data\bead_crops\from_video_dedup\C0023_frame001250_tag2_bead2.jpg,2,0.2533
data\bead_crops\from_video_dedup\C0023_frame001250_tag2_bead3.jpg,no,0.3169
data\bead_crops\from_video_dedup\C0023_frame001250_tag2_bead4.jpg,o,0.2094
data\bead_crops\from_video_dedup\C0023_frame001250_tag3_bead0.jpg,?,0.2948
data\bead_crops\from_video_dedup\C0023_frame001275_tag0_bead2.jpg,0,0.0757
data\bead_crops\from_video_dedup\C0023_frame001400_tag1_bead0.jpg,3,0.1906
data\bead_crops\from_video_dedup\C0023_frame001275_tag3_bead3.jpg,0,0.2462
data\bead_crops\from_video_dedup\C0023_frame001300_tag1_bead4.jpg,o,0.4425
data\bead_crops\from_video_dedup\C0023_frame001375_tag3_bead4.jpg,7,0.066
data\bead_crops\from_video_dedup\C0023_frame001325_tag1_bead1.jpg,C,0.3133
data\bead_crops\from_video_dedup\C0023_frame001575_tag2_bead1.jpg,?,0.2257
data\bead_crops\from_video_dedup\C0023_frame001300_tag1_bead3.jpg,0,0.2684
data\bead_crops\from_video_dedup\C0023_frame001600_tag2_bead4.jpg,O,0.1427
data\bead_crops\from_video_dedup\C0023_frame001400_tag3_bead0.jpg,6,0.2477
data\bead_crops\from_video_dedup\C0023_frame001350_tag2_bead3.jpg,Q,0.211
data\bead_crops\from_video_dedup\C0023_frame001325_tag1_bead0.jpg,®,0.0752
data\bead_crops\from_video_dedup\C0023_frame001325_tag1_bead3.jpg,0,0.1747
data\bead_crops\from_video_dedup\C0023_frame001325_tag1_bead4.jpg,2o,0.4212
data\bead_crops\from_video_dedup\C0023_frame001350_tag1_bead4.jpg,,0.0
data\bead_crops\from_video_dedup\C0023_frame001325_tag3_bead1.jpg,6,0.1546
data\bead_crops\from_video_dedup\C0023_frame001450_tag1_bead2.jpg,P,0.2403
data\bead_crops\from_video_dedup\C0023_frame001375_tag1_bead2.jpg,0,0.1155
data\bead_crops\from_video_dedup\C0023_frame001375_tag1_bead0.jpg,0,0.1335
data\bead_crops\from_video_dedup\C0023_frame001350_tag1_bead0.jpg,一,0.1671
data\bead_crops\from_video_dedup\C0023_frame001500_tag0_bead0.jpg,0,0.3299
data\bead_crops\from_video_dedup\C0023_frame001350_tag1_bead2.jpg,0,0.2418
data\bead_crops\from_video_dedup\C0023_frame001350_tag1_bead3.jpg,O,0.5662
data\bead_crops\from_video_dedup\C0023_frame001375_tag4_bead2.jpg,0,0.2468
data\bead_crops\from_video_dedup\C0023_frame001750_tag0_bead2.jpg,O,0.5094
data\bead_crops\from_video_dedup\C0023_frame001525_tag2_bead2.jpg,O,0.2134
data\bead_crops\from_video_dedup\C0023_frame001375_tag0_bead3.jpg,0,0.0574
data\bead_crops\from_video_dedup\C0023_frame001450_tag3_bead1.jpg,0,0.1838
data\bead_crops\from_video_dedup\C0023_frame001550_tag3_bead4.jpg,o,0.5211
data\bead_crops\from_video_dedup\C0023_frame001525_tag0_bead0.jpg,0,0.1851
data\bead_crops\from_video_dedup\C0023_frame001450_tag1_bead4.jpg,@,0.1905
data\bead_crops\from_video_dedup\C0023_frame001375_tag2_bead4.jpg,,0.0
data\bead_crops\from_video_dedup\C0023_frame001575_tag1_bead0.jpg,?,0.1979
data\bead_crops\from_video_dedup\C0023_frame001400_tag0_bead1.jpg,6,0.2602
data\bead_crops\from_video_dedup\C0023_frame001400_tag1_bead3.jpg,0,0.0694
data\bead_crops\from_video_dedup\C0023_frame001450_tag4_bead1.jpg,6,0.1756
data\bead_crops\from_video_dedup\C0023_frame001425_tag4_bead1.jpg,O,0.1552
data\bead_crops\from_video_dedup\C0023_frame001575_tag0_bead2.jpg,@,0.1465
data\bead_crops\from_video_dedup\C0023_frame001450_tag1_bead0.jpg,0,0.1095
data\bead_crops\from_video_dedup\C0023_frame001575_tag0_bead1.jpg,0,0.2338
data\bead_crops\from_video_dedup\C0023_frame001500_tag0_bead2.jpg,0,0.1816
data\bead_crops\from_video_dedup\C0023_frame001575_tag1_bead3.jpg,Q,0.2996
data\bead_crops\from_video_dedup\C0023_frame001475_tag2_bead3.jpg,9,0.1944
data\bead_crops\from_video_dedup\C0023_frame001575_tag1_bead1.jpg,6,0.137
data\bead_crops\from_video_dedup\C0023_frame001575_tag1_bead2.jpg,O,0.1634
data\bead_crops\from_video_dedup\C0023_frame001750_tag0_bead0.jpg,C,0.132
data\bead_crops\from_video_dedup\C0023_frame001500_tag0_bead1.jpg,一,0.1744
data\bead_crops\from_video_dedup\C0023_frame001525_tag2_bead0.jpg,3,0.1156
data\bead_crops\from_video_dedup\C0023_frame001575_tag1_bead4.jpg,O,0.0879
data\bead_crops\from_video_dedup\C0023_frame001850_tag2_bead4.jpg,@,0.1398
data\bead_crops\from_video_dedup\C0023_frame001525_tag1_bead4.jpg,e,0.0482
data\bead_crops\from_video_dedup\C0023_frame001550_tag0_bead2.jpg,@,0.0689
data\bead_crops\from_video_dedup\C0023_frame001550_tag3_bead0.jpg,®,0.1375
data\bead_crops\from_video_dedup\C0023_frame001550_tag4_bead4.jpg,?,0.0775
data\bead_crops\from_video_dedup\C0023_frame001575_tag0_bead0.jpg,0,0.1511
data\bead_crops\from_video_dedup\C0023_frame001575_tag2_bead3.jpg,8,0.1109
data\bead_crops\from_video_dedup\C0023_frame001575_tag3_bead0.jpg,0,0.3471
data\bead_crops\from_video_dedup\C0023_frame001575_tag3_bead1.jpg,0,0.2522
data\bead_crops\from_video_dedup\C0023_frame001575_tag3_bead2.jpg,0,0.1838
data\bead_crops\from_video_dedup\C0023_frame001575_tag3_bead3.jpg,,0.0
data\bead_crops\from_video_dedup\C0023_frame001600_tag0_bead4.jpg,r,0.0684
data\bead_crops\from_video_dedup\C0023_frame001600_tag2_bead0.jpg,?,0.2638
data\bead_crops\from_video_dedup\C0023_frame001600_tag2_bead1.jpg,6,0.0903
data\bead_crops\from_video_dedup\C0023_frame001725_tag2_bead1.jpg,O,0.1225
data\bead_crops\from_video_dedup\C0023_frame001725_tag2_bead2.jpg,O,0.2094
data\bead_crops\from_video_dedup\C0023_frame001750_tag3_bead2.jpg,0,0.3732
data\bead_crops\from_video_dedup\C0023_frame001775_tag2_bead2.jpg,,0.0
data\bead_crops\from_video_dedup\C0023_frame001650_tag2_bead3.jpg,8,0.2077
data\bead_crops\from_video_dedup\C0023_frame001725_tag4_bead2.jpg,O,0.1768
data\bead_crops\from_video_dedup\C0023_frame001750_tag4_bead4.jpg,TO,0.4121
data\bead_crops\from_video_dedup\C0023_frame001650_tag0_bead4.jpg,0,0.0554
data\bead_crops\from_video_dedup\C0023_frame001625_tag3_bead1.jpg,子,0.0957
data\bead_crops\from_video_dedup\C0023_frame001775_tag2_bead0.jpg,0,0.3719
data\bead_crops\from_video_dedup\C0023_frame001675_tag2_bead0.jpg,o,0.1928
data\bead_crops\from_video_dedup\C0023_frame001750_tag4_bead1.jpg,?,0.2071
data\bead_crops\from_video_dedup\C0023_frame001775_tag3_bead1.jpg,9,0.2336
data\bead_crops\from_video_dedup\C0023_frame001750_tag0_bead4.jpg,C,0.2778
data\bead_crops\from_video_dedup\C0023_frame001775_tag2_bead1.jpg,C,0.1028
data\bead_crops\from_video_dedup\C0023_frame001675_tag3_bead1.jpg,0,0.3143
data\bead_crops\from_video_dedup\C0023_frame001725_tag4_bead3.jpg,8,0.1603
data\bead_crops\from_video_dedup\C0023_frame001750_tag4_bead0.jpg,3,0.3003
data\bead_crops\from_video_dedup\C0023_frame001700_tag1_bead3.jpg,8,0.1392
data\bead_crops\from_video_dedup\C0023_frame001750_tag0_bead1.jpg,0,0.2314
data\bead_crops\from_video_dedup\C0023_frame001700_tag3_bead2.jpg,S,0.1749
data\bead_crops\from_video_dedup\C0023_frame001725_tag0_bead1.jpg,?,0.1156
data\bead_crops\from_video_dedup\C0023_frame001725_tag0_bead2.jpg,@,0.1263
data\bead_crops\from_video_dedup\C0023_frame001800_tag4_bead0.jpg,®,0.2553
data\bead_crops\from_video_dedup\C0023_frame001750_tag2_bead1.jpg,9,0.3056
data\bead_crops\from_video_dedup\C0023_frame001800_tag4_bead2.jpg,S,0.1245
data\bead_crops\from_video_dedup\C0023_frame001750_tag4_bead2.jpg,O,0.2265
data\bead_crops\from_video_dedup\C0023_frame001750_tag4_bead3.jpg,8,0.0989
data\bead_crops\from_video_dedup\C0023_frame001825_tag0_bead2.jpg,,0.0
data\bead_crops\from_video_dedup\C0023_frame001825_tag0_bead4.jpg,O,0.4619
data\bead_crops\from_video_dedup\C0023_frame001825_tag0_bead3.jpg,C,0.5196
data\bead_crops\from_video_dedup\C0023_frame001850_tag2_bead0.jpg,o,0.1546
data\bead_crops\from_video_dedup\C0023_frame001850_tag4_bead2.jpg,Q,0.2548
data\bead_crops\from_video_dedup\C0023_frame001925_tag0_bead2.jpg,0,0.1365
data\bead_crops\from_video_dedup\C0023_frame001850_tag3_bead4.jpg,o,0.523
data\bead_crops\from_video_dedup\C0023_frame001875_tag3_bead0.jpg,3,0.2013
data\bead_crops\from_video_dedup\C0023_frame001850_tag3_bead2.jpg,0,0.1728
data\bead_crops\from_video_dedup\C0023_frame001800_tag1_bead3.jpg,P,0.2381
data\bead_crops\from_video_dedup\C0023_frame001800_tag2_bead0.jpg,®,0.1774
data\bead_crops\from_video_dedup\C0023_frame001850_tag1_bead0.jpg,0,0.4298
data\bead_crops\from_video_dedup\C0023_frame001800_tag4_bead1.jpg,9,0.3105
data\bead_crops\from_video_dedup\C0023_frame001850_tag2_bead2.jpg,0,0.1116
data\bead_crops\from_video_dedup\C0023_frame001825_tag3_bead2.jpg,O,0.0751
data\bead_crops\from_video_dedup\C0023_frame001850_tag1_bead1.jpg,O,0.3213
data\bead_crops\from_video_dedup\C0023_frame001925_tag0_bead1.jpg,0,0.1292
data\bead_crops\from_video_dedup\C0023_frame001850_tag4_bead1.jpg,?,0.1842
data\bead_crops\from_video_dedup\C0023_frame002325_tag2_bead1.jpg,O,0.1795
data\bead_crops\from_video_dedup\C0023_frame001875_tag2_bead1.jpg,0,0.4091
data\bead_crops\from_video_dedup\C0023_frame001925_tag2_bead4.jpg,,0.0
data\bead_crops\from_video_dedup\C0023_frame001950_tag0_bead4.jpg,0,0.4796
data\bead_crops\from_video_dedup\C0023_frame001875_tag3_bead3.jpg,心,0.1731
data\bead_crops\from_video_dedup\C0023_frame001950_tag2_bead1.jpg,®,0.2186
data\bead_crops\from_video_dedup\C0023_frame001900_tag1_bead2.jpg,0,0.2013
data\bead_crops\from_video_dedup\C0023_frame002050_tag2_bead0.jpg,0,0.4318
data\bead_crops\from_video_dedup\C0023_frame002050_tag2_bead1.jpg,C,0.1721
data\bead_crops\from_video_dedup\C0023_frame001900_tag2_bead2.jpg,,0.0
data\bead_crops\from_video_dedup\C0023_frame001925_tag2_bead2.jpg,O,0.1332
data\bead_crops\from_video_dedup\C0023_frame002050_tag3_bead4.jpg,O,0.067
data\bead_crops\from_video_dedup\C0023_frame001925_tag0_bead3.jpg,心,0.1161
data\bead_crops\from_video_dedup\C0023_frame001925_tag0_bead4.jpg,O,0.4114
data\bead_crops\from_video_dedup\C0023_frame002250_tag0_bead1.jpg,0,0.0884
data\bead_crops\from_video_dedup\C0023_frame001925_tag2_bead0.jpg,0,0.3125
data\bead_crops\from_video_dedup\C0023_frame002600_tag3_bead2.jpg,0,0.3398
data\bead_crops\from_video_dedup\C0023_frame001950_tag4_bead1.jpg,®,0.2672
data\bead_crops\from_video_dedup\C0023_frame001975_tag2_bead3.jpg,0,0.1164
data\bead_crops\from_video_dedup\C0023_frame001950_tag2_bead0.jpg,0,0.1481
data\bead_crops\from_video_dedup\C0023_frame002250_tag0_bead4.jpg,@,0.1017
data\bead_crops\from_video_dedup\C0023_frame001950_tag4_bead2.jpg,S,0.1587
data\bead_crops\from_video_dedup\C0023_frame001975_tag3_bead1.jpg,®,0.2311
data\bead_crops\from_video_dedup\C0023_frame002025_tag4_bead3.jpg,,0.0
data\bead_crops\from_video_dedup\C0023_frame002200_tag3_bead2.jpg,O,0.1851
data\bead_crops\from_video_dedup\C0023_frame002025_tag1_bead1.jpg,0,0.0729
data\bead_crops\from_video_dedup\C0023_frame002025_tag4_bead1.jpg,?,0.1874
data\bead_crops\from_video_dedup\C0023_frame002025_tag4_bead2.jpg,0,0.2065
data\bead_crops\from_video_dedup\C0023_frame002050_tag3_bead0.jpg,®,0.3062
data\bead_crops\from_video_dedup\C0023_frame002050_tag4_bead2.jpg,,0.0
data\bead_crops\from_video_dedup\C0023_frame002100_tag2_bead4.jpg,0,0.2903
data\bead_crops\from_video_dedup\C0023_frame002300_tag0_bead0.jpg,G,0.162
data\bead_crops\from_video_dedup\C0023_frame002150_tag2_bead3.jpg,Q,0.2725
data\bead_crops\from_video_dedup\C0023_frame002100_tag2_bead1.jpg,O,0.1293
data\bead_crops\from_video_dedup\C0023_frame002100_tag2_bead2.jpg,,0.0
data\bead_crops\from_video_dedup\C0023_frame002350_tag1_bead3.jpg,O,0.4762
data\bead_crops\from_video_dedup\C0023_frame002275_tag2_bead1.jpg,0,0.1608
data\bead_crops\from_video_dedup\C0023_frame002125_tag2_bead2.jpg,0,0.2138
data\bead_crops\from_video_dedup\C0023_frame002200_tag1_bead4.jpg,0,0.2347
data\bead_crops\from_video_dedup\C0023_frame002125_tag3_bead0.jpg,0,0.1603
data\bead_crops\from_video_dedup\C0023_frame002125_tag3_bead1.jpg,®,0.2313
data\bead_crops\from_video_dedup\C0023_frame002225_tag2_bead0.jpg,子,0.1205
data\bead_crops\from_video_dedup\C0023_frame002225_tag2_bead3.jpg,Q,0.2691
data\bead_crops\from_video_dedup\C0023_frame002350_tag1_bead2.jpg,O,0.1863
data\bead_crops\from_video_dedup\C0023_frame002225_tag1_bead4.jpg,C,0.2506
data\bead_crops\from_video_dedup\C0023_frame002150_tag3_bead3.jpg,福,0.0546
data\bead_crops\from_video_dedup\C0023_frame002275_tag4_bead0.jpg,0,0.2707
data\bead_crops\from_video_dedup\C0023_frame002175_tag2_bead2.jpg,0,0.1832
data\bead_crops\from_video_dedup\C0023_frame002175_tag2_bead3.jpg,,0.0
data\bead_crops\from_video_dedup\C0023_frame002200_tag0_bead2.jpg,0,0.093
data\bead_crops\from_video_dedup\C0023_frame002200_tag0_bead3.jpg,P,0.1705
data\bead_crops\from_video_dedup\C0023_frame002350_tag1_bead1.jpg,0,0.1852
data\bead_crops\from_video_dedup\C0023_frame002225_tag2_bead1.jpg,0,0.1873
data\bead_crops\from_video_dedup\C0023_frame002275_tag2_bead3.jpg,,0.0
data\bead_crops\from_video_dedup\C0023_frame002275_tag2_bead2.jpg,0,0.1541
data\bead_crops\from_video_dedup\C0023_frame002275_tag2_bead4.jpg,0,0.2441
data\bead_crops\from_video_dedup\C0023_frame002275_tag3_bead0.jpg,®,0.2999
data\bead_crops\from_video_dedup\C0023_frame002350_tag4_bead1.jpg,®,0.1826
data\bead_crops\from_video_dedup\C0023_frame002275_tag3_bead4.jpg,O,0.1917
data\bead_crops\from_video_dedup\C0023_frame002300_tag1_bead1.jpg,?,0.1867
data\bead_crops\from_video_dedup\C0023_frame002300_tag1_bead3.jpg,,0.0
data\bead_crops\from_video_dedup\C0023_frame002300_tag2_bead1.jpg,®,0.2257
data\bead_crops\from_video_dedup\C0023_frame002400_tag2_bead4.jpg,O,0.2196
data\bead_crops\from_video_dedup\C0023_frame002325_tag1_bead1.jpg,0,0.162
data\bead_crops\from_video_dedup\C0023_frame002325_tag1_bead3.jpg,,0.0
data\bead_crops\from_video_dedup\C0023_frame002975_tag2_bead4.jpg,6,0.0778
data\bead_crops\from_video_dedup\C0023_frame002325_tag3_bead1.jpg,®,0.2307
data\bead_crops\from_video_dedup\C0023_frame002325_tag3_bead2.jpg,S,0.1856
data\bead_crops\from_video_dedup\C0023_frame002325_tag3_bead4.jpg,O,0.1451
data\bead_crops\from_video_dedup\C0023_frame002350_tag0_bead1.jpg,P,0.1444
data\bead_crops\from_video_dedup\C0023_frame002350_tag0_bead3.jpg,?,0.1049
data\bead_crops\from_video_dedup\C0023_frame002350_tag3_bead3.jpg,,0.0
data\bead_crops\from_video_dedup\C0023_frame002450_tag0_bead4.jpg,,0.0
data\bead_crops\from_video_dedup\C0023_frame002375_tag3_bead0.jpg,3,0.404
data\bead_crops\from_video_dedup\C0023_frame002375_tag3_bead1.jpg,?,0.1606
data\bead_crops\from_video_dedup\C0023_frame002375_tag3_bead3.jpg,,0.0
data\bead_crops\from_video_dedup\C0023_frame002375_tag4_bead0.jpg,®,0.347
data\bead_crops\from_video_dedup\C0023_frame002375_tag4_bead2.jpg,6,0.1895
data\bead_crops\from_video_dedup\C0023_frame002400_tag1_bead0.jpg,0,0.3246
data\bead_crops\from_video_dedup\C0023_frame002450_tag4_bead0.jpg,?,0.2265
data\bead_crops\from_video_dedup\C0023_frame002400_tag3_bead3.jpg,Q,0.1931
data\bead_crops\from_video_dedup\C0023_frame002400_tag3_bead4.jpg,O,0.1658
data\bead_crops\from_video_dedup\C0023_frame002425_tag3_bead3.jpg,,0.0
data\bead_crops\from_video_dedup\C0023_frame002425_tag1_bead4.jpg,O,0.2042
data\bead_crops\from_video_dedup\C0023_frame002425_tag3_bead2.jpg,0,0.2403
data\bead_crops\from_video_dedup\C0023_frame002450_tag0_bead1.jpg,?,0.1752
data\bead_crops\from_video_dedup\C0023_frame002450_tag0_bead2.jpg,0,0.3598
data\bead_crops\from_video_dedup\C0023_frame002450_tag0_bead3.jpg,,0.0
data\bead_crops\from_video_dedup\C0023_frame002925_tag4_bead2.jpg,O,0.1224
data\bead_crops\from_video_dedup\C0023_frame002950_tag2_bead2.jpg,O,0.4246
data\bead_crops\from_video_dedup\C0023_frame002700_tag1_bead2.jpg,O,0.6413
data\bead_crops\from_video_dedup\C0023_frame002525_tag0_bead4.jpg,,0.0
data\bead_crops\from_video_dedup\C0023_frame002475_tag4_bead0.jpg,6,0.2106
data\bead_crops\from_video_dedup\C0023_frame002475_tag4_bead2.jpg,®,0.2319
data\bead_crops\from_video_dedup\C0023_frame002500_tag0_bead1.jpg,?,0.2177
data\bead_crops\from_video_dedup\C0023_frame002525_tag0_bead3.jpg,,0.0
data\bead_crops\from_video_dedup\C0023_frame002500_tag1_bead3.jpg,0,0.1075
data\bead_crops\from_video_dedup\C0023_frame002650_tag3_bead0.jpg,6,0.1537
data\bead_crops\from_video_dedup\C0023_frame003000_tag4_bead2.jpg,®,0.1222
data\bead_crops\from_video_dedup\C0023_frame002500_tag3_bead1.jpg,®,0.2725
data\bead_crops\from_video_dedup\C0023_frame002500_tag3_bead2.jpg,S,0.2014
data\bead_crops\from_video_dedup\C0023_frame003150_tag3_bead3.jpg,Q,0.1391
data\bead_crops\from_video_dedup\C0023_frame002550_tag0_bead2.jpg,0,0.234
data\bead_crops\from_video_dedup\C0023_frame002525_tag1_bead0.jpg,0,0.1351
data\bead_crops\from_video_dedup\C0023_frame002625_tag0_bead0.jpg,の,0.1644
data\bead_crops\from_video_dedup\C0023_frame002575_tag3_bead0.jpg,6,0.1367
data\bead_crops\from_video_dedup\C0023_frame002575_tag3_bead2.jpg,®,0.2614
data\bead_crops\from_video_dedup\C0023_frame002550_tag0_bead3.jpg,,0.0
data\bead_crops\from_video_dedup\C0023_frame002550_tag2_bead2.jpg,®,0.2538
data\bead_crops\from_video_dedup\C0023_frame002650_tag4_bead4.jpg,@,0.1336
data\bead_crops\from_video_dedup\C0023_frame002650_tag0_bead1.jpg,G,0.1658
data\bead_crops\from_video_dedup\C0023_frame002575_tag1_bead1.jpg,?,0.1461
data\bead_crops\from_video_dedup\C0023_frame002600_tag1_bead1.jpg,?,0.1535
data\bead_crops\from_video_dedup\C0023_frame002625_tag1_bead3.jpg,30,0.5702
data\bead_crops\from_video_dedup\C0023_frame002625_tag1_bead4.jpg,0,0.1511
data\bead_crops\from_video_dedup\C0023_frame002700_tag4_bead0.jpg,S,0.3746
data\bead_crops\from_video_dedup\C0023_frame002600_tag2_bead2.jpg,®,0.2708
data\bead_crops\from_video_dedup\C0023_frame002700_tag4_bead4.jpg,公,0.0794
data\bead_crops\from_video_dedup\C0023_frame002625_tag0_bead1.jpg,0,0.1886
data\bead_crops\from_video_dedup\C0023_frame002875_tag3_bead1.jpg,®,0.1382
data\bead_crops\from_video_dedup\C0023_frame002625_tag1_bead1.jpg,0,0.1839
data\bead_crops\from_video_dedup\C0023_frame002650_tag0_bead2.jpg,0,0.3762
data\bead_crops\from_video_dedup\C0023_frame002650_tag0_bead0.jpg,?,0.1249
data\bead_crops\from_video_dedup\C0023_frame002650_tag0_bead3.jpg,30,0.7656
data\bead_crops\from_video_dedup\C0023_frame002650_tag0_bead4.jpg,0,0.1151
data\bead_crops\from_video_dedup\C0023_frame002700_tag4_bead1.jpg,®,0.3174
data\bead_crops\from_video_dedup\C0023_frame002650_tag3_bead1.jpg,0,0.2612
data\bead_crops\from_video_dedup\C0023_frame002700_tag1_bead3.jpg,O,0.2997
data\bead_crops\from_video_dedup\C0023_frame002700_tag1_bead4.jpg,O,0.233
data\bead_crops\from_video_dedup\C0023_frame002650_tag4_bead0.jpg,0,0.1818
data\bead_crops\from_video_dedup\C0023_frame002650_tag4_bead3.jpg,P,0.1794
data\bead_crops\from_video_dedup\C0023_frame002675_tag0_bead1.jpg,0,0.1545
data\bead_crops\from_video_dedup\C0023_frame002675_tag1_bead1.jpg,0,0.1629
data\bead_crops\from_video_dedup\C0023_frame002675_tag1_bead2.jpg,0,0.4848
data\bead_crops\from_video_dedup\C0023_frame002675_tag1_bead3.jpg,30,0.5154
data\bead_crops\from_video_dedup\C0023_frame002675_tag1_bead4.jpg,0,0.2478
data\bead_crops\from_video_dedup\C0023_frame002775_tag4_bead0.jpg,S,0.3135
data\bead_crops\from_video_dedup\C0023_frame002700_tag0_bead0.jpg,3,0.6737
data\bead_crops\from_video_dedup\C0023_frame002700_tag0_bead1.jpg,0,0.128
data\bead_crops\from_video_dedup\C0023_frame002700_tag0_bead2.jpg,0,0.4571
data\bead_crops\from_video_dedup\C0023_frame002700_tag0_bead3.jpg,30,0.4836
data\bead_crops\from_video_dedup\C0023_frame002800_tag0_bead1.jpg,0,0.1631
data\bead_crops\from_video_dedup\C0023_frame002900_tag4_bead3.jpg,又,0.4123
data\bead_crops\from_video_dedup\C0023_frame002800_tag0_bead3.jpg,O,0.0946
data\bead_crops\from_video_dedup\C0023_frame002725_tag0_bead0.jpg,a,0.1458
data\bead_crops\from_video_dedup\C0023_frame002725_tag0_bead1.jpg,0,0.4015
data\bead_crops\from_video_dedup\C0023_frame002725_tag0_bead2.jpg,8,0.1327
data\bead_crops\from_video_dedup\C0023_frame002725_tag0_bead3.jpg,,0.0
data\bead_crops\from_video_dedup\C0023_frame002725_tag0_bead4.jpg,,0.0
data\bead_crops\from_video_dedup\C0023_frame002725_tag3_bead1.jpg,0,0.1618
data\bead_crops\from_video_dedup\C0023_frame002800_tag2_bead0.jpg,6,0.1916
data\bead_crops\from_video_dedup\C0023_frame002800_tag2_bead4.jpg,0,0.2998
data\bead_crops\from_video_dedup\C0023_frame002800_tag0_bead0.jpg,0,0.162
data\bead_crops\from_video_dedup\C0023_frame002750_tag2_bead0.jpg,Q,0.2192
data\bead_crops\from_video_dedup\C0023_frame002875_tag2_bead0.jpg,0,0.2651
data\bead_crops\from_video_dedup\C0023_frame002750_tag2_bead2.jpg,,0.0
data\bead_crops\from_video_dedup\C0023_frame002750_tag2_bead3.jpg,小,0.0991
data\bead_crops\from_video_dedup\C0023_frame002750_tag2_bead4.jpg,,0.0
data\bead_crops\from_video_dedup\C0023_frame002775_tag0_bead1.jpg,0,0.1954
data\bead_crops\from_video_dedup\C0023_frame002775_tag3_bead1.jpg,C,0.317
data\bead_crops\from_video_dedup\C0023_frame002775_tag3_bead2.jpg,り,0.3932
data\bead_crops\from_video_dedup\C0023_frame002825_tag4_bead3.jpg,,0.0
data\bead_crops\from_video_dedup\C0023_frame002825_tag3_bead3.jpg,O,0.1244
data\bead_crops\from_video_dedup\C0023_frame002900_tag4_bead2.jpg,®,0.1754
data\bead_crops\from_video_dedup\C0023_frame002875_tag0_bead2.jpg,O,0.1215
data\bead_crops\from_video_dedup\C0023_frame003350_tag1_bead4.jpg,S,0.1022
data\bead_crops\from_video_dedup\C0023_frame002800_tag3_bead0.jpg,C,0.3417
data\bead_crops\from_video_dedup\C0023_frame002800_tag3_bead1.jpg,0,0.1719
data\bead_crops\from_video_dedup\C0023_frame002800_tag3_bead2.jpg,y,0.391
data\bead_crops\from_video_dedup\C0023_frame002850_tag2_bead3.jpg,,0.0
data\bead_crops\from_video_dedup\C0023_frame002875_tag4_bead1.jpg,S,0.266
data\bead_crops\from_video_dedup\C0023_frame002875_tag4_bead0.jpg,®,0.2837
data\bead_crops\from_video_dedup\C0023_frame002825_tag3_bead2.jpg,0,0.1715
data\bead_crops\from_video_dedup\C0023_frame002950_tag2_bead0.jpg,0,0.2401
data\bead_crops\from_video_dedup\C0023_frame002825_tag3_bead0.jpg,S,0.3223
data\bead_crops\from_video_dedup\C0023_frame002925_tag1_bead0.jpg,®,0.3138
data\bead_crops\from_video_dedup\C0023_frame002825_tag4_bead2.jpg,り,0.1909
data\bead_crops\from_video_dedup\C0023_frame002825_tag4_bead4.jpg,,0.0
data\bead_crops\from_video_dedup\C0023_frame002975_tag3_bead4.jpg,0,0.3512
data\bead_crops\from_video_dedup\C0023_frame002850_tag2_bead0.jpg,C,0.2176
data\bead_crops\from_video_dedup\C0023_frame002850_tag2_bead2.jpg,0,0.1329
data\bead_crops\from_video_dedup\C0023_frame002850_tag2_bead4.jpg,,0.0
data\bead_crops\from_video_dedup\C0023_frame002900_tag4_bead1.jpg,0,0.1511
data\bead_crops\from_video_dedup\C0023_frame002850_tag3_bead3.jpg,O,0.1059
data\bead_crops\from_video_dedup\C0023_frame002875_tag2_bead1.jpg,C,0.7555
data\bead_crops\from_video_dedup\C0023_frame002875_tag2_bead2.jpg,小,0.379
data\bead_crops\from_video_dedup\C0023_frame002875_tag2_bead3.jpg,,0.0
data\bead_crops\from_video_dedup\C0023_frame002875_tag2_bead4.jpg,,0.0
data\bead_crops\from_video_dedup\C0023_frame003000_tag1_bead0.jpg,®,0.2174
data\bead_crops\from_video_dedup\C0023_frame003775_tag3_bead4.jpg,小,0.0742
data\bead_crops\from_video_dedup\C0023_frame003000_tag4_bead3.jpg,日,0.1917
data\bead_crops\from_video_dedup\C0023_frame003050_tag4_bead2.jpg,O,0.5791
data\bead_crops\from_video_dedup\C0023_frame002900_tag1_bead4.jpg,0,0.3681
data\bead_crops\from_video_dedup\C0023_frame002900_tag2_bead1.jpg,0,0.1657
data\bead_crops\from_video_dedup\C0023_frame002900_tag2_bead2.jpg,,0.0
data\bead_crops\from_video_dedup\C0023_frame002900_tag2_bead3.jpg,J,0.4203
data\bead_crops\from_video_dedup\C0023_frame002900_tag2_bead4.jpg,,0.0
data\bead_crops\from_video_dedup\C0023_frame002900_tag3_bead0.jpg,®,0.296
data\bead_crops\from_video_dedup\C0023_frame002975_tag4_bead0.jpg,S,0.1967
data\bead_crops\from_video_dedup\C0023_frame002900_tag3_bead2.jpg,®,0.1589
data\bead_crops\from_video_dedup\C0023_frame002900_tag4_bead0.jpg,®,0.1973
data\bead_crops\from_video_dedup\C0023_frame003025_tag1_bead3.jpg,®,0.1157
data\bead_crops\from_video_dedup\C0023_frame002925_tag0_bead2.jpg,,0.0
data\bead_crops\from_video_dedup\C0023_frame002925_tag0_bead3.jpg,1,0.1009
data\bead_crops\from_video_dedup\C0023_frame002925_tag0_bead4.jpg,,0.0
data\bead_crops\from_video_dedup\C0023_frame003025_tag1_bead2.jpg,®,0.2912
data\bead_crops\from_video_dedup\C0023_frame002975_tag0_bead1.jpg,0,0.1841
data\bead_crops\from_video_dedup\C0023_frame003000_tag1_bead2.jpg,又,0.2575
data\bead_crops\from_video_dedup\C0023_frame002925_tag3_bead0.jpg,6,0.2037
data\bead_crops\from_video_dedup\C0023_frame003050_tag4_bead0.jpg,0,0.1866
data\bead_crops\from_video_dedup\C0023_frame002925_tag4_bead1.jpg,O,0.1666
data\bead_crops\from_video_dedup\C0023_frame002950_tag1_bead0.jpg,C,0.412
data\bead_crops\from_video_dedup\C0023_frame002950_tag1_bead2.jpg,C,0.5135
data\bead_crops\from_video_dedup\C0023_frame002950_tag1_bead3.jpg,1,0.1068
data\bead_crops\from_video_dedup\C0023_frame002950_tag1_bead4.jpg,,0.0
data\bead_crops\from_video_dedup\C0023_frame002975_tag3_bead3.jpg,O,0.2717
data\bead_crops\from_video_dedup\C0023_frame003025_tag1_bead0.jpg,®,0.1798
data\bead_crops\from_video_dedup\C0023_frame002975_tag1_bead1.jpg,C,0.2134
data\bead_crops\from_video_dedup\C0023_frame002975_tag1_bead3.jpg,,0.0
data\bead_crops\from_video_dedup\C0023_frame002975_tag2_bead1.jpg,O,0.1981
data\bead_crops\from_video_dedup\C0023_frame003325_tag0_bead2.jpg,0,0.3375
data\bead_crops\from_video_dedup\C0023_frame002975_tag3_bead0.jpg,0,0.2384
data\bead_crops\from_video_dedup\C0023_frame002975_tag4_bead1.jpg,®,0.3844
data\bead_crops\from_video_dedup\C0023_frame003775_tag2_bead0.jpg,0,0.3302
data\bead_crops\from_video_dedup\C0023_frame003725_tag1_bead3.jpg,®,0.2404
data\bead_crops\from_video_dedup\C0023_frame003725_tag1_bead1.jpg,O,0.219
data\bead_crops\from_video_dedup\C0023_frame004025_tag2_bead4.jpg,,0.0
data\bead_crops\from_video_dedup\C0023_frame003200_tag0_bead3.jpg,?,0.1151
data\bead_crops\from_video_dedup\C0023_frame003000_tag2_bead2.jpg,,0.0
data\bead_crops\from_video_dedup\C0023_frame003000_tag2_bead3.jpg,,0.0
data\bead_crops\from_video_dedup\C0023_frame003050_tag4_bead4.jpg,O,0.2915
data\bead_crops\from_video_dedup\C0023_frame003025_tag1_bead1.jpg,?,0.1389
data\bead_crops\from_video_dedup\C0023_frame003125_tag2_bead0.jpg,C,0.6943
data\bead_crops\from_video_dedup\C0023_frame003025_tag2_bead2.jpg,,0.0
data\bead_crops\from_video_dedup\C0023_frame003025_tag2_bead3.jpg,,0.0
data\bead_crops\from_video_dedup\C0023_frame003075_tag1_bead0.jpg,®,0.2323
data\bead_crops\from_video_dedup\C0023_frame003075_tag1_bead2.jpg,?,0.1639
data\bead_crops\from_video_dedup\C0023_frame003100_tag1_bead1.jpg,©,0.2385
data\bead_crops\from_video_dedup\C0023_frame003050_tag2_bead3.jpg,,0.0
data\bead_crops\from_video_dedup\C0023_frame003050_tag4_bead1.jpg,6,0.1673
data\bead_crops\from_video_dedup\C0023_frame003075_tag2_bead1.jpg,S,0.1443
data\bead_crops\from_video_dedup\C0023_frame003150_tag2_bead0.jpg,C,0.5323
data\bead_crops\from_video_dedup\C0023_frame003075_tag3_bead2.jpg,6,0.2799
data\bead_crops\from_video_dedup\C0023_frame003075_tag3_bead3.jpg,,0.0
data\bead_crops\from_video_dedup\C0023_frame003100_tag1_bead3.jpg,又,0.1483
data\bead_crops\from_video_dedup\C0023_frame003150_tag3_bead0.jpg,0,0.1774
data\bead_crops\from_video_dedup\C0023_frame003150_tag3_bead4.jpg,O,0.1264
data\bead_crops\from_video_dedup\C0023_frame003175_tag3_bead4.jpg,O,0.2808
data\bead_crops\from_video_dedup\C0023_frame003125_tag2_bead1.jpg,A,0.0748
data\bead_crops\from_video_dedup\C0023_frame003125_tag2_bead2.jpg,0,0.1425
data\bead_crops\from_video_dedup\C0023_frame003450_tag3_bead2.jpg,C,0.6453
data\bead_crops\from_video_dedup\C0023_frame003125_tag4_bead2.jpg,O,0.5151
data\bead_crops\from_video_dedup\C0023_frame003150_tag2_bead1.jpg,,0.0
data\bead_crops\from_video_dedup\C0023_frame003200_tag2_bead1.jpg,6,0.1297
data\bead_crops\from_video_dedup\C0023_frame003250_tag3_bead1.jpg,Q,0.1848
data\bead_crops\from_video_dedup\C0023_frame003250_tag3_bead0.jpg,0,0.1746
data\bead_crops\from_video_dedup\C0023_frame003175_tag0_bead2.jpg,?,0.1385
data\bead_crops\from_video_dedup\C0023_frame003175_tag2_bead0.jpg,C,0.456
data\bead_crops\from_video_dedup\C0023_frame003200_tag2_bead2.jpg,,0.0
data\bead_crops\from_video_dedup\C0023_frame003275_tag4_bead2.jpg,O,0.4808
data\bead_crops\from_video_dedup\C0023_frame003225_tag2_bead1.jpg,K,0.0951
data\bead_crops\from_video_dedup\C0023_frame003225_tag2_bead0.jpg,®,0.2997
data\bead_crops\from_video_dedup\C0023_frame003200_tag2_bead0.jpg,C,0.3111
data\bead_crops\from_video_dedup\C0023_frame003250_tag3_bead4.jpg,O,0.3326
data\bead_crops\from_video_dedup\C0023_frame003225_tag1_bead1.jpg,,0.0
data\bead_crops\from_video_dedup\C0023_frame003225_tag1_bead2.jpg,0,0.2396
data\bead_crops\from_video_dedup\C0023_frame003325_tag5_bead3.jpg,C,0.6287
data\bead_crops\from_video_dedup\C0023_frame003250_tag0_bead2.jpg,0,0.1135
data\bead_crops\from_video_dedup\C0023_frame003325_tag1_bead3.jpg,O,0.3327
data\bead_crops\from_video_dedup\C0023_frame003325_tag2_bead3.jpg,,0.0
data\bead_crops\from_video_dedup\C0023_frame003325_tag5_bead1.jpg,0,0.166
data\bead_crops\from_video_dedup\C0023_frame003325_tag1_bead0.jpg,©,0.262
data\bead_crops\from_video_dedup\C0023_frame003275_tag4_bead1.jpg,®,0.1282
data\bead_crops\from_video_dedup\C0023_frame003275_tag4_bead4.jpg,O,0.3164
data\bead_crops\from_video_dedup\C0023_frame003300_tag2_bead0.jpg,C,0.3082
data\bead_crops\from_video_dedup\C0023_frame003300_tag2_bead1.jpg,0,0.0729
data\bead_crops\from_video_dedup\C0023_frame003300_tag2_bead2.jpg,,0.0
data\bead_crops\from_video_dedup\C0023_frame003300_tag3_bead1.jpg,C,0.1104
data\bead_crops\from_video_dedup\C0023_frame003325_tag1_bead2.jpg,O,0.3772
data\bead_crops\from_video_dedup\C0023_frame003325_tag1_bead4.jpg,O,0.5246
data\bead_crops\from_video_dedup\C0023_frame003325_tag1_bead1.jpg,G,0.1685
data\bead_crops\from_video_dedup\C0023_frame003425_tag0_bead0.jpg,®,0.4195
data\bead_crops\from_video_dedup\C0023_frame003325_tag2_bead2.jpg,0,0.1479
data\bead_crops\from_video_dedup\C0023_frame003325_tag5_bead2.jpg,,0.0
data\bead_crops\from_video_dedup\C0023_frame003350_tag0_bead1.jpg,®,0.1307
data\bead_crops\from_video_dedup\C0023_frame003350_tag0_bead2.jpg,O,0.3579
data\bead_crops\from_video_dedup\C0023_frame003350_tag0_bead3.jpg,O,0.4524
data\bead_crops\from_video_dedup\C0023_frame003550_tag4_bead0.jpg,S,0.1812
data\bead_crops\from_video_dedup\C0023_frame003375_tag1_bead2.jpg,?,0.238
data\bead_crops\from_video_dedup\C0023_frame003350_tag4_bead3.jpg,,0.0
data\bead_crops\from_video_dedup\C0023_frame003525_tag1_bead3.jpg,?,0.1163
data\bead_crops\from_video_dedup\C0023_frame003450_tag3_bead0.jpg,C,0.251
data\bead_crops\from_video_dedup\C0023_frame003375_tag2_bead2.jpg,0,0.166
data\bead_crops\from_video_dedup\C0023_frame003375_tag2_bead3.jpg,,0.0
data\bead_crops\from_video_dedup\C0023_frame003500_tag1_bead0.jpg,C,0.1642
data\bead_crops\from_video_dedup\C0023_frame003400_tag3_bead2.jpg,0,0.2356
data\bead_crops\from_video_dedup\C0023_frame003400_tag3_bead3.jpg,O,0.0423
data\bead_crops\from_video_dedup\C0023_frame003425_tag4_bead0.jpg,0,0.4442
data\bead_crops\from_video_dedup\C0023_frame003425_tag4_bead3.jpg,O,0.4821
data\bead_crops\from_video_dedup\C0023_frame003425_tag4_bead4.jpg,O,0.5331
data\bead_crops\from_video_dedup\C0023_frame003425_tag0_bead1.jpg,?,0.1959
data\bead_crops\from_video_dedup\C0023_frame003550_tag2_bead3.jpg,又,0.1526
data\bead_crops\from_video_dedup\C0023_frame003575_tag4_bead1.jpg,0,0.2052
data\bead_crops\from_video_dedup\C0023_frame003450_tag3_bead3.jpg,O,0.0718
data\bead_crops\from_video_dedup\C0023_frame003625_tag2_bead0.jpg,®,0.2495
data\bead_crops\from_video_dedup\C0023_frame003425_tag4_bead1.jpg,G,0.0979
data\bead_crops\from_video_dedup\C0023_frame003575_tag3_bead2.jpg,O,0.3846
data\bead_crops\from_video_dedup\C0023_frame003650_tag2_bead1.jpg,®,0.1502
data\bead_crops\from_video_dedup\C0023_frame003450_tag3_bead4.jpg,,0.0
data\bead_crops\from_video_dedup\C0023_frame004025_tag2_bead1.jpg,0,0.2986
data\bead_crops\from_video_dedup\C0023_frame003500_tag1_bead1.jpg,0,0.2111
data\bead_crops\from_video_dedup\C0023_frame003500_tag1_bead2.jpg,C,0.4734
data\bead_crops\from_video_dedup\C0023_frame003475_tag2_bead3.jpg,,0.0
data\bead_crops\from_video_dedup\C0023_frame003475_tag2_bead4.jpg,R,0.035
data\bead_crops\from_video_dedup\C0023_frame003475_tag4_bead1.jpg,S,0.1323
data\bead_crops\from_video_dedup\C0023_frame003650_tag1_bead1.jpg,O,0.2528
data\bead_crops\from_video_dedup\C0023_frame003500_tag1_bead3.jpg,,0.0
data\bead_crops\from_video_dedup\C0023_frame003500_tag1_bead4.jpg,,0.0
data\bead_crops\from_video_dedup\C0023_frame003500_tag3_bead0.jpg,0,0.4115
data\bead_crops\from_video_dedup\C0023_frame003500_tag4_bead0.jpg,®,0.3276
data\bead_crops\from_video_dedup\C0023_frame003525_tag1_bead1.jpg,6,0.2632
data\bead_crops\from_video_dedup\C0023_frame003525_tag2_bead3.jpg,,0.0
data\bead_crops\from_video_dedup\C0023_frame003525_tag2_bead4.jpg,,0.0
data\bead_crops\from_video_dedup\C0023_frame003525_tag4_bead3.jpg,O,0.087
data\bead_crops\from_video_dedup\C0023_frame003725_tag1_bead0.jpg,0,0.2929
data\bead_crops\from_video_dedup\C0023_frame003625_tag2_bead3.jpg,日,0.1147
data\bead_crops\from_video_dedup\C0023_frame003575_tag1_bead1.jpg,?,0.1308
data\bead_crops\from_video_dedup\C0023_frame003575_tag3_bead0.jpg,©,0.1766
data\bead_crops\from_video_dedup\C0023_frame003575_tag4_bead3.jpg,O,0.1336
data\bead_crops\from_video_dedup\C0023_frame003575_tag4_bead4.jpg,,0.0
data\bead_crops\from_video_dedup\C0023_frame003600_tag0_bead1.jpg,S,0.2672
data\bead_crops\from_video_dedup\C0023_frame003625_tag3_bead1.jpg,0,0.1495
data\bead_crops\from_video_dedup\C0023_frame003650_tag4_bead1.jpg,®,0.1562
data\bead_crops\from_video_dedup\C0023_frame003625_tag3_bead3.jpg,O,0.2647
data\bead_crops\from_video_dedup\C0023_frame003625_tag3_bead4.jpg,,0.0
data\bead_crops\from_video_dedup\C0023_frame003650_tag2_bead3.jpg,O,0.2313
data\bead_crops\from_video_dedup\C0023_frame003650_tag3_bead0.jpg,®,0.2905
data\bead_crops\from_video_dedup\C0023_frame003675_tag4_bead0.jpg,S,0.3271
data\bead_crops\from_video_dedup\C0023_frame003675_tag4_bead2.jpg,0,0.1706
data\bead_crops\from_video_dedup\C0023_frame003800_tag3_bead1.jpg,®,0.3302
data\bead_crops\from_video_dedup\C0023_frame003650_tag4_bead2.jpg,®,0.1847
data\bead_crops\from_video_dedup\C0023_frame003675_tag2_bead3.jpg,®,0.4616
data\bead_crops\from_video_dedup\C0023_frame003650_tag4_bead4.jpg,,0.0
data\bead_crops\from_video_dedup\C0023_frame003675_tag1_bead1.jpg,Q,0.1412
data\bead_crops\from_video_dedup\C0023_frame003675_tag2_bead0.jpg,6,0.3037
data\bead_crops\from_video_dedup\C0023_frame003800_tag3_bead0.jpg,?,0.2528
data\bead_crops\from_video_dedup\C0023_frame003800_tag3_bead4.jpg,,0.0
data\bead_crops\from_video_dedup\C0023_frame003725_tag2_bead1.jpg,0,0.1687
data\bead_crops\from_video_dedup\C0023_frame003750_tag1_bead2.jpg,C,0.3387
data\bead_crops\from_video_dedup\C0023_frame003675_tag3_bead3.jpg,O,0.18
data\bead_crops\from_video_dedup\C0023_frame003800_tag3_bead3.jpg,?,0.2817
data\bead_crops\from_video_dedup\C0023_frame003775_tag3_bead1.jpg,S,0.27
data\bead_crops\from_video_dedup\C0023_frame003850_tag0_bead2.jpg,0,0.1781
data\bead_crops\from_video_dedup\C0023_frame003850_tag0_bead4.jpg,小,0.0636
data\bead_crops\from_video_dedup\C0023_frame003775_tag0_bead0.jpg,Q,0.1728
data\bead_crops\from_video_dedup\C0023_frame003700_tag3_bead3.jpg,O,0.2059
data\bead_crops\from_video_dedup\C0023_frame003775_tag0_bead4.jpg,o,0.1875
data\bead_crops\from_video_dedup\C0023_frame003725_tag0_bead0.jpg,®,0.3023
data\bead_crops\from_video_dedup\C0023_frame003725_tag2_bead3.jpg,O,0.198
data\bead_crops\from_video_dedup\C0023_frame003825_tag2_bead3.jpg,O,0.1084
data\bead_crops\from_video_dedup\C0023_frame004150_tag0_bead0.jpg,®,0.249
data\bead_crops\from_video_dedup\C0023_frame003925_tag1_bead0.jpg,0,0.1883
data\bead_crops\from_video_dedup\C0023_frame003750_tag1_bead3.jpg,0,0.2268
data\bead_crops\from_video_dedup\C0023_frame003775_tag3_bead0.jpg,®,0.1994
data\bead_crops\from_video_dedup\C0023_frame003750_tag3_bead3.jpg,Q,0.1641
data\bead_crops\from_video_dedup\C0023_frame003925_tag1_bead2.jpg,0,0.2854
data\bead_crops\from_video_dedup\C0023_frame003775_tag0_bead3.jpg,O,0.2742
data\bead_crops\from_video_dedup\C0023_frame004025_tag3_bead2.jpg,O,0.3456
data\bead_crops\from_video_dedup\C0023_frame003875_tag0_bead4.jpg,O,0.255
data\bead_crops\from_video_dedup\C0023_frame003825_tag1_bead3.jpg,O,0.3418
data\bead_crops\from_video_dedup\C0023_frame003850_tag0_bead1.jpg,S,0.1642
data\bead_crops\from_video_dedup\C0023_frame003825_tag2_bead2.jpg,?,0.1282
data\bead_crops\from_video_dedup\C0023_frame003825_tag3_bead0.jpg,®,0.3033
data\bead_crops\from_video_dedup\C0023_frame003850_tag4_bead2.jpg,®,0.3463
data\bead_crops\from_video_dedup\C0023_frame003925_tag3_bead0.jpg,0,0.2097
data\bead_crops\from_video_dedup\C0023_frame003925_tag3_bead3.jpg,O,0.2976
data\bead_crops\from_video_dedup\C0023_frame003850_tag0_bead0.jpg,®,0.2442
data\bead_crops\from_video_dedup\C0023_frame003950_tag2_bead4.jpg,O,0.5997
data\bead_crops\from_video_dedup\C0023_frame004000_tag2_bead2.jpg,0,0.3513
data\bead_crops\from_video_dedup\C0023_frame003850_tag3_bead3.jpg,O,0.361
data\bead_crops\from_video_dedup\C0023_frame003925_tag1_bead3.jpg,O,0.3944
data\bead_crops\from_video_dedup\C0023_frame003875_tag1_bead1.jpg,®,0.2619
data\bead_crops\from_video_dedup\C0023_frame003875_tag2_bead0.jpg,0,0.3624
data\bead_crops\from_video_dedup\C0023_frame003925_tag3_bead1.jpg,G,0.2969
data\bead_crops\from_video_dedup\C0023_frame003875_tag3_bead4.jpg,O,0.4351
data\bead_crops\from_video_dedup\C0023_frame003875_tag4_bead1.jpg,S,0.3351
data\bead_crops\from_video_dedup\C0023_frame003900_tag0_bead1.jpg,®,0.5133
data\bead_crops\from_video_dedup\C0023_frame004000_tag4_bead3.jpg,?,0.3342
data\bead_crops\from_video_dedup\C0023_frame003925_tag1_bead1.jpg,Q,0.1928
data\bead_crops\from_video_dedup\C0023_frame003925_tag1_bead4.jpg,O,0.3104
data\bead_crops\from_video_dedup\C0023_frame003925_tag0_bead0.jpg,P,0.2825
data\bead_crops\from_video_dedup\C0023_frame003950_tag0_bead0.jpg,P,0.1961
data\bead_crops\from_video_dedup\C0023_frame003975_tag0_bead3.jpg,O,0.2077
data\bead_crops\from_video_dedup\C0023_frame004000_tag4_bead0.jpg,0,0.1621
data\bead_crops\from_video_dedup\C0023_frame003950_tag3_bead4.jpg,8,0.1134
data\bead_crops\from_video_dedup\C0023_frame003950_tag4_bead2.jpg,0,0.1984
data\bead_crops\from_video_dedup\C0023_frame004025_tag3_bead0.jpg,0,0.1707
data\bead_crops\from_video_dedup\C0023_frame004000_tag3_bead1.jpg,G,0.3381
data\bead_crops\from_video_dedup\C0023_frame004000_tag4_bead1.jpg,6,0.8836
data\bead_crops\from_video_dedup\C0023_frame004000_tag4_bead2.jpg,®,0.2485
data\bead_crops\from_video_dedup\C0023_frame004000_tag0_bead0.jpg,9,0.136
data\bead_crops\from_video_dedup\C0023_frame004000_tag0_bead2.jpg,0,0.3563
data\bead_crops\from_video_dedup\C0023_frame004000_tag0_bead4.jpg,S,0.0796
data\bead_crops\from_video_dedup\C0023_frame004000_tag1_bead0.jpg,®,0.2223
data\bead_crops\from_video_dedup\C0023_frame004125_tag0_bead1.jpg,0,0.16
data\bead_crops\from_video_dedup\C0023_frame004025_tag4_bead3.jpg,O,0.1481
data\bead_crops\from_video_dedup\C0023_frame004050_tag4_bead0.jpg,0,0.235
data\bead_crops\from_video_dedup\C0023_frame004150_tag1_bead3.jpg,O,0.5407
data\bead_crops\from_video_dedup\C0023_frame004000_tag4_bead4.jpg,8,0.1446
data\bead_crops\from_video_dedup\C0023_frame004025_tag0_bead0.jpg,®,0.1634
data\bead_crops\from_video_dedup\C0023_frame004025_tag0_bead3.jpg,8,0.1385
data\bead_crops\from_video_dedup\C0023_frame004025_tag1_bead0.jpg,C,0.2987
data\bead_crops\from_video_dedup\C0023_frame004025_tag2_bead0.jpg,9,0.1256
data\bead_crops\from_video_dedup\C0023_frame004025_tag2_bead3.jpg,O,0.12
data\bead_crops\from_video_dedup\C0023_frame004050_tag4_bead1.jpg,G,0.3012
data\bead_crops\from_video_dedup\C0023_frame004200_tag0_bead4.jpg,O,0.3724
data\bead_crops\from_video_dedup\C0023_frame004050_tag1_bead2.jpg,®,0.2575
data\bead_crops\from_video_dedup\C0023_frame004075_tag0_bead3.jpg,?,0.3793
data\bead_crops\from_video_dedup\C0023_frame004050_tag2_bead2.jpg,0,0.2261
data\bead_crops\from_video_dedup\C0023_frame004125_tag0_bead0.jpg,0,0.4628
data\bead_crops\from_video_dedup\C0023_frame004200_tag3_bead2.jpg,O,0.3592
data\bead_crops\from_video_dedup\C0023_frame004150_tag1_bead4.jpg,0,0.1827
data\bead_crops\from_video_dedup\C0023_frame004075_tag0_bead1.jpg,6,0.9165
data\bead_crops\from_video_dedup\C0023_frame004075_tag0_bead2.jpg,®,0.2189
data\bead_crops\from_video_dedup\C0023_frame004075_tag2_bead0.jpg,2,0.165
data\bead_crops\from_video_dedup\C0023_frame004075_tag2_bead3.jpg,®,0.1218
data\bead_crops\from_video_dedup\C0023_frame004150_tag0_bead3.jpg,,0.0
data\bead_crops\from_video_dedup\C0023_frame004100_tag0_bead0.jpg,3,0.7392
data\bead_crops\from_video_dedup\C0023_frame004100_tag0_bead1.jpg,6,0.1213
data\bead_crops\from_video_dedup\C0023_frame004125_tag1_bead2.jpg,®,0.4904
data\bead_crops\from_video_dedup\C0023_frame004200_tag3_bead1.jpg,G,0.3099
data\bead_crops\from_video_dedup\C0023_frame004125_tag1_bead0.jpg,0,0.1483
data\bead_crops\from_video_dedup\C0023_frame004150_tag3_bead2.jpg,3,0.2139
data\bead_crops\from_video_dedup\C0023_frame004125_tag1_bead4.jpg,8,0.1181
data\bead_crops\from_video_dedup\C0023_frame004125_tag2_bead0.jpg,9,0.1478
data\bead_crops\from_video_dedup\C0023_frame004200_tag3_bead0.jpg,0,0.2179
data\bead_crops\from_video_dedup\C0023_frame004125_tag4_bead3.jpg,日,0.1199
data\bead_crops\from_video_dedup\C0023_frame004150_tag0_bead2.jpg,0,0.1712
data\bead_crops\from_video_dedup\C0023_frame004150_tag0_bead4.jpg,O,0.3382
data\bead_crops\from_video_dedup\C0023_frame004175_tag1_bead0.jpg,O,0.4372
data\bead_crops\from_video_dedup\C0023_frame004150_tag4_bead2.jpg,2,0.0602
data\bead_crops\from_video_dedup\C0023_frame004150_tag4_bead3.jpg,,0.0
data\bead_crops\from_video_dedup\C0023_frame004175_tag0_bead3.jpg,,0.0
data\bead_crops\from_video_dedup\C0023_frame004175_tag1_bead2.jpg,,0.0
data\bead_crops\from_video_dedup\C0023_frame004175_tag1_bead3.jpg,,0.0
data\bead_crops\from_video_dedup\C0023_frame004175_tag1_bead4.jpg,®,0.1931
data\bead_crops\from_video_dedup\C0023_frame004175_tag3_bead0.jpg,8,0.1925
data\bead_crops\from_video_dedup\C0023_frame004175_tag4_bead1.jpg,C,0.2092
data\bead_crops\from_video_dedup\C0023_frame004200_tag0_bead0.jpg,0,0.477
data\bead_crops\from_video_dedup\C0023_frame004200_tag1_bead1.jpg,O,0.3545
data\bead_crops\from_video_dedup\C0023_frame004200_tag1_bead2.jpg,O,0.1198
data\bead_crops\from_video_dedup\C0023_frame004200_tag1_bead3.jpg,,0.0
data\bead_crops\from_video_dedup\C0023_frame004200_tag1_bead4.jpg,,0.0
data\bead_crops\from_video_dedup\C0023_frame004225_tag2_bead2.jpg,6,0.9078
data\bead_crops\from_video_dedup\C0023_frame004225_tag2_bead4.jpg,4,0.1817
data\bead_crops\from_video_dedup\C0023_frame004225_tag1_bead1.jpg,0,0.1336
data\bead_crops\from_video_dedup\C0023_frame004225_tag1_bead3.jpg,,0.0
data\bead_crops\from_video_dedup\C0023_frame004225_tag2_bead0.jpg,8,0.5129
data\bead_crops\from_video_dedup\C0023_frame004225_tag2_bead1.jpg,®,0.4954
data\bead_crops\from_video_dedup\C0023_frame004275_tag1_bead1.jpg,®,0.1917
data\bead_crops\from_video_dedup\C0023_frame004225_tag4_bead2.jpg,,0.0
data\bead_crops\from_video_dedup\C0023_frame004225_tag4_bead3.jpg,G,0.1248
data\bead_crops\from_video_dedup\C0023_frame004225_tag4_bead4.jpg,O,0.1114
data\bead_crops\from_video_dedup\C0023_frame004425_tag3_bead4.jpg,4,0.9813
data\bead_crops\from_video_dedup\C0023_frame004250_tag1_bead4.jpg,O,0.2199
data\bead_crops\from_video_dedup\C0023_frame004250_tag3_bead2.jpg,O,0.0523
data\bead_crops\from_video_dedup\C0023_frame004250_tag3_bead3.jpg,®,0.1525
data\bead_crops\from_video_dedup\C0023_frame004250_tag3_bead4.jpg,,0.0
data\bead_crops\from_video_dedup\C0023_frame004250_tag4_bead1.jpg,C,0.3397
data\bead_crops\from_video_dedup\C0023_frame004375_tag0_bead0.jpg,0,0.3502
data\bead_crops\from_video_dedup\C0023_frame004275_tag1_bead0.jpg,8,0.237
data\bead_crops\from_video_dedup\C0023_frame004300_tag1_bead1.jpg,®,0.3646
data\bead_crops\from_video_dedup\C0023_frame004275_tag3_bead1.jpg,G,0.345
data\bead_crops\from_video_dedup\C0023_frame004275_tag4_bead0.jpg,0,0.3821
data\bead_crops\from_video_dedup\C0023_frame004275_tag4_bead1.jpg,,0.0
data\bead_crops\from_video_dedup\C0023_frame004275_tag4_bead3.jpg,,0.0
data\bead_crops\from_video_dedup\C0023_frame004275_tag4_bead4.jpg,2,0.1619
data\bead_crops\from_video_dedup\C0023_frame004325_tag2_bead3.jpg,O,0.0876
data\bead_crops\from_video_dedup\C0023_frame004300_tag1_bead0.jpg,8,0.7085
data\bead_crops\from_video_dedup\C0023_frame004325_tag0_bead1.jpg,®,0.35
data\bead_crops\from_video_dedup\C0023_frame004350_tag1_bead0.jpg,0,0.1874
data\bead_crops\from_video_dedup\C0023_frame004475_tag3_bead3.jpg,O,0.5507
data\bead_crops\from_video_dedup\C0023_frame004500_tag3_bead4.jpg,0,0.123
data\bead_crops\from_video_dedup\C0023_frame004300_tag3_bead2.jpg,5,0.6673
data\bead_crops\from_video_dedup\C0023_frame004300_tag3_bead3.jpg,®,0.1246
data\bead_crops\from_video_dedup\C0023_frame004550_tag1_bead4.jpg,O,0.1017
data\bead_crops\from_video_dedup\C0023_frame004325_tag0_bead2.jpg,3,0.4664
data\bead_crops\from_video_dedup\C0023_frame004425_tag5_bead0.jpg,0,0.1539
data\bead_crops\from_video_dedup\C0023_frame004475_tag3_bead1.jpg,G,0.5214
data\bead_crops\from_video_dedup\C0023_frame004325_tag4_bead0.jpg,合,0.1228
data\bead_crops\from_video_dedup\C0023_frame004350_tag2_bead0.jpg,O,0.2142
data\bead_crops\from_video_dedup\C0023_frame004350_tag2_bead1.jpg,0,0.2649
data\bead_crops\from_video_dedup\C0023_frame004350_tag2_bead2.jpg,®,0.1128
data\bead_crops\from_video_dedup\C0023_frame004350_tag2_bead3.jpg,文,0.2452
data\bead_crops\from_video_dedup\C0023_frame004375_tag1_bead1.jpg,③,0.3446
data\bead_crops\from_video_dedup\C0023_frame004375_tag1_bead2.jpg,®,0.3201
data\bead_crops\from_video_dedup\C0023_frame004375_tag1_bead4.jpg,4,0.9772
data\bead_crops\from_video_dedup\C0023_frame004350_tag4_bead1.jpg,C,0.106
data\bead_crops\from_video_dedup\C0023_frame004525_tag0_bead0.jpg,8,0.4477
data\bead_crops\from_video_dedup\C0023_frame004375_tag4_bead0.jpg,O,0.4652
data\bead_crops\from_video_dedup\C0023_frame004375_tag4_bead1.jpg,O,0.1399
data\bead_crops\from_video_dedup\C0023_frame004375_tag4_bead2.jpg,,0.0
data\bead_crops\from_video_dedup\C0023_frame004375_tag4_bead3.jpg,小,0.1152
data\bead_crops\from_video_dedup\C0023_frame004450_tag0_bead3.jpg,,0.0
data\bead_crops\from_video_dedup\C0023_frame004400_tag2_bead1.jpg,C,0.2421
data\bead_crops\from_video_dedup\C0023_frame004525_tag1_bead4.jpg,O,0.2995
data\bead_crops\from_video_dedup\C0023_frame004650_tag0_bead3.jpg,日,0.1066
data\bead_crops\from_video_dedup\C0023_frame004625_tag0_bead0.jpg,0,0.229
data\bead_crops\from_video_dedup\C0023_frame004450_tag2_bead0.jpg,0,0.2045
data\bead_crops\from_video_dedup\C0023_frame004450_tag3_bead0.jpg,O,0.1205
data\bead_crops\from_video_dedup\C0023_frame004450_tag3_bead1.jpg,C,0.091
data\bead_crops\from_video_dedup\C0023_frame004450_tag3_bead2.jpg,D,0.4005
data\bead_crops\from_video_dedup\C0023_frame004475_tag2_bead3.jpg,Q,0.1117
data\bead_crops\from_video_dedup\C0023_frame004475_tag3_bead2.jpg,0,0.3629
data\bead_crops\from_video_dedup\C0023_frame004500_tag0_bead4.jpg,4,0.9781
data\bead_crops\from_video_dedup\C0023_frame004500_tag4_bead0.jpg,G,0.4816
data\bead_crops\from_video_dedup\C0023_frame004500_tag4_bead1.jpg,0,0.1223
data\bead_crops\from_video_dedup\C0023_frame004525_tag1_bead1.jpg,O,0.1193
data\bead_crops\from_video_dedup\C0023_frame004550_tag0_bead0.jpg,O,0.167
data\bead_crops\from_video_dedup\C0023_frame004550_tag1_bead3.jpg,Q,0.1086
data\bead_crops\from_video_dedup\C0023_frame004525_tag4_bead0.jpg,,0.0
data\bead_crops\from_video_dedup\C0023_frame004525_tag4_bead1.jpg,O,0.1793
data\bead_crops\from_video_dedup\C0023_frame004550_tag2_bead2.jpg,0,0.2776
data\bead_crops\from_video_dedup\C0023_frame004575_tag3_bead4.jpg,,0.0
data\bead_crops\from_video_dedup\C0023_frame004550_tag4_bead0.jpg,3,0.5601
data\bead_crops\from_video_dedup\C0023_frame004550_tag4_bead1.jpg,3,0.8795
data\bead_crops\from_video_dedup\C0023_frame004575_tag1_bead3.jpg,®,0.2713
data\bead_crops\from_video_dedup\C0023_frame004575_tag1_bead0.jpg,8,0.4326
data\bead_crops\from_video_dedup\C0023_frame004575_tag1_bead2.jpg,3,0.2405
data\bead_crops\from_video_dedup\C0023_frame004575_tag2_bead1.jpg,0,0.2147
data\bead_crops\from_video_dedup\C0023_frame004575_tag3_bead1.jpg,G,0.6127
data\bead_crops\from_video_dedup\C0023_frame004825_tag1_bead4.jpg,O,0.3597
data\bead_crops\from_video_dedup\C0023_frame004600_tag1_bead4.jpg,4,0.9655
data\bead_crops\from_video_dedup\C0023_frame004600_tag2_bead0.jpg,0,0.1556
data\bead_crops\from_video_dedup\C0023_frame004600_tag2_bead3.jpg,O,0.3581
data\bead_crops\from_video_dedup\C0023_frame004750_tag3_bead1.jpg,K,0.1312
data\bead_crops\from_video_dedup\C0023_frame004750_tag3_bead2.jpg,0,0.165
data\bead_crops\from_video_dedup\C0023_frame004600_tag4_bead0.jpg,,0.0
data\bead_crops\from_video_dedup\C0023_frame004625_tag1_bead0.jpg,8,0.2577
data\bead_crops\from_video_dedup\C0023_frame004775_tag0_bead1.jpg,3,0.6001
data\bead_crops\from_video_dedup\C0023_frame004625_tag1_bead2.jpg,8,0.21
data\bead_crops\from_video_dedup\C0023_frame004625_tag1_bead3.jpg,6,0.8755
data\bead_crops\from_video_dedup\C0023_frame004625_tag1_bead4.jpg,4,0.9719
data\bead_crops\from_video_dedup\C0023_frame004625_tag2_bead0.jpg,?,0.2421
data\bead_crops\from_video_dedup\C0023_frame004625_tag2_bead1.jpg,0,0.4282
data\bead_crops\from_video_dedup\C0023_frame004625_tag2_bead2.jpg,G,0.5181
data\bead_crops\from_video_dedup\C0023_frame004625_tag2_bead3.jpg,O,0.3918
data\bead_crops\from_video_dedup\C0023_frame004625_tag2_bead4.jpg,,0.0
data\bead_crops\from_video_dedup\C0023_frame004625_tag3_bead1.jpg,K,0.1604
data\bead_crops\from_video_dedup\C0023_frame004675_tag4_bead0.jpg,0,0.1504
data\bead_crops\from_video_dedup\C0023_frame004650_tag0_bead1.jpg,O,0.1205
data\bead_crops\from_video_dedup\C0023_frame004650_tag0_bead2.jpg,O,0.144
data\bead_crops\from_video_dedup\C0023_frame004750_tag1_bead1.jpg,3,0.6665
data\bead_crops\from_video_dedup\C0023_frame004650_tag2_bead0.jpg,G,0.2242
data\bead_crops\from_video_dedup\C0023_frame004650_tag2_bead1.jpg,9,0.4006
data\bead_crops\from_video_dedup\C0023_frame004650_tag2_bead2.jpg,0,0.5588
data\bead_crops\from_video_dedup\C0023_frame004650_tag2_bead3.jpg,O,0.3702
data\bead_crops\from_video_dedup\C0023_frame004650_tag2_bead4.jpg,9,0.7169
data\bead_crops\from_video_dedup\C0023_frame004650_tag4_bead1.jpg,0,0.0737
data\bead_crops\from_video_dedup\C0023_frame004650_tag4_bead2.jpg,,0.0
data\bead_crops\from_video_dedup\C0023_frame004700_tag1_bead0.jpg,0,0.1724
data\bead_crops\from_video_dedup\C0023_frame004675_tag1_bead1.jpg,9,0.7167
data\bead_crops\from_video_dedup\C0023_frame004700_tag1_bead2.jpg,0,0.7199
data\bead_crops\from_video_dedup\C0023_frame004700_tag1_bead3.jpg,0,0.5138
data\bead_crops\from_video_dedup\C0023_frame004700_tag1_bead4.jpg,9,0.6257
data\bead_crops\from_video_dedup\C0023_frame004675_tag2_bead0.jpg,8,0.2755
data\bead_crops\from_video_dedup\C0023_frame004675_tag4_bead1.jpg,Q,0.1683
data\bead_crops\from_video_dedup\C0023_frame004675_tag4_bead2.jpg,,0.0
data\bead_crops\from_video_dedup\C0023_frame004825_tag1_bead0.jpg,O,0.2453
data\bead_crops\from_video_dedup\C0023_frame004700_tag1_bead1.jpg,9,0.9216
data\bead_crops\from_video_dedup\C0023_frame004775_tag0_bead3.jpg,6,0.8841
data\bead_crops\from_video_dedup\C0023_frame004775_tag0_bead0.jpg,®,0.2869
data\bead_crops\from_video_dedup\C0023_frame004825_tag0_bead3.jpg,6,0.932
data\bead_crops\from_video_dedup\C0023_frame004750_tag2_bead0.jpg,0,0.7281
data\bead_crops\from_video_dedup\C0023_frame004800_tag2_bead3.jpg,0,0.6376
data\bead_crops\from_video_dedup\C0023_frame004725_tag4_bead1.jpg,2,0.1082
data\bead_crops\from_video_dedup\C0023_frame004725_tag4_bead2.jpg,,0.0
data\bead_crops\from_video_dedup\C0023_frame004775_tag2_bead0.jpg,9,0.9562
data\bead_crops\from_video_dedup\C0023_frame004775_tag2_bead4.jpg,9,0.7555
data\bead_crops\from_video_dedup\C0023_frame004750_tag3_bead0.jpg,®,0.281
data\bead_crops\from_video_dedup\C0023_frame004750_tag4_bead1.jpg,,0.0
data\bead_crops\from_video_dedup\C0023_frame004750_tag4_bead2.jpg,2,0.0665
data\bead_crops\from_video_dedup\C0023_frame004800_tag1_bead3.jpg,4,0.9786
data\bead_crops\from_video_dedup\C0023_frame004775_tag1_bead1.jpg,飞,0.2134
data\bead_crops\from_video_dedup\C0023_frame004775_tag2_bead1.jpg,日,0.1887
data\bead_crops\from_video_dedup\C0023_frame005200_tag1_bead0.jpg,C,0.2594
data\bead_crops\from_video_dedup\C0023_frame004775_tag3_bead1.jpg,O,0.1412
data\bead_crops\from_video_dedup\C0023_frame004800_tag1_bead1.jpg,3,0.7144
data\bead_crops\from_video_dedup\C0023_frame004800_tag2_bead0.jpg,9,0.9653
data\bead_crops\from_video_dedup\C0023_frame004825_tag0_bead1.jpg,®,0.3034
data\bead_crops\from_video_dedup\C0023_frame004850_tag3_bead0.jpg,0,0.1395
data\bead_crops\from_video_dedup\C0023_frame004900_tag0_bead3.jpg,6,0.9162
data\bead_crops\from_video_dedup\C0023_frame004850_tag2_bead1.jpg,O,0.1973
data\bead_crops\from_video_dedup\C0023_frame004850_tag3_bead3.jpg,O,0.1141
data\bead_crops\from_video_dedup\C0023_frame004850_tag4_bead0.jpg,O,0.2754
data\bead_crops\from_video_dedup\C0023_frame004875_tag0_bead0.jpg,3,0.6113
data\bead_crops\from_video_dedup\C0023_frame004900_tag0_bead2.jpg,®,0.2736
data\bead_crops\from_video_dedup\C0023_frame004875_tag1_bead0.jpg,®,0.2227
data\bead_crops\from_video_dedup\C0023_frame004900_tag3_bead1.jpg,O,0.1322
data\bead_crops\from_video_dedup\C0023_frame004900_tag2_bead1.jpg,飞,0.232
data\bead_crops\from_video_dedup\C0023_frame004950_tag2_bead0.jpg,0,0.6773
data\bead_crops\from_video_dedup\C0023_frame004925_tag1_bead0.jpg,®,0.3575
data\bead_crops\from_video_dedup\C0023_frame004950_tag0_bead0.jpg,3,0.9107
data\bead_crops\from_video_dedup\C0023_frame004925_tag1_bead3.jpg,6,0.9059
data\bead_crops\from_video_dedup\C0023_frame004950_tag1_bead0.jpg,O,0.1492
data\bead_crops\from_video_dedup\C0023_frame004975_tag3_bead2.jpg,飞,0.2305
data\bead_crops\from_video_dedup\C0023_frame004975_tag0_bead4.jpg,4,0.7244
data\bead_crops\from_video_dedup\C0023_frame005000_tag1_bead0.jpg,®,0.2307
data\bead_crops\from_video_dedup\C0023_frame004975_tag0_bead1.jpg,3,0.3317
data\bead_crops\from_video_dedup\C0023_frame005000_tag1_bead2.jpg,6,0.7307
data\bead_crops\from_video_dedup\C0023_frame005000_tag1_bead3.jpg,®,0.3556
data\bead_crops\from_video_dedup\C0023_frame005075_tag1_bead4.jpg,9,0.6748
data\bead_crops\from_video_dedup\C0023_frame004975_tag3_bead1.jpg,0,0.1614
data\bead_crops\from_video_dedup\C0023_frame004975_tag4_bead0.jpg,O,0.2428
data\bead_crops\from_video_dedup\C0023_frame004975_tag4_bead1.jpg,O,0.0395
data\bead_crops\from_video_dedup\C0023_frame004975_tag4_bead2.jpg,P,0.0813
data\bead_crops\from_video_dedup\C0023_frame005100_tag0_bead1.jpg,9,0.9418
data\bead_crops\from_video_dedup\C0023_frame005075_tag1_bead0.jpg,,0.0
data\bead_crops\from_video_dedup\C0023_frame005000_tag1_bead1.jpg,3,0.4146
data\bead_crops\from_video_dedup\C0023_frame005000_tag1_bead4.jpg,4,0.588
data\bead_crops\from_video_dedup\C0023_frame005025_tag0_bead2.jpg,O,0.0901
data\bead_crops\from_video_dedup\C0023_frame005000_tag3_bead1.jpg,,0.0
data\bead_crops\from_video_dedup\C0023_frame005000_tag5_bead1.jpg,2,0.0439
data\bead_crops\from_video_dedup\C0023_frame005200_tag1_bead4.jpg,O,0.3614
data\bead_crops\from_video_dedup\C0023_frame005150_tag2_bead4.jpg,6,0.042
data\bead_crops\from_video_dedup\C0023_frame005025_tag4_bead1.jpg,O,0.0804
data\bead_crops\from_video_dedup\C0023_frame005050_tag0_bead3.jpg,0,0.7111
data\bead_crops\from_video_dedup\C0023_frame005200_tag1_bead2.jpg,O,0.138
data\bead_crops\from_video_dedup\C0023_frame005200_tag1_bead1.jpg,,0.0
data\bead_crops\from_video_dedup\C0023_frame005075_tag2_bead2.jpg,®,0.3706
data\bead_crops\from_video_dedup\C0023_frame005225_tag3_bead0.jpg,®,0.2572
data\bead_crops\from_video_dedup\C0023_frame005050_tag3_bead2.jpg,C,0.1467
data\bead_crops\from_video_dedup\C0023_frame005050_tag4_bead0.jpg,O,0.1836
data\bead_crops\from_video_dedup\C0023_frame005050_tag4_bead1.jpg,O,0.1713
data\bead_crops\from_video_dedup\C0023_frame005225_tag0_bead1.jpg,O,0.1273
data\bead_crops\from_video_dedup\C0023_frame005075_tag2_bead0.jpg,3,0.2182
data\bead_crops\from_video_dedup\C0023_frame005075_tag2_bead1.jpg,6,0.8679
data\bead_crops\from_video_dedup\C0023_frame005150_tag1_bead2.jpg,3,0.2367
data\bead_crops\from_video_dedup\C0023_frame005100_tag2_bead2.jpg,C,0.2474
data\bead_crops\from_video_dedup\C0023_frame005125_tag2_bead2.jpg,®,0.5038
data\bead_crops\from_video_dedup\C0023_frame005125_tag3_bead2.jpg,C,0.1896
data\bead_crops\from_video_dedup\C0023_frame005150_tag2_bead0.jpg,C,0.0709
data\bead_crops\from_video_dedup\C0023_frame005175_tag1_bead4.jpg,4,0.3134
data\bead_crops\from_video_dedup\C0023_frame005175_tag2_bead0.jpg,®,0.3154
data\bead_crops\from_video_dedup\C0023_frame006650_tag4_bead3.jpg,O,0.1365
data\bead_crops\from_video_dedup\C0023_frame005325_tag2_bead0.jpg,0,0.6202
data\bead_crops\from_video_dedup\C0023_frame005225_tag1_bead0.jpg,®,0.2834
data\bead_crops\from_video_dedup\C0023_frame005225_tag3_bead1.jpg,0,0.2032
data\bead_crops\from_video_dedup\C0023_frame005250_tag0_bead0.jpg,C,0.2671
data\bead_crops\from_video_dedup\C0023_frame005250_tag0_bead3.jpg,,0.0
data\bead_crops\from_video_dedup\C0023_frame005275_tag1_bead1.jpg,®,0.5066
data\bead_crops\from_video_dedup\C0023_frame005300_tag1_bead1.jpg,6,0.7538
data\bead_crops\from_video_dedup\C0023_frame005525_tag3_bead3.jpg,0,0.6467
data\bead_crops\from_video_dedup\C0023_frame005625_tag3_bead0.jpg,®,0.3663
data\bead_crops\from_video_dedup\C0023_frame005275_tag3_bead3.jpg,C,0.0967
data\bead_crops\from_video_dedup\C0023_frame005300_tag0_bead4.jpg,O,0.6396
data\bead_crops\from_video_dedup\C0023_frame005300_tag1_bead0.jpg,®,0.2856
data\bead_crops\from_video_dedup\C0023_frame005325_tag2_bead2.jpg,?,0.2339
data\bead_crops\from_video_dedup\C0023_frame005350_tag0_bead1.jpg,?,0.1612
data\bead_crops\from_video_dedup\C0023_frame005325_tag1_bead4.jpg,Q,0.1244
data\bead_crops\from_video_dedup\C0023_frame005425_tag0_bead4.jpg,9,0.7524
data\bead_crops\from_video_dedup\C0023_frame005325_tag3_bead2.jpg,C,0.2192
data\bead_crops\from_video_dedup\C0023_frame005350_tag1_bead0.jpg,36,0.6463
data\bead_crops\from_video_dedup\C0023_frame005350_tag1_bead3.jpg,®,0.5555
data\bead_crops\from_video_dedup\C0023_frame005350_tag1_bead4.jpg,8,0.0879
data\bead_crops\from_video_dedup\C0023_frame005375_tag0_bead0.jpg,9,0.9117
data\bead_crops\from_video_dedup\C0023_frame005600_tag1_bead0.jpg,0,0.1403
data\bead_crops\from_video_dedup\C0023_frame005425_tag4_bead3.jpg,®,0.0767
data\bead_crops\from_video_dedup\C0023_frame005375_tag4_bead1.jpg,®,0.5065
data\bead_crops\from_video_dedup\C0023_frame005375_tag4_bead2.jpg,26,0.4293
data\bead_crops\from_video_dedup\C0023_frame005375_tag4_bead3.jpg,®,0.5847
data\bead_crops\from_video_dedup\C0023_frame005375_tag4_bead4.jpg,,0.0
data\bead_crops\from_video_dedup\C0023_frame005450_tag1_bead0.jpg,O,0.2215
data\bead_crops\from_video_dedup\C0023_frame005400_tag1_bead1.jpg,?,0.1987
data\bead_crops\from_video_dedup\C0023_frame005400_tag3_bead0.jpg,®,0.4623
data\bead_crops\from_video_dedup\C0023_frame005400_tag3_bead1.jpg,8G,0.2858
data\bead_crops\from_video_dedup\C0023_frame005400_tag3_bead2.jpg,?,0.2363
data\bead_crops\from_video_dedup\C0023_frame005400_tag3_bead3.jpg,8,0.1714
data\bead_crops\from_video_dedup\C0023_frame005400_tag3_bead4.jpg,®,0.2727
data\bead_crops\from_video_dedup\C0023_frame005425_tag1_bead0.jpg,®,0.3738
data\bead_crops\from_video_dedup\C0023_frame005425_tag1_bead1.jpg,,0.0
data\bead_crops\from_video_dedup\C0023_frame005425_tag1_bead2.jpg,®,0.2876
data\bead_crops\from_video_dedup\C0023_frame005425_tag1_bead3.jpg,8,0.3368
data\bead_crops\from_video_dedup\C0023_frame005425_tag1_bead4.jpg,©,0.3009
data\bead_crops\from_video_dedup\C0023_frame005425_tag3_bead0.jpg,©,0.1741
data\bead_crops\from_video_dedup\C0023_frame005425_tag3_bead1.jpg,0,0.3193
data\bead_crops\from_video_dedup\C0023_frame005425_tag3_bead2.jpg,,0.0
data\bead_crops\from_video_dedup\C0023_frame005425_tag4_bead4.jpg,O,0.6352
data\bead_crops\from_video_dedup\C0023_frame005525_tag3_bead1.jpg,9,0.7716
data\bead_crops\from_video_dedup\C0023_frame005525_tag3_bead2.jpg,?,0.2022
data\bead_crops\from_video_dedup\C0023_frame005450_tag1_bead3.jpg,®,0.0638
data\bead_crops\from_video_dedup\C0023_frame005450_tag2_bead1.jpg,,0.0
data\bead_crops\from_video_dedup\C0023_frame005450_tag2_bead2.jpg,8,0.3138
data\bead_crops\from_video_dedup\C0023_frame005450_tag2_bead3.jpg,0,0.1819
data\bead_crops\from_video_dedup\C0023_frame005450_tag2_bead4.jpg,®,0.2521
data\bead_crops\from_video_dedup\C0023_frame005450_tag3_bead0.jpg,®,0.3805
data\bead_crops\from_video_dedup\C0023_frame005525_tag3_bead0.jpg,0,0.6295
data\bead_crops\from_video_dedup\C0023_frame005475_tag0_bead5.jpg,,0.0
data\bead_crops\from_video_dedup\C0023_frame005475_tag1_bead0.jpg,O,0.2877
data\bead_crops\from_video_dedup\C0023_frame005500_tag1_bead2.jpg,?,0.268
data\bead_crops\from_video_dedup\C0023_frame005475_tag3_bead0.jpg,®,0.1985
data\bead_crops\from_video_dedup\C0023_frame005475_tag3_bead1.jpg,©,0.1731
data\bead_crops\from_video_dedup\C0023_frame005475_tag3_bead2.jpg,®,0.2194
data\bead_crops\from_video_dedup\C0023_frame005475_tag4_bead1.jpg,福,0.1262
data\bead_crops\from_video_dedup\C0023_frame005475_tag3_bead4.jpg,8,0.433
data\bead_crops\from_video_dedup\C0023_frame005500_tag0_bead0.jpg,®,0.2141
data\bead_crops\from_video_dedup\C0023_frame005525_tag0_bead1.jpg,0,0.1668
data\bead_crops\from_video_dedup\C0023_frame005500_tag0_bead2.jpg,@,0.1635
data\bead_crops\from_video_dedup\C0023_frame005500_tag0_bead3.jpg,福,0.1357
data\bead_crops\from_video_dedup\C0023_frame005500_tag0_bead4.jpg,,0.0
data\bead_crops\from_video_dedup\C0023_frame005575_tag2_bead3.jpg,®,0.1398
data\bead_crops\from_video_dedup\C0023_frame005500_tag3_bead5.jpg,2,0.2115
data\bead_crops\from_video_dedup\C0023_frame005525_tag0_bead0.jpg,®,0.2603
data\bead_crops\from_video_dedup\C0023_frame005525_tag0_bead2.jpg,福,0.134
data\bead_crops\from_video_dedup\C0023_frame005525_tag0_bead4.jpg,P,0.2059
data\bead_crops\from_video_dedup\C0023_frame005575_tag2_bead0.jpg,Q,0.1887
data\bead_crops\from_video_dedup\C0023_frame005525_tag2_bead2.jpg,C,0.195
data\bead_crops\from_video_dedup\C0023_frame005525_tag3_bead5.jpg,2,0.4296
data\bead_crops\from_video_dedup\C0023_frame005600_tag0_bead4.jpg,9,0.837
data\bead_crops\from_video_dedup\C0023_frame005575_tag3_bead1.jpg,0,0.1171
data\bead_crops\from_video_dedup\C0023_frame005550_tag1_bead4.jpg,,0.0
data\bead_crops\from_video_dedup\C0023_frame005600_tag0_bead0.jpg,0,0.484
data\bead_crops\from_video_dedup\C0023_frame005600_tag0_bead1.jpg,9,0.5586
data\bead_crops\from_video_dedup\C0023_frame005575_tag1_bead0.jpg,®,0.3396
data\bead_crops\from_video_dedup\C0023_frame005575_tag2_bead1.jpg,0,0.3204
data\bead_crops\from_video_dedup\C0023_frame005575_tag2_bead2.jpg,?,0.2004
data\bead_crops\from_video_dedup\C0023_frame005575_tag3_bead2.jpg,0,0.1637
data\bead_crops\from_video_dedup\C0023_frame005575_tag3_bead3.jpg,G,0.0615
data\bead_crops\from_video_dedup\C0023_frame005675_tag2_bead2.jpg,0,0.6855
data\bead_crops\from_video_dedup\C0023_frame005600_tag1_bead2.jpg,C,0.1083
data\bead_crops\from_video_dedup\C0023_frame006175_tag0_bead4.jpg,-,0.0698
data\bead_crops\from_video_dedup\C0023_frame005625_tag0_bead3.jpg,®,0.189
data\bead_crops\from_video_dedup\C0023_frame005625_tag0_bead4.jpg,O,0.6362
data\bead_crops\from_video_dedup\C0023_frame005625_tag1_bead0.jpg,®,0.1303
data\bead_crops\from_video_dedup\C0023_frame005625_tag1_bead3.jpg,,0.0
data\bead_crops\from_video_dedup\C0023_frame005650_tag0_bead0.jpg,0,0.5345
data\bead_crops\from_video_dedup\C0023_frame005650_tag0_bead1.jpg,?,0.1616
data\bead_crops\from_video_dedup\C0023_frame005650_tag0_bead4.jpg,9,0.5378
data\bead_crops\from_video_dedup\C0023_frame005975_tag4_bead3.jpg,,0.0
data\bead_crops\from_video_dedup\C0023_frame005675_tag3_bead1.jpg,0,0.4532
data\bead_crops\from_video_dedup\C0023_frame005625_tag4_bead2.jpg,,0.0
data\bead_crops\from_video_dedup\C0023_frame005625_tag4_bead3.jpg,e,0.1104
data\bead_crops\from_video_dedup\C0023_frame005750_tag2_bead0.jpg,9,0.2622
data\bead_crops\from_video_dedup\C0023_frame005825_tag4_bead1.jpg,C,0.1771
data\bead_crops\from_video_dedup\C0023_frame005650_tag2_bead3.jpg,O,0.1952
data\bead_crops\from_video_dedup\C0023_frame005750_tag0_bead1.jpg,®,0.1885
data\bead_crops\from_video_dedup\C0023_frame005825_tag0_bead4.jpg,,0.0
data\bead_crops\from_video_dedup\C0023_frame005675_tag1_bead0.jpg,O,0.144
data\bead_crops\from_video_dedup\C0023_frame005675_tag3_bead2.jpg,,0.0
data\bead_crops\from_video_dedup\C0023_frame005750_tag4_bead3.jpg,C,0.0881
data\bead_crops\from_video_dedup\C0023_frame005675_tag4_bead0.jpg,0,0.3004
data\bead_crops\from_video_dedup\C0023_frame005700_tag2_bead3.jpg,®,0.1747
data\bead_crops\from_video_dedup\C0023_frame005700_tag0_bead0.jpg,O,0.1368
data\bead_crops\from_video_dedup\C0023_frame005750_tag0_bead0.jpg,0,0.0886
data\bead_crops\from_video_dedup\C0023_frame005750_tag0_bead3.jpg,O,0.0984
data\bead_crops\from_video_dedup\C0023_frame005800_tag2_bead0.jpg,®,0.1501
data\bead_crops\from_video_dedup\C0023_frame005700_tag3_bead0.jpg,0,0.5482
data\bead_crops\from_video_dedup\C0023_frame005700_tag3_bead1.jpg,,0.0
data\bead_crops\from_video_dedup\C0023_frame006150_tag3_bead1.jpg,O,0.2648
data\bead_crops\from_video_dedup\C0023_frame005700_tag3_bead3.jpg,,0.0
data\bead_crops\from_video_dedup\C0023_frame005800_tag3_bead0.jpg,0,0.4058
data\bead_crops\from_video_dedup\C0023_frame005850_tag0_bead3.jpg,®,0.3062
data\bead_crops\from_video_dedup\C0023_frame005800_tag2_bead4.jpg,O,0.429
data\bead_crops\from_video_dedup\C0023_frame005725_tag5_bead1.jpg,,0.0
data\bead_crops\from_video_dedup\C0023_frame005925_tag4_bead1.jpg,O,0.3297
data\bead_crops\from_video_dedup\C0023_frame005750_tag0_bead4.jpg,,0.0
data\bead_crops\from_video_dedup\C0023_frame005825_tag2_bead1.jpg,0,0.3298
data\bead_crops\from_video_dedup\C0023_frame005775_tag0_bead3.jpg,®,0.3163
data\bead_crops\from_video_dedup\C0023_frame005800_tag2_bead2.jpg,®,0.3467
data\bead_crops\from_video_dedup\C0023_frame005825_tag4_bead0.jpg,®,0.4423
data\bead_crops\from_video_dedup\C0023_frame005800_tag4_bead4.jpg,C,0.0622
data\bead_crops\from_video_dedup\C0023_frame005825_tag4_bead2.jpg,0,0.1741
data\bead_crops\from_video_dedup\C0023_frame005800_tag2_bead1.jpg,0,0.3592
data\bead_crops\from_video_dedup\C0023_frame005850_tag1_bead3.jpg,®,0.2647
data\bead_crops\from_video_dedup\C0023_frame005875_tag3_bead2.jpg,,0.0
data\bead_crops\from_video_dedup\C0023_frame005825_tag0_bead3.jpg,O,0.1141
data\bead_crops\from_video_dedup\C0023_frame005850_tag0_bead4.jpg,9,0.6954
data\bead_crops\from_video_dedup\C0023_frame005975_tag4_bead0.jpg,0,0.5282
data\bead_crops\from_video_dedup\C0023_frame005900_tag4_bead0.jpg,O,0.2347
data\bead_crops\from_video_dedup\C0023_frame005825_tag3_bead4.jpg,C,0.5519
data\bead_crops\from_video_dedup\C0023_frame005850_tag0_bead0.jpg,0,0.3164
data\bead_crops\from_video_dedup\C0023_frame005850_tag2_bead1.jpg,,0.0
data\bead_crops\from_video_dedup\C0023_frame005850_tag2_bead4.jpg,C,0.3591
data\bead_crops\from_video_dedup\C0023_frame005850_tag3_bead3.jpg,O,0.1385
data\bead_crops\from_video_dedup\C0023_frame005900_tag0_bead4.jpg,,0.0
data\bead_crops\from_video_dedup\C0023_frame006650_tag4_bead4.jpg,日,0.0911
data\bead_crops\from_video_dedup\C0023_frame005875_tag0_bead0.jpg,®,0.4075
data\bead_crops\from_video_dedup\C0023_frame006050_tag0_bead2.jpg,C,0.1069
data\bead_crops\from_video_dedup\C0023_frame006050_tag1_bead1.jpg,0,0.291
data\bead_crops\from_video_dedup\C0023_frame005875_tag2_bead0.jpg,®,0.2029
data\bead_crops\from_video_dedup\C0023_frame005875_tag3_bead1.jpg,O,0.2872
data\bead_crops\from_video_dedup\C0023_frame005900_tag4_bead4.jpg,G,0.1249
data\bead_crops\from_video_dedup\C0023_frame005875_tag4_bead1.jpg,0,0.1294
data\bead_crops\from_video_dedup\C0023_frame005875_tag4_bead2.jpg,G,0.1469
data\bead_crops\from_video_dedup\C0023_frame005900_tag0_bead0.jpg,心,0.0761
data\bead_crops\from_video_dedup\C0023_frame005900_tag0_bead1.jpg,O,0.1701
data\bead_crops\from_video_dedup\C0023_frame005900_tag0_bead2.jpg,O,0.2165
data\bead_crops\from_video_dedup\C0023_frame006000_tag4_bead0.jpg,®,0.3935
data\bead_crops\from_video_dedup\C0023_frame005900_tag2_bead1.jpg,0,0.7375
data\bead_crops\from_video_dedup\C0023_frame005925_tag2_bead2.jpg,®,0.1838
data\bead_crops\from_video_dedup\C0023_frame006125_tag0_bead3.jpg,®,0.3274
data\bead_crops\from_video_dedup\C0023_frame006050_tag3_bead4.jpg,o,0.3168
data\bead_crops\from_video_dedup\C0023_frame005975_tag4_bead2.jpg,,0.0
data\bead_crops\from_video_dedup\C0023_frame005975_tag0_bead2.jpg,0,0.2208
data\bead_crops\from_video_dedup\C0023_frame005950_tag4_bead1.jpg,®,0.3464
data\bead_crops\from_video_dedup\C0023_frame005925_tag2_bead0.jpg,®,0.1407
data\bead_crops\from_video_dedup\C0023_frame006050_tag3_bead1.jpg,0,0.2626
data\bead_crops\from_video_dedup\C0023_frame005950_tag0_bead1.jpg,0,0.1213
data\bead_crops\from_video_dedup\C0023_frame005950_tag0_bead2.jpg,0,0.2221
data\bead_crops\from_video_dedup\C0023_frame005975_tag4_bead4.jpg,a,0.1646
data\bead_crops\from_video_dedup\C0023_frame006000_tag4_bead1.jpg,C,0.1412
data\bead_crops\from_video_dedup\C0023_frame005975_tag1_bead0.jpg,®,0.4458
data\bead_crops\from_video_dedup\C0023_frame005975_tag1_bead2.jpg,O,0.204
data\bead_crops\from_video_dedup\C0023_frame005975_tag3_bead2.jpg,®,0.2975
data\bead_crops\from_video_dedup\C0023_frame005975_tag4_bead1.jpg,O,0.0963
data\bead_crops\from_video_dedup\C0023_frame006175_tag1_bead0.jpg,®,0.2783
data\bead_crops\from_video_dedup\C0023_frame006000_tag3_bead2.jpg,,0.0
data\bead_crops\from_video_dedup\C0023_frame006000_tag3_bead4.jpg,,0.0
data\bead_crops\from_video_dedup\C0023_frame006025_tag0_bead3.jpg,G,0.1368
data\bead_crops\from_video_dedup\C0023_frame006050_tag0_bead1.jpg,®,0.3603
data\bead_crops\from_video_dedup\C0023_frame006050_tag3_bead0.jpg,6,0.1271
data\bead_crops\from_video_dedup\C0023_frame006050_tag3_bead3.jpg,®,0.344
data\bead_crops\from_video_dedup\C0023_frame006025_tag4_bead4.jpg,a,0.0967
data\bead_crops\from_video_dedup\C0023_frame006125_tag1_bead1.jpg,O,0.1515
data\bead_crops\from_video_dedup\C0023_frame006050_tag2_bead3.jpg,O,0.1035
data\bead_crops\from_video_dedup\C0023_frame006175_tag3_bead0.jpg,0,0.444
data\bead_crops\from_video_dedup\C0023_frame006100_tag3_bead4.jpg,,0.0
data\bead_crops\from_video_dedup\C0023_frame006150_tag1_bead1.jpg,@,0.1389
data\bead_crops\from_video_dedup\C0023_frame006125_tag1_bead4.jpg,,0.0
data\bead_crops\from_video_dedup\C0023_frame006075_tag1_bead0.jpg,0,0.2936
data\bead_crops\from_video_dedup\C0023_frame006125_tag2_bead1.jpg,0,0.5809
data\bead_crops\from_video_dedup\C0023_frame006075_tag2_bead4.jpg,9,0.2412
data\bead_crops\from_video_dedup\C0023_frame006075_tag3_bead0.jpg,®,0.3155
data\bead_crops\from_video_dedup\C0023_frame006075_tag3_bead1.jpg,0,0.1925
data\bead_crops\from_video_dedup\C0023_frame006075_tag3_bead2.jpg,C,0.1084
data\bead_crops\from_video_dedup\C0023_frame006150_tag3_bead2.jpg,0,0.1773
data\bead_crops\from_video_dedup\C0023_frame006125_tag3_bead4.jpg,E,0.0936
data\bead_crops\from_video_dedup\C0023_frame006100_tag0_bead3.jpg,,0.0
data\bead_crops\from_video_dedup\C0023_frame006100_tag0_bead4.jpg,8,0.2571
data\bead_crops\from_video_dedup\C0023_frame006100_tag1_bead1.jpg,9,0.2086
data\bead_crops\from_video_dedup\C0023_frame006225_tag3_bead0.jpg,?,0.1257
data\bead_crops\from_video_dedup\C0023_frame006125_tag0_bead1.jpg,O,0.2992
data\bead_crops\from_video_dedup\C0023_frame006125_tag1_bead3.jpg,O,0.1022
data\bead_crops\from_video_dedup\C0023_frame006125_tag2_bead3.jpg,0,0.2885
data\bead_crops\from_video_dedup\C0023_frame006150_tag3_bead0.jpg,0,0.3557
data\bead_crops\from_video_dedup\C0023_frame006125_tag3_bead3.jpg,,0.0
data\bead_crops\from_video_dedup\C0023_frame006175_tag1_bead4.jpg,o,0.3168
data\bead_crops\from_video_dedup\C0023_frame006150_tag1_bead3.jpg,,0.0
data\bead_crops\from_video_dedup\C0023_frame006175_tag4_bead0.jpg,0,0.243
data\bead_crops\from_video_dedup\C0023_frame006150_tag3_bead3.jpg,C,0.1143
data\bead_crops\from_video_dedup\C0023_frame006150_tag3_bead4.jpg,,0.0
data\bead_crops\from_video_dedup\C0023_frame006225_tag3_bead1.jpg,®,0.3274
data\bead_crops\from_video_dedup\C0023_frame006225_tag3_bead2.jpg,F,0.0901
data\bead_crops\from_video_dedup\C0023_frame006175_tag1_bead2.jpg,®,0.4882
data\bead_crops\from_video_dedup\C0023_frame006175_tag2_bead0.jpg,®,0.1098
data\bead_crops\from_video_dedup\C0023_frame006175_tag2_bead2.jpg,6,0.0864
data\bead_crops\from_video_dedup\C0023_frame006175_tag2_bead3.jpg,O,0.1523
data\bead_crops\from_video_dedup\C0023_frame006200_tag1_bead3.jpg,C,0.2405
data\bead_crops\from_video_dedup\C0023_frame006175_tag4_bead4.jpg,9,0.1744
data\bead_crops\from_video_dedup\C0023_frame006200_tag0_bead1.jpg,®,0.1026
data\bead_crops\from_video_dedup\C0023_frame006200_tag0_bead2.jpg,O,0.1288
data\bead_crops\from_video_dedup\C0023_frame006200_tag0_bead3.jpg,8,0.1674
data\bead_crops\from_video_dedup\C0023_frame006200_tag1_bead0.jpg,0,0.3895
data\bead_crops\from_video_dedup\C0023_frame006200_tag1_bead2.jpg,0,0.141
data\bead_crops\from_video_dedup\C0023_frame006250_tag3_bead1.jpg,0,0.1324
data\bead_crops\from_video_dedup\C0023_frame006250_tag3_bead3.jpg,0,0.2186
data\bead_crops\from_video_dedup\C0023_frame006225_tag0_bead4.jpg,©,0.1651
data\bead_crops\from_video_dedup\C0023_frame006225_tag1_bead0.jpg,0,0.4246
data\bead_crops\from_video_dedup\C0023_frame006225_tag1_bead3.jpg,C,0.1735
data\bead_crops\from_video_dedup\C0023_frame006250_tag2_bead4.jpg,a,0.0819
data\bead_crops\from_video_dedup\C0023_frame006250_tag3_bead2.jpg,0,0.5322
data\bead_crops\from_video_dedup\C0023_frame006250_tag0_bead0.jpg,0,0.0986
data\bead_crops\from_video_dedup\C0023_frame006250_tag0_bead1.jpg,®,0.1719
data\bead_crops\from_video_dedup\C0023_frame006250_tag0_bead2.jpg,8,0.2549
data\bead_crops\from_video_dedup\C0023_frame006250_tag0_bead4.jpg,©,0.1487
data\bead_crops\from_video_dedup\C0023_frame006250_tag1_bead3.jpg,O,0.1479
data\bead_crops\from_video_dedup\C0023_frame006250_tag2_bead0.jpg,0,0.4682
data\bead_crops\from_video_dedup\C0023_frame006250_tag2_bead1.jpg,0,0.2387
data\bead_crops\from_video_dedup\C0023_frame006275_tag3_bead3.jpg,©,0.1854
data\bead_crops\from_video_dedup\C0023_frame006250_tag2_bead3.jpg,C,0.1858
data\bead_crops\from_video_dedup\C0023_frame006250_tag4_bead0.jpg,6,0.1328
data\bead_crops\from_video_dedup\C0023_frame006675_tag0_bead0.jpg,0,0.5597
data\bead_crops\from_video_dedup\C0023_frame006250_tag4_bead3.jpg,®,0.298
data\bead_crops\from_video_dedup\C0023_frame006275_tag0_bead0.jpg,0,0.1575
data\bead_crops\from_video_dedup\C0023_frame006300_tag3_bead3.jpg,0,0.1805
data\bead_crops\from_video_dedup\C0023_frame006275_tag2_bead2.jpg,®,0.2725
data\bead_crops\from_video_dedup\C0023_frame006275_tag3_bead0.jpg,0,0.2285
data\bead_crops\from_video_dedup\C0023_frame006275_tag3_bead1.jpg,®,0.0702
data\bead_crops\from_video_dedup\C0023_frame006275_tag3_bead2.jpg,0,0.2468
data\bead_crops\from_video_dedup\C0023_frame006275_tag3_bead4.jpg,e,0.1297
data\bead_crops\from_video_dedup\C0023_frame006300_tag0_bead0.jpg,0,0.2914
data\bead_crops\from_video_dedup\C0023_frame006300_tag0_bead1.jpg,O,0.224
data\bead_crops\from_video_dedup\C0023_frame006300_tag0_bead2.jpg,®,0.165
data\bead_crops\from_video_dedup\C0023_frame006300_tag0_bead3.jpg,0,0.5211
data\bead_crops\from_video_dedup\C0023_frame006325_tag1_bead4.jpg,,0.0
data\bead_crops\from_video_dedup\C0023_frame006350_tag0_bead1.jpg,O,0.1509
data\bead_crops\from_video_dedup\C0023_frame006450_tag1_bead1.jpg,@,0.1054
data\bead_crops\from_video_dedup\C0023_frame006425_tag1_bead3.jpg,0,0.1387
data\bead_crops\from_video_dedup\C0023_frame006300_tag3_bead0.jpg,0,0.2865
data\bead_crops\from_video_dedup\C0023_frame006300_tag4_bead3.jpg,®,0.3347
data\bead_crops\from_video_dedup\C0023_frame006350_tag0_bead0.jpg,0,0.162
data\bead_crops\from_video_dedup\C0023_frame006325_tag1_bead0.jpg,0,0.3577
data\bead_crops\from_video_dedup\C0023_frame006350_tag4_bead0.jpg,一,0.1629
data\bead_crops\from_video_dedup\C0023_frame006325_tag1_bead2.jpg,O,0.2219
data\bead_crops\from_video_dedup\C0023_frame006325_tag1_bead3.jpg,O,0.3765
data\bead_crops\from_video_dedup\C0023_frame006375_tag4_bead4.jpg,0,0.2092
data\bead_crops\from_video_dedup\C0023_frame006350_tag2_bead3.jpg,®,0.341
data\bead_crops\from_video_dedup\C0023_frame006350_tag2_bead4.jpg,o,0.3454
data\bead_crops\from_video_dedup\C0023_frame006350_tag3_bead0.jpg,O,0.1539
data\bead_crops\from_video_dedup\C0023_frame006350_tag4_bead1.jpg,0,0.2646
data\bead_crops\from_video_dedup\C0023_frame006350_tag3_bead4.jpg,C,0.0707
data\bead_crops\from_video_dedup\C0023_frame006400_tag3_bead0.jpg,0,0.1959
data\bead_crops\from_video_dedup\C0023_frame006350_tag5_bead2.jpg,F,0.1318
data\bead_crops\from_video_dedup\C0023_frame006375_tag1_bead0.jpg,0,0.3332
data\bead_crops\from_video_dedup\C0023_frame006375_tag1_bead1.jpg,0,0.1513
data\bead_crops\from_video_dedup\C0023_frame006400_tag2_bead3.jpg,O,0.503
data\bead_crops\from_video_dedup\C0023_frame006375_tag1_bead4.jpg,,0.0
data\bead_crops\from_video_dedup\C0023_frame006400_tag0_bead0.jpg,8,0.156
data\bead_crops\from_video_dedup\C0023_frame006375_tag3_bead2.jpg,-,0.1833
data\bead_crops\from_video_dedup\C0023_frame006575_tag0_bead2.jpg,®,0.1508
data\bead_crops\from_video_dedup\C0023_frame006550_tag0_bead3.jpg,O,0.1469
data\bead_crops\from_video_dedup\C0023_frame006625_tag1_bead3.jpg,,0.0
data\bead_crops\from_video_dedup\C0023_frame006400_tag2_bead0.jpg,O,0.2632
data\bead_crops\from_video_dedup\C0023_frame006400_tag2_bead2.jpg,一,0.1492
data\bead_crops\from_video_dedup\C0023_frame006425_tag3_bead0.jpg,®,0.3698
data\bead_crops\from_video_dedup\C0023_frame006650_tag4_bead2.jpg,C,0.0644
data\bead_crops\from_video_dedup\C0023_frame006475_tag4_bead3.jpg,0,0.1949
data\bead_crops\from_video_dedup\C0023_frame006425_tag0_bead2.jpg,6,0.1868
data\bead_crops\from_video_dedup\C0023_frame006425_tag0_bead3.jpg,®,0.3328
data\bead_crops\from_video_dedup\C0023_frame006525_tag0_bead0.jpg,0,0.1731
data\bead_crops\from_video_dedup\C0023_frame006575_tag0_bead1.jpg,@,0.1409
data\bead_crops\from_video_dedup\C0023_frame006475_tag2_bead1.jpg,O,0.2142
data\bead_crops\from_video_dedup\C0023_frame006425_tag2_bead2.jpg,一,0.1726
data\bead_crops\from_video_dedup\C0023_frame006475_tag2_bead3.jpg,O,0.5621
data\bead_crops\from_video_dedup\C0023_frame006450_tag0_bead0.jpg,一,0.2074
data\bead_crops\from_video_dedup\C0023_frame006500_tag2_bead0.jpg,O,0.3271
data\bead_crops\from_video_dedup\C0023_frame006475_tag2_bead4.jpg,Q,0.1504
data\bead_crops\from_video_dedup\C0023_frame006450_tag2_bead0.jpg,0,0.1698
data\bead_crops\from_video_dedup\C0023_frame006500_tag4_bead1.jpg,0,0.1339
data\bead_crops\from_video_dedup\C0023_frame006475_tag4_bead4.jpg,O,0.139
data\bead_crops\from_video_dedup\C0023_frame006450_tag4_bead2.jpg,6,0.1066
data\bead_crops\from_video_dedup\C0023_frame006475_tag0_bead3.jpg,®,0.3574
data\bead_crops\from_video_dedup\C0023_frame006500_tag2_bead1.jpg,一,0.1014
data\bead_crops\from_video_dedup\C0023_frame006475_tag4_bead1.jpg,0,0.4631
data\bead_crops\from_video_dedup\C0023_frame006500_tag0_bead0.jpg,Q,0.1188
data\bead_crops\from_video_dedup\C0023_frame006500_tag0_bead1.jpg,0,0.1851
data\bead_crops\from_video_dedup\C0023_frame006600_tag3_bead4.jpg,9,0.201
data\bead_crops\from_video_dedup\C0023_frame006575_tag3_bead1.jpg,0,0.1765
data\bead_crops\from_video_dedup\C0023_frame006525_tag1_bead3.jpg,0,0.4572
data\bead_crops\from_video_dedup\C0023_frame006525_tag2_bead1.jpg,®,0.0843
data\bead_crops\from_video_dedup\C0023_frame006575_tag4_bead2.jpg,O,0.1717
data\bead_crops\from_video_dedup\C0023_frame006575_tag4_bead3.jpg,O,0.5937
data\bead_crops\from_video_dedup\C0023_frame006525_tag2_bead4.jpg,Q,0.12
data\bead_crops\from_video_dedup\C0023_frame006525_tag4_bead3.jpg,®,0.3931
data\bead_crops\from_video_dedup\C0023_frame006550_tag0_bead1.jpg,?,0.123
data\bead_crops\from_video_dedup\C0023_frame006550_tag3_bead4.jpg,Q,0.0965
data\bead_crops\from_video_dedup\C0023_frame006550_tag4_bead2.jpg,-,0.1457
data\bead_crops\from_video_dedup\C0023_frame006575_tag0_bead3.jpg,O,0.1414
data\bead_crops\from_video_dedup\C0023_frame006575_tag1_bead2.jpg,F,0.0585
data\bead_crops\from_video_dedup\C0023_frame006675_tag0_bead2.jpg,?,0.262
data\bead_crops\from_video_dedup\C0023_frame006575_tag2_bead3.jpg,®,0.3862
data\bead_crops\from_video_dedup\C0023_frame006700_tag5_bead0.jpg,®,0.093
data\bead_crops\from_video_dedup\C0023_frame006575_tag4_bead4.jpg,Q,0.0941
data\bead_crops\from_video_dedup\C0023_frame006675_tag4_bead2.jpg,®,0.3203
data\bead_crops\from_video_dedup\C0023_frame006650_tag4_bead1.jpg,O,0.2063
data\bead_crops\from_video_dedup\C0023_frame006600_tag1_bead2.jpg,C,0.0828
data\bead_crops\from_video_dedup\C0023_frame006675_tag4_bead4.jpg,日,0.0887
data\bead_crops\from_video_dedup\C0023_frame006600_tag2_bead0.jpg,Q,0.2369
data\bead_crops\from_video_dedup\C0023_frame006600_tag2_bead2.jpg,0,0.1911
data\bead_crops\from_video_dedup\C0023_frame006725_tag1_bead1.jpg,O,0.5248
data\bead_crops\from_video_dedup\C0023_frame006975_tag4_bead3.jpg,0,0.3357
data\bead_crops\from_video_dedup\C0023_frame006600_tag4_bead3.jpg,?,0.2734
data\bead_crops\from_video_dedup\C0023_frame006675_tag0_bead4.jpg,o,0.3292
data\bead_crops\from_video_dedup\C0023_frame006625_tag0_bead1.jpg,0,0.0837
data\bead_crops\from_video_dedup\C0023_frame006675_tag0_bead3.jpg,?,0.2465
data\bead_crops\from_video_dedup\C0023_frame006625_tag1_bead1.jpg,O,0.1234
data\bead_crops\from_video_dedup\C0023_frame006675_tag1_bead3.jpg,O,0.1198
data\bead_crops\from_video_dedup\C0023_frame006825_tag3_bead0.jpg,。,0.3044
data\bead_crops\from_video_dedup\C0023_frame006625_tag3_bead0.jpg,0,0.0982
data\bead_crops\from_video_dedup\C0023_frame006625_tag3_bead2.jpg,0,0.241
data\bead_crops\from_video_dedup\C0023_frame006675_tag4_bead1.jpg,1,0.0694
data\bead_crops\from_video_dedup\C0023_frame006725_tag3_bead3.jpg,0,0.2339
data\bead_crops\from_video_dedup\C0023_frame006675_tag0_bead1.jpg,0,0.1355
data\bead_crops\from_video_dedup\C0023_frame006675_tag1_bead0.jpg,0,0.159
data\bead_crops\from_video_dedup\C0023_frame006675_tag1_bead1.jpg,®,0.209
data\bead_crops\from_video_dedup\C0023_frame006675_tag1_bead2.jpg,0,0.1556
data\bead_crops\from_video_dedup\C0023_frame006725_tag0_bead2.jpg,,0.0
data\bead_crops\from_video_dedup\C0023_frame006675_tag2_bead0.jpg,0,0.0962
data\bead_crops\from_video_dedup\C0023_frame006825_tag0_bead3.jpg,O,0.5498
data\bead_crops\from_video_dedup\C0023_frame006750_tag1_bead4.jpg,Q,0.0871
data\bead_crops\from_video_dedup\C0023_frame006675_tag4_bead3.jpg,O,0.1448
data\bead_crops\from_video_dedup\C0023_frame006725_tag0_bead4.jpg,O,0.1189
data\bead_crops\from_video_dedup\C0023_frame006750_tag3_bead0.jpg,?,0.2675
data\bead_crops\from_video_dedup\C0023_frame006700_tag1_bead3.jpg,?,0.4341
data\bead_crops\from_video_dedup\C0023_frame006800_tag0_bead4.jpg,o,0.4415
data\bead_crops\from_video_dedup\C0023_frame006950_tag4_bead0.jpg,o,0.1835
data\bead_crops\from_video_dedup\C0023_frame006700_tag3_bead2.jpg,0,0.2236
data\bead_crops\from_video_dedup\C0023_frame006700_tag5_bead4.jpg,Q,0.0818
data\bead_crops\from_video_dedup\C0023_frame006750_tag2_bead2.jpg,F,0.077
data\bead_crops\from_video_dedup\C0023_frame006725_tag1_bead3.jpg,0,0.1791
data\bead_crops\from_video_dedup\C0023_frame006975_tag4_bead2.jpg,U,0.2599
data\bead_crops\from_video_dedup\C0023_frame006725_tag4_bead1.jpg,?,0.2799
data\bead_crops\from_video_dedup\C0023_frame006750_tag2_bead1.jpg,®,0.2926
data\bead_crops\from_video_dedup\C0023_frame006800_tag0_bead2.jpg,®,0.3266
data\bead_crops\from_video_dedup\C0023_frame006975_tag4_bead4.jpg,o,0.2554
data\bead_crops\from_video_dedup\C0023_frame006775_tag0_bead0.jpg,0,0.1203
data\bead_crops\from_video_dedup\C0023_frame006825_tag2_bead4.jpg,0,0.0927
data\bead_crops\from_video_dedup\C0023_frame006775_tag1_bead1.jpg,O,0.1809
data\bead_crops\from_video_dedup\C0023_frame006775_tag2_bead2.jpg,C,0.1446
data\bead_crops\from_video_dedup\C0023_frame006800_tag4_bead1.jpg,®,0.1145
data\bead_crops\from_video_dedup\C0023_frame006900_tag1_bead2.jpg,Q,0.7638
data\bead_crops\from_video_dedup\C0023_frame006850_tag1_bead1.jpg,?,0.1881
data\bead_crops\from_video_dedup\C0023_frame007050_tag0_bead2.jpg,O,0.0542
data\bead_crops\from_video_dedup\C0023_frame007125_tag4_bead0.jpg,0,0.1066
data\bead_crops\from_video_dedup\C0023_frame006825_tag0_bead2.jpg,0,0.2493
data\bead_crops\from_video_dedup\C0023_frame006850_tag1_bead3.jpg,?,0.24
data\bead_crops\from_video_dedup\C0023_frame006900_tag2_bead4.jpg,O,0.3183
data\bead_crops\from_video_dedup\C0023_frame007175_tag0_bead2.jpg,0,0.1262
data\bead_crops\from_video_dedup\C0023_frame007050_tag0_bead0.jpg,®,0.144
data\bead_crops\from_video_dedup\C0023_frame006850_tag1_bead0.jpg,0,0.5396
data\bead_crops\from_video_dedup\C0023_frame006850_tag1_bead2.jpg,0,0.1395
data\bead_crops\from_video_dedup\C0023_frame006850_tag3_bead2.jpg,F,0.1276
data\bead_crops\from_video_dedup\C0023_frame006875_tag3_bead0.jpg,。,0.3328
data\bead_crops\from_video_dedup\C0023_frame006875_tag3_bead2.jpg,0,0.3516
data\bead_crops\from_video_dedup\C0023_frame006900_tag3_bead2.jpg,F,0.2831
data\bead_crops\from_video_dedup\C0023_frame006875_tag4_bead2.jpg,0,0.224
data\bead_crops\from_video_dedup\C0023_frame007050_tag0_bead4.jpg,O,0.1113
data\bead_crops\from_video_dedup\C0023_frame006950_tag3_bead4.jpg,O,0.0681
data\bead_crops\from_video_dedup\C0023_frame006900_tag2_bead0.jpg,?,0.2431
data\bead_crops\from_video_dedup\C0023_frame007275_tag4_bead1.jpg,6,0.0806
data\bead_crops\from_video_dedup\C0023_frame006925_tag1_bead3.jpg,?,0.395
data\bead_crops\from_video_dedup\C0023_frame006925_tag4_bead2.jpg,F,0.2464
data\bead_crops\from_video_dedup\C0023_frame006950_tag0_bead2.jpg,0,0.1328
data\bead_crops\from_video_dedup\C0023_frame006950_tag0_bead3.jpg,?,0.2817
data\bead_crops\from_video_dedup\C0023_frame007150_tag1_bead1.jpg,®,0.1608
data\bead_crops\from_video_dedup\C0023_frame006950_tag2_bead1.jpg,®,0.3183
data\bead_crops\from_video_dedup\C0023_frame007150_tag4_bead4.jpg,E,0.1985
data\bead_crops\from_video_dedup\C0023_frame007150_tag4_bead2.jpg,日,0.0833
data\bead_crops\from_video_dedup\C0023_frame006975_tag4_bead1.jpg,。,0.314
data\bead_crops\from_video_dedup\C0023_frame007000_tag0_bead0.jpg,0,0.5686
data\bead_crops\from_video_dedup\C0023_frame006975_tag1_bead3.jpg,?,0.2597
data\bead_crops\from_video_dedup\C0023_frame007100_tag1_bead4.jpg,O,0.3492
data\bead_crops\from_video_dedup\C0023_frame007725_tag0_bead3.jpg,Q,0.8175
data\bead_crops\from_video_dedup\C0023_frame007125_tag4_bead1.jpg,O,0.4382
data\bead_crops\from_video_dedup\C0023_frame006975_tag4_bead0.jpg,o,0.1275
data\bead_crops\from_video_dedup\C0023_frame007000_tag0_bead2.jpg,0,0.1398
data\bead_crops\from_video_dedup\C0023_frame007025_tag1_bead2.jpg,?,0.2122
data\bead_crops\from_video_dedup\C0023_frame007250_tag0_bead0.jpg,®,0.0978
data\bead_crops\from_video_dedup\C0023_frame007150_tag4_bead0.jpg,®,0.1186
data\bead_crops\from_video_dedup\C0023_frame007000_tag4_bead1.jpg,®,0.3138
data\bead_crops\from_video_dedup\C0023_frame007025_tag0_bead2.jpg,Q,0.1761
data\bead_crops\from_video_dedup\C0023_frame007025_tag0_bead4.jpg,O,0.1292
data\bead_crops\from_video_dedup\C0023_frame007025_tag1_bead0.jpg,0,0.6159
data\bead_crops\from_video_dedup\C0023_frame007025_tag1_bead3.jpg,0,0.117
data\bead_crops\from_video_dedup\C0023_frame007150_tag2_bead1.jpg,O,0.2753
data\bead_crops\from_video_dedup\C0023_frame007050_tag2_bead1.jpg,O,0.4133
data\bead_crops\from_video_dedup\C0023_frame007050_tag2_bead3.jpg,0,0.1486
data\bead_crops\from_video_dedup\C0023_frame007475_tag2_bead4.jpg,,0.0
data\bead_crops\from_video_dedup\C0023_frame007200_tag0_bead0.jpg,®,0.2626
data\bead_crops\from_video_dedup\C0023_frame007050_tag3_bead3.jpg,F,0.2614
data\bead_crops\from_video_dedup\C0023_frame007100_tag1_bead2.jpg,?,0.2637
data\bead_crops\from_video_dedup\C0023_frame007150_tag2_bead3.jpg,0,0.1634
data\bead_crops\from_video_dedup\C0023_frame007150_tag2_bead0.jpg,o,0.1932
data\bead_crops\from_video_dedup\C0023_frame007150_tag2_bead2.jpg,0,0.3016
data\bead_crops\from_video_dedup\C0023_frame007100_tag1_bead0.jpg,0,0.6218
data\bead_crops\from_video_dedup\C0023_frame007100_tag1_bead1.jpg,?,0.1572
data\bead_crops\from_video_dedup\C0023_frame007100_tag1_bead3.jpg,O,0.1343
data\bead_crops\from_video_dedup\C0023_frame007150_tag2_bead4.jpg,0,0.2736
data\bead_crops\from_video_dedup\C0023_frame007125_tag3_bead2.jpg,F,0.2773
data\bead_crops\from_video_dedup\C0023_frame007125_tag0_bead4.jpg,O,0.1152
data\bead_crops\from_video_dedup\C0023_frame007125_tag1_bead1.jpg,0,0.799
data\bead_crops\from_video_dedup\C0023_frame007125_tag1_bead2.jpg,?,0.2684
data\bead_crops\from_video_dedup\C0023_frame007150_tag4_bead1.jpg,®,0.1859
data\bead_crops\from_video_dedup\C0023_frame007325_tag4_bead1.jpg,?,0.2982
data\bead_crops\from_video_dedup\C0023_frame007175_tag2_bead2.jpg,?,0.3372
data\bead_crops\from_video_dedup\C0023_frame007175_tag2_bead3.jpg,心,0.1575
data\bead_crops\from_video_dedup\C0023_frame007200_tag2_bead1.jpg,O,0.2878
data\bead_crops\from_video_dedup\C0023_frame007225_tag2_bead3.jpg,0,0.185
data\bead_crops\from_video_dedup\C0023_frame007175_tag4_bead4.jpg,C,0.1467
data\bead_crops\from_video_dedup\C0023_frame007200_tag0_bead3.jpg,F,0.3223
data\bead_crops\from_video_dedup\C0023_frame007325_tag0_bead0.jpg,0,0.1721
data\bead_crops\from_video_dedup\C0023_frame007225_tag0_bead0.jpg,0,0.1323
data\bead_crops\from_video_dedup\C0023_frame007200_tag3_bead3.jpg,Q,0.0763
data\bead_crops\from_video_dedup\C0023_frame007325_tag0_bead3.jpg,@,0.1367
data\bead_crops\from_video_dedup\C0023_frame007200_tag4_bead2.jpg,?,0.4265
data\bead_crops\from_video_dedup\C0023_frame007350_tag0_bead4.jpg,O,0.3395
data\bead_crops\from_video_dedup\C0023_frame007525_tag1_bead1.jpg,O,0.5379
data\bead_crops\from_video_dedup\C0023_frame007225_tag2_bead1.jpg,0,0.3243
data\bead_crops\from_video_dedup\C0023_frame007225_tag2_bead4.jpg,0,0.2088
data\bead_crops\from_video_dedup\C0023_frame007225_tag3_bead1.jpg,O,0.2627
data\bead_crops\from_video_dedup\C0023_frame007225_tag3_bead4.jpg,6,0.1918
data\bead_crops\from_video_dedup\C0023_frame007225_tag4_bead2.jpg,?,0.5344
data\bead_crops\from_video_dedup\C0023_frame007225_tag4_bead3.jpg,O,0.1068
data\bead_crops\from_video_dedup\C0023_frame007250_tag1_bead3.jpg,O,0.1062
data\bead_crops\from_video_dedup\C0023_frame007250_tag3_bead2.jpg,A,0.0722
data\bead_crops\from_video_dedup\C0023_frame007250_tag3_bead4.jpg,6,0.152
data\bead_crops\from_video_dedup\C0023_frame007275_tag0_bead4.jpg,@,0.1256
data\bead_crops\from_video_dedup\C0023_frame007350_tag0_bead2.jpg,O,0.0992
data\bead_crops\from_video_dedup\C0023_frame007275_tag4_bead0.jpg,®,0.281
data\bead_crops\from_video_dedup\C0023_frame007275_tag4_bead2.jpg,0,0.2909
data\bead_crops\from_video_dedup\C0023_frame007275_tag4_bead3.jpg,1,0.0891
data\bead_crops\from_video_dedup\C0023_frame007500_tag0_bead1.jpg,の,0.1082
data\bead_crops\from_video_dedup\C0023_frame007300_tag0_bead3.jpg,O,0.0917
data\bead_crops\from_video_dedup\C0023_frame007300_tag1_bead1.jpg,O,0.2874
data\bead_crops\from_video_dedup\C0023_frame007300_tag1_bead3.jpg,心,0.1824
data\bead_crops\from_video_dedup\C0023_frame007300_tag1_bead4.jpg,0,0.2421
data\bead_crops\from_video_dedup\C0023_frame007300_tag2_bead1.jpg,2,0.2965
data\bead_crops\from_video_dedup\C0023_frame007725_tag0_bead1.jpg,0,0.2082
data\bead_crops\from_video_dedup\C0023_frame007300_tag4_bead2.jpg,D,0.7191
data\bead_crops\from_video_dedup\C0023_frame007300_tag4_bead3.jpg,1,0.0527
data\bead_crops\from_video_dedup\C0023_frame007325_tag0_bead1.jpg,中,0.0787
data\bead_crops\from_video_dedup\C0023_frame007725_tag0_bead0.jpg,®,0.1568
data\bead_crops\from_video_dedup\C0023_frame007325_tag3_bead2.jpg,D,0.3908
data\bead_crops\from_video_dedup\C0023_frame007325_tag4_bead2.jpg,心,0.2871
data\bead_crops\from_video_dedup\C0023_frame007550_tag0_bead0.jpg,0,0.2294
data\bead_crops\from_video_dedup\C0023_frame007525_tag3_bead2.jpg,中,0.0556
data\bead_crops\from_video_dedup\C0023_frame007350_tag1_bead2.jpg,?,0.0957
data\bead_crops\from_video_dedup\C0023_frame007450_tag3_bead0.jpg,0,0.2915
data\bead_crops\from_video_dedup\C0023_frame007350_tag4_bead0.jpg,®,0.3111
data\bead_crops\from_video_dedup\C0023_frame007350_tag4_bead2.jpg,,0.0
data\bead_crops\from_video_dedup\C0023_frame007350_tag4_bead3.jpg,,0.0
data\bead_crops\from_video_dedup\C0023_frame007550_tag0_bead4.jpg,@,0.1591
data\bead_crops\from_video_dedup\C0023_frame007375_tag1_bead2.jpg,2,0.3084
data\bead_crops\from_video_dedup\C0023_frame007400_tag3_bead1.jpg,o,0.2646
data\bead_crops\from_video_dedup\C0023_frame007375_tag4_bead0.jpg,®,0.3191
data\bead_crops\from_video_dedup\C0023_frame007375_tag4_bead2.jpg,,0.0
data\bead_crops\from_video_dedup\C0023_frame007375_tag4_bead3.jpg,,0.0
data\bead_crops\from_video_dedup\C0023_frame007400_tag2_bead2.jpg,Q,0.9106
data\bead_crops\from_video_dedup\C0023_frame007400_tag4_bead0.jpg,®,0.188
data\bead_crops\from_video_dedup\C0023_frame007400_tag4_bead1.jpg,O,0.0939
data\bead_crops\from_video_dedup\C0023_frame007550_tag0_bead3.jpg,0,0.0877
data\bead_crops\from_video_dedup\C0023_frame007425_tag4_bead0.jpg,6,0.1519
data\bead_crops\from_video_dedup\C0023_frame007425_tag4_bead1.jpg,O,0.0849
data\bead_crops\from_video_dedup\C0023_frame007425_tag4_bead2.jpg,,0.0
data\bead_crops\from_video_dedup\C0023_frame007450_tag2_bead1.jpg,0,0.7667
data\bead_crops\from_video_dedup\C0023_frame007450_tag2_bead2.jpg,a,0.1904
data\bead_crops\from_video_dedup\C0023_frame007450_tag2_bead3.jpg,心,0.1652
data\bead_crops\from_video_dedup\C0023_frame007475_tag1_bead0.jpg,?,0.2074
data\bead_crops\from_video_dedup\C0023_frame007475_tag1_bead2.jpg,心,0.1512
data\bead_crops\from_video_dedup\C0023_frame007475_tag2_bead0.jpg,O,0.1717
data\bead_crops\from_video_dedup\C0023_frame007475_tag4_bead0.jpg,D,0.2793
data\bead_crops\from_video_dedup\C0023_frame007600_tag0_bead3.jpg,?,0.1203
data\bead_crops\from_video_dedup\C0023_frame007500_tag1_bead2.jpg,?,0.1857
data\bead_crops\from_video_dedup\C0023_frame007550_tag3_bead0.jpg,O,0.2984
data\bead_crops\from_video_dedup\C0023_frame007550_tag3_bead4.jpg,0,0.2876
data\bead_crops\from_video_dedup\C0023_frame007525_tag0_bead2.jpg,?,0.1769
data\bead_crops\from_video_dedup\C0023_frame007525_tag2_bead0.jpg,0,0.2726
data\bead_crops\from_video_dedup\C0023_frame007525_tag3_bead1.jpg,0,0.09
data\bead_crops\from_video_dedup\C0023_frame007550_tag0_bead2.jpg,A,0.0581
data\bead_crops\from_video_dedup\C0023_frame007575_tag1_bead0.jpg,心,0.2107
data\bead_crops\from_video_dedup\C0023_frame007725_tag0_bead2.jpg,O,0.5587
data\bead_crops\from_video_dedup\C0023_frame007625_tag0_bead0.jpg,0,0.2169
data\bead_crops\from_video_dedup\C0023_frame007675_tag0_bead2.jpg,@,0.107
data\bead_crops\from_video_dedup\C0023_frame007575_tag3_bead3.jpg,心,0.1926
data\bead_crops\from_video_dedup\C0023_frame007600_tag1_bead2.jpg,O,0.5151
data\bead_crops\from_video_dedup\C0023_frame007600_tag2_bead0.jpg,0,0.3318
data\bead_crops\from_video_dedup\C0023_frame007625_tag0_bead3.jpg,0,0.0754
data\bead_crops\from_video_dedup\C0023_frame007675_tag1_bead1.jpg,2,0.2048
data\bead_crops\from_video_dedup\C0023_frame007700_tag0_bead1.jpg,0,0.8657
data\bead_crops\from_video_dedup\C0023_frame007825_tag2_bead4.jpg,O,0.2643
data\bead_crops\from_video_dedup\C0023_frame007650_tag2_bead1.jpg,ω,0.1189
data\bead_crops\from_video_dedup\C0023_frame007800_tag2_bead3.jpg,0,0.3269
data\bead_crops\from_video_dedup\C0023_frame007675_tag0_bead0.jpg,0,0.1552
data\bead_crops\from_video_dedup\C0023_frame007675_tag0_bead3.jpg,0,0.0866
data\bead_crops\from_video_dedup\C0023_frame007825_tag2_bead0.jpg,®,0.2331
data\bead_crops\from_video_dedup\C0023_frame007700_tag0_bead3.jpg,心,0.243
data\bead_crops\from_video_dedup\C0023_frame007750_tag3_bead0.jpg,O,0.3438
data\bead_crops\from_video_dedup\C0023_frame007725_tag0_bead4.jpg,,0.0
data\bead_crops\from_video_dedup\C0023_frame007725_tag2_bead1.jpg,2,0.1966
data\bead_crops\from_video_dedup\C0023_frame007800_tag2_bead1.jpg,0,0.3982
data\bead_crops\from_video_dedup\C0023_frame007700_tag2_bead1.jpg,O,0.5702
data\bead_crops\from_video_dedup\C0023_frame007725_tag1_bead1.jpg,A,0.1397
data\bead_crops\from_video_dedup\C0023_frame007725_tag1_bead2.jpg,四,0.1682
data\bead_crops\from_video_dedup\C0023_frame007825_tag3_bead2.jpg,0,0.3482
data\bead_crops\from_video_dedup\C0023_frame007750_tag1_bead2.jpg,?,0.2394
data\bead_crops\from_video_dedup\C0023_frame007775_tag0_bead4.jpg,0,0.1092
data\bead_crops\from_video_dedup\C0023_frame007750_tag3_bead3.jpg,0,0.3147
data\bead_crops\from_video_dedup\C0023_frame007875_tag3_bead0.jpg,?,0.1644
data\bead_crops\from_video_dedup\C0023_frame007875_tag3_bead4.jpg,A,0.2383
data\bead_crops\from_video_dedup\C0023_frame007825_tag2_bead1.jpg,?,0.3064
data\bead_crops\from_video_dedup\C0023_frame008050_tag3_bead0.jpg,O,0.3245
data\bead_crops\from_video_dedup\C0023_frame007800_tag2_bead4.jpg,0,0.2347
data\bead_crops\from_video_dedup\C0023_frame007825_tag0_bead2.jpg,O,0.5188
data\bead_crops\from_video_dedup\C0023_frame007800_tag0_bead4.jpg,,0.0
data\bead_crops\from_video_dedup\C0023_frame008000_tag2_bead2.jpg,0,0.1244
data\bead_crops\from_video_dedup\C0023_frame007875_tag3_bead1.jpg,ω,0.3318
data\bead_crops\from_video_dedup\C0023_frame007800_tag3_bead3.jpg,0,0.1038
data\bead_crops\from_video_dedup\C0023_frame007850_tag2_bead4.jpg,@,0.099
data\bead_crops\from_video_dedup\C0023_frame007850_tag2_bead1.jpg,0,0.1099
data\bead_crops\from_video_dedup\C0023_frame007875_tag0_bead1.jpg,2,0.4658
data\bead_crops\from_video_dedup\C0023_frame007875_tag0_bead4.jpg,O,0.2493
data\bead_crops\from_video_dedup\C0023_frame007875_tag2_bead2.jpg,O,0.3453
data\bead_crops\from_video_dedup\C0023_frame008050_tag3_bead4.jpg,0,0.2058
data\bead_crops\from_video_dedup\C0023_frame008300_tag2_bead3.jpg,0,0.2828
data\bead_crops\from_video_dedup\C0023_frame007975_tag3_bead3.jpg,0,0.8822
data\bead_crops\from_video_dedup\C0023_frame007875_tag1_bead3.jpg,Q,0.8269
data\bead_crops\from_video_dedup\C0023_frame007875_tag3_bead2.jpg,0,0.1123
data\bead_crops\from_video_dedup\C0023_frame007875_tag3_bead3.jpg,0,0.0993
data\bead_crops\from_video_dedup\C0023_frame007975_tag3_bead0.jpg,®,0.2764
data\bead_crops\from_video_dedup\C0023_frame008300_tag2_bead1.jpg,O,0.1411
data\bead_crops\from_video_dedup\C0023_frame007900_tag3_bead1.jpg,ω,0.2063
data\bead_crops\from_video_dedup\C0023_frame008000_tag0_bead3.jpg,O,0.1563
data\bead_crops\from_video_dedup\C0023_frame007925_tag0_bead1.jpg,?,0.2757
data\bead_crops\from_video_dedup\C0023_frame007925_tag0_bead2.jpg,心,0.4155
data\bead_crops\from_video_dedup\C0023_frame008000_tag0_bead0.jpg,®,0.1038
data\bead_crops\from_video_dedup\C0023_frame008000_tag0_bead4.jpg,A,0.2096
data\bead_crops\from_video_dedup\C0023_frame008000_tag0_bead2.jpg,ω,0.2203
data\bead_crops\from_video_dedup\C0023_frame007975_tag3_bead1.jpg,?,0.2602
data\bead_crops\from_video_dedup\C0023_frame008050_tag3_bead1.jpg,0,0.3915
data\bead_crops\from_video_dedup\C0023_frame008000_tag0_bead1.jpg,9,0.0901
data\bead_crops\from_video_dedup\C0023_frame008150_tag2_bead1.jpg,®,0.1227
data\bead_crops\from_video_dedup\C0023_frame007975_tag3_bead2.jpg,心,0.2546
data\bead_crops\from_video_dedup\C0023_frame008100_tag1_bead4.jpg,O,0.2755
data\bead_crops\from_video_dedup\C0023_frame008100_tag1_bead1.jpg,?,0.2735
data\bead_crops\from_video_dedup\C0023_frame008050_tag1_bead1.jpg,心,0.3265
data\bead_crops\from_video_dedup\C0023_frame008025_tag1_bead1.jpg,?,0.3601
data\bead_crops\from_video_dedup\C0023_frame008025_tag2_bead3.jpg,O,0.517
data\bead_crops\from_video_dedup\C0023_frame008050_tag0_bead4.jpg,O,0.1069
data\bead_crops\from_video_dedup\C0023_frame008050_tag1_bead2.jpg,?,0.4649
data\bead_crops\from_video_dedup\C0023_frame008150_tag2_bead0.jpg,?,0.1791
data\bead_crops\from_video_dedup\C0023_frame008050_tag2_bead2.jpg,?,0.1006
data\bead_crops\from_video_dedup\C0023_frame008075_tag0_bead1.jpg,?,0.2404
data\bead_crops\from_video_dedup\C0023_frame008075_tag0_bead2.jpg,心,0.4176
data\bead_crops\from_video_dedup\C0023_frame008075_tag2_bead2.jpg,C,0.438
data\bead_crops\from_video_dedup\C0023_frame008150_tag2_bead3.jpg,®,0.1179
data\bead_crops\from_video_dedup\C0023_frame008150_tag2_bead4.jpg,A,0.181
data\bead_crops\from_video_dedup\C0023_frame008100_tag1_bead3.jpg,心,0.2116
data\bead_crops\from_video_dedup\C0023_frame008175_tag3_bead2.jpg,0,0.4153
data\bead_crops\from_video_dedup\C0023_frame008175_tag3_bead0.jpg,0,0.1389
data\bead_crops\from_video_dedup\C0023_frame008300_tag0_bead2.jpg,?,0.2807
data\bead_crops\from_video_dedup\C0023_frame008200_tag3_bead2.jpg,O,0.0929
data\bead_crops\from_video_dedup\C0023_frame008150_tag0_bead2.jpg,心,0.4893
data\bead_crops\from_video_dedup\C0023_frame008300_tag0_bead0.jpg,®,0.0952
data\bead_crops\from_video_dedup\C0023_frame008150_tag2_bead2.jpg,C,0.2314
data\bead_crops\from_video_dedup\C0023_frame008250_tag2_bead3.jpg,心,0.3491
data\bead_crops\from_video_dedup\C0023_frame008175_tag1_bead1.jpg,Q,0.6551
data\bead_crops\from_video_dedup\C0023_frame008200_tag1_bead2.jpg,O,0.1424
data\bead_crops\from_video_dedup\C0023_frame008175_tag2_bead4.jpg,,0.0
data\bead_crops\from_video_dedup\C0023_frame008475_tag3_bead4.jpg,o,0.2559
data\bead_crops\from_video_dedup\C0023_frame008200_tag0_bead1.jpg,?,0.21
data\bead_crops\from_video_dedup\C0023_frame008625_tag0_bead3.jpg,0,0.7302
data\bead_crops\from_video_dedup\C0023_frame008200_tag1_bead1.jpg,C,0.4233
data\bead_crops\from_video_dedup\C0023_frame008200_tag1_bead3.jpg,®,0.1117
data\bead_crops\from_video_dedup\C0023_frame008300_tag2_bead2.jpg,O,0.4102
data\bead_crops\from_video_dedup\C0023_frame008300_tag0_bead3.jpg,O,0.4827
data\bead_crops\from_video_dedup\C0023_frame008225_tag1_bead0.jpg,?,0.2097
data\bead_crops\from_video_dedup\C0023_frame008225_tag2_bead2.jpg,心,0.2008
data\bead_crops\from_video_dedup\C0023_frame008625_tag0_bead4.jpg,O,0.2109
data\bead_crops\from_video_dedup\C0023_frame008300_tag2_bead0.jpg,O,0.3142
data\bead_crops\from_video_dedup\C0023_frame008300_tag0_bead4.jpg,,0.0
data\bead_crops\from_video_dedup\C0023_frame008275_tag1_bead4.jpg,,0.0
data\bead_crops\from_video_dedup\C0023_frame008250_tag2_bead1.jpg,?,0.3124
data\bead_crops\from_video_dedup\C0023_frame008275_tag2_bead1.jpg,?,0.3357
data\bead_crops\from_video_dedup\C0023_frame008275_tag2_bead2.jpg,心,0.3947
data\bead_crops\from_video_dedup\C0023_frame008300_tag0_bead1.jpg,Q,0.6914
data\bead_crops\from_video_dedup\C0023_frame008375_tag3_bead1.jpg,?,0.3177
data\bead_crops\from_video_dedup\C0023_frame008325_tag0_bead1.jpg,Q,0.4812
data\bead_crops\from_video_dedup\C0023_frame008325_tag0_bead4.jpg,,0.0
data\bead_crops\from_video_dedup\C0023_frame008400_tag0_bead0.jpg,一,0.1035
data\bead_crops\from_video_dedup\C0023_frame008400_tag2_bead0.jpg,O,0.3949
data\bead_crops\from_video_dedup\C0023_frame008625_tag0_bead0.jpg,®,0.2674
data\bead_crops\from_video_dedup\C0023_frame008525_tag1_bead1.jpg,0,0.2329
data\bead_crops\from_video_dedup\C0023_frame008350_tag3_bead4.jpg,A,0.1288
data\bead_crops\from_video_dedup\C0023_frame008475_tag3_bead0.jpg,O,0.1284
data\bead_crops\from_video_dedup\C0023_frame008375_tag2_bead3.jpg,®,0.1336
data\bead_crops\from_video_dedup\C0023_frame008375_tag3_bead4.jpg,O,0.1589
data\bead_crops\from_video_dedup\C0023_frame008600_tag3_bead1.jpg,9,0.3325
data\bead_crops\from_video_dedup\C0023_frame008575_tag2_bead2.jpg,?,0.2118
data\bead_crops\from_video_dedup\C0023_frame008425_tag3_bead1.jpg,®,0.1087
data\bead_crops\from_video_dedup\C0023_frame008500_tag0_bead1.jpg,Q,0.4783
data\bead_crops\from_video_dedup\C0023_frame008450_tag2_bead2.jpg,心,0.3058
data\bead_crops\from_video_dedup\C0023_frame008600_tag1_bead2.jpg,@,0.168
data\bead_crops\from_video_dedup\C0023_frame008475_tag1_bead3.jpg,9,0.0815
data\bead_crops\from_video_dedup\C0023_frame008500_tag1_bead1.jpg,?,0.232
data\bead_crops\from_video_dedup\C0023_frame008575_tag2_bead0.jpg,O,0.2215
data\bead_crops\from_video_dedup\C0023_frame008600_tag0_bead1.jpg,®,0.2517
data\bead_crops\from_video_dedup\C0023_frame008575_tag2_bead4.jpg,时,0.5831
data\bead_crops\from_video_dedup\C0023_frame008575_tag3_bead3.jpg,0,0.2389
data\bead_crops\from_video_dedup\C0023_frame008550_tag2_bead2.jpg,心,0.4131
data\bead_crops\from_video_dedup\C0023_frame008625_tag0_bead1.jpg,9,0.451
data\bead_crops\from_video_dedup\C0023_frame008575_tag3_bead1.jpg,O,0.3304
data\bead_crops\from_video_dedup\C0023_frame008625_tag0_bead2.jpg,心,0.4572
data\bead_crops\from_video_dedup\C0023_frame008625_tag1_bead3.jpg,O,0.4191
data\bead_crops\from_video_dedup\C0023_frame008625_tag2_bead0.jpg,O,0.3287
data\bead_crops\from_video_dedup\C0023_frame008625_tag2_bead1.jpg,O,0.1513
data\bead_crops\from_video_dedup\C0023_frame008625_tag3_bead2.jpg,9,0.0787
data\bead_crops\from_video_dedup\C0025_frame000050_tag1_bead2.jpg,O,0.1686
data\bead_crops\from_video_dedup\C0025_frame000250_tag1_bead0.jpg,3,0.3277
data\bead_crops\from_video_dedup\C0025_frame000050_tag1_bead3.jpg,®,0.149
data\bead_crops\from_video_dedup\C0025_frame000050_tag1_bead1.jpg,?,0.2353
data\bead_crops\from_video_dedup\C0025_frame000100_tag1_bead4.jpg,A,0.0844
data\bead_crops\from_video_dedup\C0025_frame000025_tag2_bead0.jpg,?,0.1513
data\bead_crops\from_video_dedup\C0025_frame000025_tag2_bead1.jpg,®,0.16
data\bead_crops\from_video_dedup\C0025_frame000025_tag2_bead2.jpg,0,0.3901
data\bead_crops\from_video_dedup\C0025_frame000150_tag2_bead3.jpg,0,0.3877
data\bead_crops\from_video_dedup\C0025_frame000025_tag2_bead3.jpg,0,0.1248
data\bead_crops\from_video_dedup\C0025_frame000725_tag1_bead1.jpg,,0.0
data\bead_crops\from_video_dedup\C0025_frame000175_tag3_bead1.jpg,Q,0.2949
data\bead_crops\from_video_dedup\C0025_frame000725_tag1_bead3.jpg,6,0.454
data\bead_crops\from_video_dedup\C0025_frame000725_tag1_bead2.jpg,O,0.199
data\bead_crops\from_video_dedup\C0025_frame000725_tag1_bead4.jpg,A,0.1623
data\bead_crops\from_video_dedup\C0025_frame000550_tag0_bead0.jpg,0,0.0991
data\bead_crops\from_video_dedup\C0025_frame000100_tag0_bead0.jpg,?,0.3814
data\bead_crops\from_video_dedup\C0025_frame000025_tag1_bead1.jpg,0,0.7489
data\bead_crops\from_video_dedup\C0025_frame000025_tag1_bead3.jpg,80,0.3176
data\bead_crops\from_video_dedup\C0025_frame000775_tag4_bead4.jpg,0,0.7316
data\bead_crops\from_video_dedup\C0025_frame000050_tag4_bead0.jpg,?,0.1946
data\bead_crops\from_video_dedup\C0025_frame000050_tag4_bead1.jpg,6,0.3137
data\bead_crops\from_video_dedup\C0025_frame000050_tag4_bead2.jpg,®,0.1346
data\bead_crops\from_video_dedup\C0025_frame000250_tag1_bead3.jpg,®,0.1549
data\bead_crops\from_video_dedup\C0025_frame000250_tag1_bead1.jpg,®,0.1783
data\bead_crops\from_video_dedup\C0025_frame000250_tag1_bead2.jpg,O,0.1262
data\bead_crops\from_video_dedup\C0025_frame000250_tag1_bead4.jpg,A,0.1688
data\bead_crops\from_video_dedup\C0025_frame000275_tag1_bead0.jpg,®,0.2476
data\bead_crops\from_video_dedup\C0025_frame000275_tag1_bead1.jpg,®,0.1681
data\bead_crops\from_video_dedup\C0025_frame000275_tag1_bead2.jpg,®,0.2804
data\bead_crops\from_video_dedup\C0025_frame000275_tag1_bead3.jpg,®,0.1324
data\bead_crops\from_video_dedup\C0025_frame000275_tag1_bead4.jpg,A,0.1055
data\bead_crops\from_video_dedup\C0025_frame000300_tag4_bead0.jpg,®,0.1553
data\bead_crops\from_video_dedup\C0025_frame000300_tag5_bead0.jpg,O,0.1399
data\bead_crops\from_video_dedup\C0025_frame000325_tag3_bead1.jpg,?,0.2982
data\bead_crops\from_video_dedup\C0025_frame000300_tag5_bead3.jpg,®,0.1955
data\bead_crops\from_video_dedup\C0025_frame000325_tag3_bead4.jpg,R,0.0812
data\bead_crops\from_video_dedup\C0025_frame000325_tag3_bead0.jpg,®,0.4693
data\bead_crops\from_video_dedup\C0025_frame000350_tag4_bead0.jpg,?,0.1321
data\bead_crops\from_video_dedup\C0025_frame000350_tag4_bead1.jpg,6,0.1346
data\bead_crops\from_video_dedup\C0025_frame000475_tag5_bead2.jpg,Q,0.1974
data\bead_crops\from_video_dedup\C0025_frame000350_tag1_bead1.jpg,?,0.2752
data\bead_crops\from_video_dedup\C0025_frame000350_tag1_bead3.jpg,®,0.1896
data\bead_crops\from_video_dedup\C0025_frame000725_tag1_bead0.jpg,0,0.2743
data\bead_crops\from_video_dedup\C0025_frame000350_tag4_bead2.jpg,®,0.1836
data\bead_crops\from_video_dedup\C0025_frame000650_tag2_bead1.jpg,,0.0
data\bead_crops\from_video_dedup\C0025_frame000375_tag3_bead3.jpg,®,0.2202
data\bead_crops\from_video_dedup\C0025_frame000375_tag3_bead4.jpg,R,0.1462
data\bead_crops\from_video_dedup\C0025_frame000400_tag1_bead0.jpg,®,0.4951
data\bead_crops\from_video_dedup\C0025_frame000500_tag2_bead1.jpg,?,0.2634
data\bead_crops\from_video_dedup\C0025_frame000500_tag2_bead2.jpg,G,0.1098
data\bead_crops\from_video_dedup\C0025_frame000500_tag2_bead4.jpg,,0.0
data\bead_crops\from_video_dedup\C0025_frame000500_tag2_bead3.jpg,6,0.345
data\bead_crops\from_video_dedup\C0025_frame000500_tag2_bead0.jpg,®,0.4186
data\bead_crops\from_video_dedup\C0025_frame000575_tag1_bead1.jpg,®,0.2601
data\bead_crops\from_video_dedup\C0025_frame000575_tag1_bead0.jpg,®,0.1455
data\bead_crops\from_video_dedup\C0025_frame000575_tag1_bead2.jpg,?,0.1706
data\bead_crops\from_video_dedup\C0025_frame000575_tag1_bead4.jpg,A,0.1631
data\bead_crops\from_video_dedup\C0025_frame000525_tag2_bead2.jpg,O,0.2531
data\bead_crops\from_video_dedup\C0025_frame000575_tag1_bead3.jpg,6,0.1234
data\bead_crops\from_video_dedup\C0025_frame000900_tag1_bead0.jpg,®,0.2255
data\bead_crops\from_video_dedup\C0025_frame000750_tag0_bead1.jpg,?,0.4029
data\bead_crops\from_video_dedup\C0025_frame000675_tag0_bead2.jpg,0,0.7488
data\bead_crops\from_video_dedup\C0025_frame000675_tag0_bead3.jpg,0,0.2054
data\bead_crops\from_video_dedup\C0025_frame000775_tag4_bead1.jpg,?,0.4093
data\bead_crops\from_video_dedup\C0025_frame000675_tag1_bead0.jpg,0,0.2616
data\bead_crops\from_video_dedup\C0025_frame000675_tag2_bead0.jpg,0,0.1347
data\bead_crops\from_video_dedup\C0025_frame000675_tag2_bead1.jpg,0,0.1043
data\bead_crops\from_video_dedup\C0025_frame000675_tag2_bead2.jpg,Q,0.3144
data\bead_crops\from_video_dedup\C0025_frame000950_tag1_bead0.jpg,®,0.2001
data\bead_crops\from_video_dedup\C0025_frame000750_tag0_bead2.jpg,0,0.6846
data\bead_crops\from_video_dedup\C0025_frame000700_tag1_bead2.jpg,0,0.2501
data\bead_crops\from_video_dedup\C0025_frame000725_tag0_bead3.jpg,8,0.1954
data\bead_crops\from_video_dedup\C0025_frame000750_tag0_bead0.jpg,4,0.2274
data\bead_crops\from_video_dedup\C0025_frame000750_tag0_bead3.jpg,80,0.4971
data\bead_crops\from_video_dedup\C0025_frame000925_tag1_bead1.jpg,®,0.2506
data\bead_crops\from_video_dedup\C0025_frame000900_tag3_bead0.jpg,0,0.1512
data\bead_crops\from_video_dedup\C0025_frame000775_tag2_bead1.jpg,®,0.2127
data\bead_crops\from_video_dedup\C0025_frame000775_tag2_bead2.jpg,6,0.2629
data\bead_crops\from_video_dedup\C0025_frame000775_tag4_bead2.jpg,0,0.5634
data\bead_crops\from_video_dedup\C0025_frame000925_tag0_bead1.jpg,?,0.4059
data\bead_crops\from_video_dedup\C0025_frame000800_tag4_bead3.jpg,80,0.3113
data\bead_crops\from_video_dedup\C0025_frame000900_tag1_bead1.jpg,?,0.1477
data\bead_crops\from_video_dedup\C0025_frame000900_tag1_bead3.jpg,O,0.0673
data\bead_crops\from_video_dedup\C0025_frame000925_tag1_bead3.jpg,A,0.3502
data\bead_crops\from_video_dedup\C0025_frame000875_tag0_bead2.jpg,0,0.6444
data\bead_crops\from_video_dedup\C0025_frame000875_tag0_bead3.jpg,0,0.2435
data\bead_crops\from_video_dedup\C0025_frame000875_tag0_bead4.jpg,0,0.7306
data\bead_crops\from_video_dedup\C0025_frame000925_tag0_bead2.jpg,0,0.6287
data\bead_crops\from_video_dedup\C0025_frame000900_tag0_bead3.jpg,00,0.2705
data\bead_crops\from_video_dedup\C0025_frame000950_tag1_bead1.jpg,®,0.1742
data\bead_crops\from_video_dedup\C0025_frame000900_tag3_bead1.jpg,6,0.2755
data\bead_crops\from_video_dedup\C0025_frame000925_tag3_bead2.jpg,®,0.3085
data\bead_crops\from_video_dedup\C0025_frame000925_tag1_bead2.jpg,?,0.2427
data\bead_crops\from_video_dedup\C0025_frame000925_tag3_bead0.jpg,0,0.1553
data\bead_crops\from_video_dedup\C0025_frame000925_tag3_bead1.jpg,0,0.1393
data\bead_crops\from_video_dedup\C0025_frame000925_tag3_bead3.jpg,C,0.2616
data\bead_crops\from_video_dedup\C0025_frame001050_tag3_bead0.jpg,4,0.6099
data\bead_crops\from_video_dedup\C0025_frame001050_tag0_bead4.jpg,a,0.4064
data\bead_crops\from_video_dedup\C0025_frame000975_tag0_bead1.jpg,0,0.5105
data\bead_crops\from_video_dedup\C0025_frame001000_tag4_bead3.jpg,0,0.2773
data\bead_crops\from_video_dedup\C0025_frame001050_tag3_bead1.jpg,?,0.4819
data\bead_crops\from_video_dedup\C0025_frame000975_tag2_bead0.jpg,®,0.272
data\bead_crops\from_video_dedup\C0025_frame001025_tag0_bead0.jpg,®,0.3042
data\bead_crops\from_video_dedup\C0025_frame001125_tag0_bead2.jpg,®,0.2371
data\bead_crops\from_video_dedup\C0025_frame001050_tag0_bead3.jpg,®,0.0896
data\bead_crops\from_video_dedup\C0025_frame001150_tag1_bead1.jpg,③,0.2617
data\bead_crops\from_video_dedup\C0025_frame001050_tag1_bead1.jpg,,0.0
data\bead_crops\from_video_dedup\C0025_frame001050_tag1_bead2.jpg,O,0.3255
data\bead_crops\from_video_dedup\C0025_frame001050_tag1_bead4.jpg,A,0.1345
data\bead_crops\from_video_dedup\C0025_frame001050_tag3_bead2.jpg,0,0.303
data\bead_crops\from_video_dedup\C0025_frame001050_tag4_bead0.jpg,®,0.0905
data\bead_crops\from_video_dedup\C0025_frame001050_tag4_bead1.jpg,®,0.1487
data\bead_crops\from_video_dedup\C0025_frame001050_tag4_bead2.jpg,o,0.1257
data\bead_crops\from_video_dedup\C0025_frame001050_tag4_bead3.jpg,C,0.0764
data\bead_crops\from_video_dedup\C0025_frame001075_tag0_bead0.jpg,4,0.7316
data\bead_crops\from_video_dedup\C0025_frame001075_tag0_bead2.jpg,,0.0
data\bead_crops\from_video_dedup\C0025_frame001150_tag1_bead2.jpg,3,0.1596
data\bead_crops\from_video_dedup\C0025_frame001150_tag1_bead4.jpg,A,0.4523
data\bead_crops\from_video_dedup\C0025_frame001100_tag2_bead0.jpg,O,0.2264
data\bead_crops\from_video_dedup\C0025_frame001375_tag1_bead1.jpg,?,0.1396
data\bead_crops\from_video_dedup\C0025_frame001100_tag2_bead2.jpg,,0.0
data\bead_crops\from_video_dedup\C0025_frame001100_tag2_bead4.jpg,风,0.0856
data\bead_crops\from_video_dedup\C0025_frame001175_tag0_bead3.jpg,0,0.1972
data\bead_crops\from_video_dedup\C0025_frame001175_tag1_bead0.jpg,8,0.297
data\bead_crops\from_video_dedup\C0025_frame001350_tag2_bead3.jpg,0,0.1427
data\bead_crops\from_video_dedup\C0025_frame001125_tag3_bead4.jpg,0,0.7422
data\bead_crops\from_video_dedup\C0025_frame001150_tag1_bead0.jpg,®,0.2468
data\bead_crops\from_video_dedup\C0025_frame001150_tag1_bead3.jpg,®,0.2114
data\bead_crops\from_video_dedup\C0025_frame001350_tag2_bead2.jpg,0,0.1386
data\bead_crops\from_video_dedup\C0025_frame001275_tag2_bead1.jpg,,0.0
data\bead_crops\from_video_dedup\C0025_frame001175_tag4_bead3.jpg,0,0.1095
data\bead_crops\from_video_dedup\C0025_frame001200_tag0_bead3.jpg,0,0.1589
data\bead_crops\from_video_dedup\C0025_frame001200_tag1_bead0.jpg,8,0.2565
data\bead_crops\from_video_dedup\C0025_frame001275_tag1_bead2.jpg,®,0.2789
data\bead_crops\from_video_dedup\C0025_frame001225_tag0_bead4.jpg,0,0.719
data\bead_crops\from_video_dedup\C0025_frame001425_tag2_bead4.jpg,,0.0
data\bead_crops\from_video_dedup\C0025_frame001225_tag2_bead1.jpg,6,0.3305
data\bead_crops\from_video_dedup\C0025_frame001225_tag2_bead3.jpg,O,0.1285
data\bead_crops\from_video_dedup\C0025_frame001225_tag3_bead3.jpg,®,0.2779
data\bead_crops\from_video_dedup\C0025_frame001375_tag0_bead1.jpg,?,0.3747
data\bead_crops\from_video_dedup\C0025_frame001250_tag1_bead4.jpg,A,0.5849
data\bead_crops\from_video_dedup\C0025_frame001400_tag1_bead2.jpg,6,0.1591
data\bead_crops\from_video_dedup\C0025_frame001300_tag0_bead2.jpg,0,0.5016
data\bead_crops\from_video_dedup\C0025_frame001375_tag0_bead3.jpg,,0.0
data\bead_crops\from_video_dedup\C0025_frame001975_tag4_bead4.jpg,0,0.8137
data\bead_crops\from_video_dedup\C0025_frame001350_tag2_bead0.jpg,O,0.319
data\bead_crops\from_video_dedup\C0025_frame001400_tag1_bead0.jpg,8,0.4114
data\bead_crops\from_video_dedup\C0025_frame001350_tag1_bead2.jpg,®,0.2364
data\bead_crops\from_video_dedup\C0025_frame001350_tag2_bead1.jpg,,0.0
data\bead_crops\from_video_dedup\C0025_frame001375_tag1_bead0.jpg,O,0.216
data\bead_crops\from_video_dedup\C0025_frame001375_tag1_bead2.jpg,,0.0
data\bead_crops\from_video_dedup\C0025_frame001500_tag1_bead3.jpg,0,0.2041
data\bead_crops\from_video_dedup\C0025_frame001400_tag2_bead0.jpg,O,0.1363
data\bead_crops\from_video_dedup\C0025_frame001400_tag2_bead1.jpg,®,0.1064
data\bead_crops\from_video_dedup\C0025_frame001425_tag2_bead1.jpg,,0.0
data\bead_crops\from_video_dedup\C0025_frame001425_tag2_bead3.jpg,0,0.2222
data\bead_crops\from_video_dedup\C0025_frame001425_tag0_bead2.jpg,0,0.4703
data\bead_crops\from_video_dedup\C0025_frame001450_tag2_bead1.jpg,®,0.0786
data\bead_crops\from_video_dedup\C0025_frame001550_tag1_bead1.jpg,③,0.1959
data\bead_crops\from_video_dedup\C0025_frame001525_tag1_bead2.jpg,3,0.1626
data\bead_crops\from_video_dedup\C0025_frame001525_tag1_bead4.jpg,4,0.9173
data\bead_crops\from_video_dedup\C0025_frame001650_tag0_bead2.jpg,0,0.4687
data\bead_crops\from_video_dedup\C0025_frame001500_tag2_bead2.jpg,,0.0
data\bead_crops\from_video_dedup\C0025_frame001550_tag2_bead1.jpg,®,0.0734
data\bead_crops\from_video_dedup\C0025_frame001550_tag0_bead3.jpg,0,0.2348
data\bead_crops\from_video_dedup\C0025_frame001675_tag1_bead0.jpg,3,0.5328
data\bead_crops\from_video_dedup\C0025_frame001575_tag2_bead4.jpg,,0.0
data\bead_crops\from_video_dedup\C0025_frame001650_tag0_bead1.jpg,?,0.2764
data\bead_crops\from_video_dedup\C0025_frame001575_tag2_bead0.jpg,O,0.1937
data\bead_crops\from_video_dedup\C0025_frame001550_tag2_bead2.jpg,,0.0
data\bead_crops\from_video_dedup\C0025_frame001550_tag3_bead0.jpg,?,0.1066
data\bead_crops\from_video_dedup\C0025_frame001550_tag3_bead1.jpg,,0.0
data\bead_crops\from_video_dedup\C0025_frame001725_tag2_bead1.jpg,0,0.1611
data\bead_crops\from_video_dedup\C0025_frame001550_tag3_bead3.jpg,O,0.2127
data\bead_crops\from_video_dedup\C0025_frame001675_tag1_bead1.jpg,3,0.361
data\bead_crops\from_video_dedup\C0025_frame001675_tag1_bead3.jpg,®,0.1425
data\bead_crops\from_video_dedup\C0025_frame001650_tag4_bead4.jpg,4,0.9761
data\bead_crops\from_video_dedup\C0025_frame001575_tag2_bead1.jpg,®,0.0721
data\bead_crops\from_video_dedup\C0025_frame001575_tag2_bead2.jpg,,0.0
data\bead_crops\from_video_dedup\C0025_frame001650_tag2_bead0.jpg,?,0.1356
data\bead_crops\from_video_dedup\C0025_frame001650_tag0_bead3.jpg,0,0.16
data\bead_crops\from_video_dedup\C0025_frame001650_tag2_bead3.jpg,,0.0
data\bead_crops\from_video_dedup\C0025_frame001675_tag0_bead2.jpg,0,0.4928
data\bead_crops\from_video_dedup\C0025_frame001825_tag0_bead1.jpg,③,0.3675
data\bead_crops\from_video_dedup\C0025_frame001725_tag2_bead0.jpg,?,0.2926
data\bead_crops\from_video_dedup\C0025_frame001725_tag2_bead2.jpg,O,0.1897
data\bead_crops\from_video_dedup\C0025_frame001675_tag2_bead3.jpg,,0.0
data\bead_crops\from_video_dedup\C0025_frame002450_tag2_bead1.jpg,-,0.1295
data\bead_crops\from_video_dedup\C0025_frame002925_tag3_bead2.jpg,0,0.2048
data\bead_crops\from_video_dedup\C0025_frame001675_tag3_bead3.jpg,,0.0
data\bead_crops\from_video_dedup\C0025_frame001675_tag3_bead4.jpg,4,0.1182
data\bead_crops\from_video_dedup\C0025_frame001950_tag2_bead0.jpg,9,0.2071
data\bead_crops\from_video_dedup\C0025_frame001800_tag4_bead1.jpg,?,0.085
data\bead_crops\from_video_dedup\C0025_frame001825_tag0_bead0.jpg,8,0.4368
data\bead_crops\from_video_dedup\C0025_frame001775_tag1_bead3.jpg,®,0.3143
data\bead_crops\from_video_dedup\C0025_frame001725_tag2_bead3.jpg,C,0.1857
data\bead_crops\from_video_dedup\C0025_frame001725_tag2_bead4.jpg,,0.0
data\bead_crops\from_video_dedup\C0025_frame001750_tag0_bead4.jpg,0,0.8542
data\bead_crops\from_video_dedup\C0025_frame002000_tag3_bead3.jpg,8,0.1169
data\bead_crops\from_video_dedup\C0025_frame001850_tag0_bead0.jpg,3,0.3872
data\bead_crops\from_video_dedup\C0025_frame001800_tag4_bead3.jpg,1,0.0485
data\bead_crops\from_video_dedup\C0025_frame001950_tag1_bead3.jpg,0,0.1814
data\bead_crops\from_video_dedup\C0025_frame001800_tag4_bead0.jpg,O,0.1748
data\bead_crops\from_video_dedup\C0025_frame001825_tag0_bead4.jpg,4,0.9821
data\bead_crops\from_video_dedup\C0025_frame001975_tag4_bead1.jpg,?,0.3174
data\bead_crops\from_video_dedup\C0025_frame001950_tag4_bead2.jpg,0,0.4221
data\bead_crops\from_video_dedup\C0025_frame001950_tag1_bead0.jpg,?,0.2137
data\bead_crops\from_video_dedup\C0025_frame001825_tag4_bead4.jpg,A,0.0464
data\bead_crops\from_video_dedup\C0025_frame001925_tag1_bead0.jpg,8,0.6177
data\bead_crops\from_video_dedup\C0025_frame001875_tag2_bead1.jpg,③,0.2801
data\bead_crops\from_video_dedup\C0025_frame002450_tag0_bead0.jpg,?,0.3431
data\bead_crops\from_video_dedup\C0025_frame001975_tag4_bead3.jpg,8,0.1253
data\bead_crops\from_video_dedup\C0025_frame001875_tag1_bead3.jpg,C,0.1154
data\bead_crops\from_video_dedup\C0025_frame001975_tag1_bead3.jpg,,0.0
data\bead_crops\from_video_dedup\C0025_frame001925_tag1_bead2.jpg,?,0.2046
data\bead_crops\from_video_dedup\C0025_frame001925_tag1_bead3.jpg,®,0.2244
data\bead_crops\from_video_dedup\C0025_frame001925_tag1_bead4.jpg,4,0.9874
data\bead_crops\from_video_dedup\C0025_frame001950_tag2_bead4.jpg,心,0.064
data\bead_crops\from_video_dedup\C0025_frame001925_tag0_bead3.jpg,,0.0
data\bead_crops\from_video_dedup\C0025_frame001925_tag0_bead4.jpg,C,0.0894
data\bead_crops\from_video_dedup\C0025_frame002100_tag0_bead4.jpg,0,0.7673
data\bead_crops\from_video_dedup\C0025_frame002450_tag2_bead0.jpg,?,0.221
data\bead_crops\from_video_dedup\C0025_frame001950_tag1_bead1.jpg,C,0.3064
data\bead_crops\from_video_dedup\C0025_frame001950_tag1_bead2.jpg,S,0.0925
data\bead_crops\from_video_dedup\C0025_frame001950_tag1_bead4.jpg,S,0.0911
data\bead_crops\from_video_dedup\C0025_frame001950_tag2_bead2.jpg,0,0.1284
data\bead_crops\from_video_dedup\C0025_frame002025_tag0_bead0.jpg,8,0.5812
data\bead_crops\from_video_dedup\C0025_frame001975_tag0_bead4.jpg,4,0.9574
data\bead_crops\from_video_dedup\C0025_frame001975_tag2_bead1.jpg,0,0.1076
data\bead_crops\from_video_dedup\C0025_frame001975_tag2_bead2.jpg,N,0.053
data\bead_crops\from_video_dedup\C0025_frame001975_tag2_bead3.jpg,0,0.1383
data\bead_crops\from_video_dedup\C0025_frame001975_tag2_bead4.jpg,S,0.1774
data\bead_crops\from_video_dedup\C0025_frame002025_tag0_bead1.jpg,?,0.2397
data\bead_crops\from_video_dedup\C0025_frame002000_tag1_bead0.jpg,?,0.1834
data\bead_crops\from_video_dedup\C0025_frame002000_tag1_bead1.jpg,9,0.363
data\bead_crops\from_video_dedup\C0025_frame002000_tag1_bead2.jpg,C,0.1499
data\bead_crops\from_video_dedup\C0025_frame002000_tag1_bead3.jpg,0,0.0745
data\bead_crops\from_video_dedup\C0025_frame002000_tag1_bead4.jpg,S,0.2079
data\bead_crops\from_video_dedup\C0025_frame002025_tag0_bead2.jpg,0,0.2121
data\bead_crops\from_video_dedup\C0025_frame002025_tag2_bead0.jpg,0,0.1765
data\bead_crops\from_video_dedup\C0025_frame002175_tag2_bead0.jpg,G,0.167
data\bead_crops\from_video_dedup\C0025_frame002025_tag2_bead2.jpg,?,0.2089
data\bead_crops\from_video_dedup\C0025_frame002050_tag0_bead3.jpg,Q,0.3999
data\bead_crops\from_video_dedup\C0025_frame002250_tag2_bead3.jpg,O,0.156
data\bead_crops\from_video_dedup\C0025_frame002250_tag2_bead0.jpg,0,0.1256
data\bead_crops\from_video_dedup\C0025_frame002275_tag4_bead4.jpg,4,0.8687
data\bead_crops\from_video_dedup\C0025_frame002100_tag0_bead3.jpg,80,0.2532
data\bead_crops\from_video_dedup\C0025_frame002175_tag1_bead1.jpg,0,0.4289
data\bead_crops\from_video_dedup\C0025_frame002125_tag1_bead1.jpg,®,0.2064
data\bead_crops\from_video_dedup\C0025_frame002200_tag3_bead3.jpg,,0.0
data\bead_crops\from_video_dedup\C0025_frame002125_tag3_bead4.jpg,A,0.0694
data\bead_crops\from_video_dedup\C0025_frame002425_tag2_bead1.jpg,8,0.4205
data\bead_crops\from_video_dedup\C0025_frame002225_tag1_bead0.jpg,8,0.405
data\bead_crops\from_video_dedup\C0025_frame002175_tag0_bead2.jpg,?,0.3767
data\bead_crops\from_video_dedup\C0025_frame002350_tag0_bead1.jpg,6,0.4812
data\bead_crops\from_video_dedup\C0025_frame002225_tag3_bead3.jpg,1,0.0396
data\bead_crops\from_video_dedup\C0025_frame002250_tag2_bead1.jpg,0,0.2647
data\bead_crops\from_video_dedup\C0025_frame002450_tag0_bead3.jpg,?,0.3975
data\bead_crops\from_video_dedup\C0025_frame002225_tag1_bead1.jpg,?,0.314
data\bead_crops\from_video_dedup\C0025_frame002225_tag2_bead1.jpg,0,0.6129
data\bead_crops\from_video_dedup\C0025_frame002225_tag2_bead3.jpg,0,0.1016
data\bead_crops\from_video_dedup\C0025_frame002250_tag0_bead0.jpg,8,0.2993
data\bead_crops\from_video_dedup\C0025_frame002450_tag0_bead4.jpg,0,0.6748
data\bead_crops\from_video_dedup\C0025_frame002375_tag2_bead3.jpg,0,0.1548
data\bead_crops\from_video_dedup\C0025_frame002400_tag1_bead4.jpg,0,0.2304
data\bead_crops\from_video_dedup\C0025_frame002375_tag2_bead1.jpg,?,0.1868
data\bead_crops\from_video_dedup\C0025_frame002300_tag2_bead1.jpg,?,0.0935
data\bead_crops\from_video_dedup\C0025_frame002450_tag2_bead3.jpg,,0.0
data\bead_crops\from_video_dedup\C0025_frame002325_tag2_bead0.jpg,心,0.1145
data\bead_crops\from_video_dedup\C0025_frame002375_tag2_bead2.jpg,O,0.2558
data\bead_crops\from_video_dedup\C0025_frame002350_tag0_bead4.jpg,4,0.3118
data\bead_crops\from_video_dedup\C0025_frame002500_tag1_bead0.jpg,?,0.2385
data\bead_crops\from_video_dedup\C0025_frame002375_tag3_bead0.jpg,?,0.2533
data\bead_crops\from_video_dedup\C0025_frame002375_tag3_bead2.jpg,,0.0
data\bead_crops\from_video_dedup\C0025_frame002450_tag0_bead1.jpg,0,0.7736
data\bead_crops\from_video_dedup\C0025_frame002450_tag0_bead2.jpg,0,0.2301
data\bead_crops\from_video_dedup\C0025_frame002400_tag1_bead3.jpg,0,0.1426
data\bead_crops\from_video_dedup\C0025_frame002425_tag0_bead1.jpg,?,0.2465
data\bead_crops\from_video_dedup\C0025_frame002525_tag0_bead0.jpg,O,0.3124
data\bead_crops\from_video_dedup\C0025_frame002475_tag0_bead4.jpg,e,0.219
data\bead_crops\from_video_dedup\C0025_frame002425_tag2_bead3.jpg,®,0.2441
data\bead_crops\from_video_dedup\C0025_frame002550_tag3_bead0.jpg,?,0.1871
data\bead_crops\from_video_dedup\C0025_frame002425_tag4_bead0.jpg,。,0.1457
data\bead_crops\from_video_dedup\C0025_frame002475_tag1_bead0.jpg,6,0.4293
data\bead_crops\from_video_dedup\C0025_frame002500_tag0_bead1.jpg,G,0.1145
data\bead_crops\from_video_dedup\C0025_frame002500_tag0_bead0.jpg,?,0.2129
data\bead_crops\from_video_dedup\C0025_frame002500_tag0_bead3.jpg,0,0.1072
data\bead_crops\from_video_dedup\C0025_frame002575_tag1_bead3.jpg,?,0.2765
data\bead_crops\from_video_dedup\C0025_frame002500_tag1_bead2.jpg,0,0.1356
data\bead_crops\from_video_dedup\C0025_frame002525_tag3_bead1.jpg,?,0.1227
data\bead_crops\from_video_dedup\C0025_frame002600_tag2_bead4.jpg,4,0.0689
data\bead_crops\from_video_dedup\C0025_frame002500_tag0_bead4.jpg,e,0.1991
data\bead_crops\from_video_dedup\C0025_frame002500_tag1_bead1.jpg,0,0.7848
data\bead_crops\from_video_dedup\C0025_frame002525_tag3_bead0.jpg,?,0.1704
data\bead_crops\from_video_dedup\C0025_frame002525_tag3_bead3.jpg,,0.0
data\bead_crops\from_video_dedup\C0025_frame002500_tag3_bead3.jpg,?,0.1914
data\bead_crops\from_video_dedup\C0025_frame002525_tag0_bead4.jpg,O,0.2097
data\bead_crops\from_video_dedup\C0025_frame002525_tag2_bead4.jpg,A,0.1058
data\bead_crops\from_video_dedup\C0025_frame002525_tag3_bead4.jpg,4,0.0991
data\bead_crops\from_video_dedup\C0025_frame002775_tag5_bead1.jpg,®,0.1896
data\bead_crops\from_video_dedup\C0025_frame002550_tag0_bead1.jpg,0,0.2981
data\bead_crops\from_video_dedup\C0025_frame002575_tag1_bead0.jpg,?,0.3355
data\bead_crops\from_video_dedup\C0025_frame002550_tag1_bead2.jpg,®0,0.1565
data\bead_crops\from_video_dedup\C0025_frame002550_tag2_bead0.jpg,0,0.2285
data\bead_crops\from_video_dedup\C0025_frame002550_tag2_bead1.jpg,3,0.2725
data\bead_crops\from_video_dedup\C0025_frame002550_tag2_bead3.jpg,®,0.1656
data\bead_crops\from_video_dedup\C0025_frame002550_tag2_bead4.jpg,4,0.1211
data\bead_crops\from_video_dedup\C0025_frame002825_tag2_bead1.jpg,O,0.256
data\bead_crops\from_video_dedup\C0025_frame002775_tag5_bead2.jpg,®,0.206
data\bead_crops\from_video_dedup\C0025_frame002675_tag0_bead3.jpg,e,0.3629
data\bead_crops\from_video_dedup\C0025_frame002800_tag0_bead4.jpg,O,0.2023
data\bead_crops\from_video_dedup\C0025_frame002575_tag1_bead1.jpg,0,0.6951
data\bead_crops\from_video_dedup\C0025_frame002575_tag1_bead2.jpg,0,0.297
data\bead_crops\from_video_dedup\C0025_frame002575_tag1_bead4.jpg,0,0.6333
data\bead_crops\from_video_dedup\C0025_frame002575_tag2_bead0.jpg,0,0.2731
data\bead_crops\from_video_dedup\C0025_frame002600_tag2_bead0.jpg,O,0.2015
data\bead_crops\from_video_dedup\C0025_frame002600_tag1_bead0.jpg,®,0.4715
data\bead_crops\from_video_dedup\C0025_frame002600_tag1_bead3.jpg,9,0.1784
data\bead_crops\from_video_dedup\C0025_frame002600_tag2_bead3.jpg,,0.0
data\bead_crops\from_video_dedup\C0025_frame002600_tag4_bead0.jpg,®,0.1623
data\bead_crops\from_video_dedup\C0025_frame002600_tag4_bead1.jpg,?,0.3019
data\bead_crops\from_video_dedup\C0025_frame002600_tag4_bead2.jpg,0,0.5242
data\bead_crops\from_video_dedup\C0025_frame002625_tag2_bead3.jpg,?,0.3721
data\bead_crops\from_video_dedup\C0025_frame002600_tag4_bead4.jpg,0,0.374
data\bead_crops\from_video_dedup\C0025_frame002675_tag0_bead1.jpg,0,0.3157
data\bead_crops\from_video_dedup\C0025_frame002625_tag2_bead0.jpg,®,0.2434
data\bead_crops\from_video_dedup\C0025_frame002625_tag2_bead1.jpg,®,0.1523
data\bead_crops\from_video_dedup\C0025_frame002625_tag2_bead2.jpg,0,0.3576
data\bead_crops\from_video_dedup\C0025_frame002625_tag2_bead4.jpg,O,0.3905
data\bead_crops\from_video_dedup\C0025_frame002700_tag1_bead3.jpg,e,0.5171
data\bead_crops\from_video_dedup\C0025_frame002650_tag1_bead0.jpg,0,0.1941
data\bead_crops\from_video_dedup\C0025_frame002700_tag3_bead3.jpg,?,0.1974
data\bead_crops\from_video_dedup\C0025_frame002675_tag1_bead3.jpg,®,0.2298
data\bead_crops\from_video_dedup\C0025_frame002700_tag3_bead0.jpg,®,0.2583
data\bead_crops\from_video_dedup\C0025_frame002775_tag1_bead0.jpg,®,0.254
data\bead_crops\from_video_dedup\C0025_frame002775_tag1_bead4.jpg,O,0.6119
data\bead_crops\from_video_dedup\C0025_frame002775_tag2_bead0.jpg,?,0.172
data\bead_crops\from_video_dedup\C0025_frame002875_tag1_bead1.jpg,O,0.189
data\bead_crops\from_video_dedup\C0025_frame002875_tag1_bead4.jpg,,0.0
data\bead_crops\from_video_dedup\C0025_frame002700_tag0_bead0.jpg,8,0.1772
data\bead_crops\from_video_dedup\C0025_frame002700_tag0_bead1.jpg,®,0.2736
data\bead_crops\from_video_dedup\C0025_frame002775_tag5_bead0.jpg,0,0.2863
data\bead_crops\from_video_dedup\C0025_frame002775_tag1_bead1.jpg,0,0.4142
data\bead_crops\from_video_dedup\C0025_frame002850_tag3_bead1.jpg,®,0.2388
data\bead_crops\from_video_dedup\C0025_frame002825_tag2_bead2.jpg,,0.0
data\bead_crops\from_video_dedup\C0025_frame002725_tag2_bead3.jpg,®,0.2204
data\bead_crops\from_video_dedup\C0025_frame002725_tag3_bead0.jpg,0,0.1443
data\bead_crops\from_video_dedup\C0025_frame002800_tag2_bead4.jpg,8,0.1296
data\bead_crops\from_video_dedup\C0025_frame002775_tag5_bead3.jpg,e,0.3477
data\bead_crops\from_video_dedup\C0025_frame002750_tag1_bead0.jpg,0,0.2084
data\bead_crops\from_video_dedup\C0025_frame002800_tag2_bead1.jpg,6,0.2333
data\bead_crops\from_video_dedup\C0025_frame002850_tag2_bead2.jpg,®,0.3892
data\bead_crops\from_video_dedup\C0025_frame002850_tag2_bead3.jpg,9,0.1719
data\bead_crops\from_video_dedup\C0025_frame002750_tag2_bead0.jpg,?,0.2638
data\bead_crops\from_video_dedup\C0025_frame002875_tag3_bead0.jpg,?,0.182
data\bead_crops\from_video_dedup\C0025_frame002775_tag0_bead0.jpg,0,0.1959
data\bead_crops\from_video_dedup\C0025_frame002800_tag1_bead1.jpg,®,0.2961
data\bead_crops\from_video_dedup\C0025_frame002900_tag4_bead0.jpg,®,0.18
data\bead_crops\from_video_dedup\C0025_frame002850_tag0_bead3.jpg,?,0.2408
data\bead_crops\from_video_dedup\C0025_frame002900_tag4_bead4.jpg,1O,0.4415
data\bead_crops\from_video_dedup\C0025_frame002800_tag2_bead0.jpg,8,0.153
data\bead_crops\from_video_dedup\C0025_frame002800_tag2_bead3.jpg,9,0.341
data\bead_crops\from_video_dedup\C0025_frame002875_tag1_bead2.jpg,,0.0
data\bead_crops\from_video_dedup\C0025_frame002825_tag0_bead3.jpg,9,0.225
data\bead_crops\from_video_dedup\C0025_frame002825_tag1_bead1.jpg,0,0.4669
data\bead_crops\from_video_dedup\C0025_frame002850_tag0_bead0.jpg,®,0.3148
data\bead_crops\from_video_dedup\C0025_frame002850_tag0_bead4.jpg,O,0.7716
data\bead_crops\from_video_dedup\C0025_frame002850_tag2_bead4.jpg,区,0.0752
data\bead_crops\from_video_dedup\C0025_frame002875_tag0_bead1.jpg,0,0.3948
data\bead_crops\from_video_dedup\C0025_frame002950_tag3_bead0.jpg,®,0.2681
data\bead_crops\from_video_dedup\C0025_frame002900_tag4_bead3.jpg,?,0.2206
data\bead_crops\from_video_dedup\C0025_frame002875_tag1_bead0.jpg,O,0.2827
data\bead_crops\from_video_dedup\C0025_frame002875_tag4_bead1.jpg,®,0.3873
data\bead_crops\from_video_dedup\C0025_frame002900_tag1_bead0.jpg,0,0.1985
data\bead_crops\from_video_dedup\C0025_frame002875_tag4_bead3.jpg,9,0.2302
data\bead_crops\from_video_dedup\C0025_frame003025_tag0_bead1.jpg,®,0.2709
data\bead_crops\from_video_dedup\C0025_frame002900_tag1_bead1.jpg,6,0.3395
data\bead_crops\from_video_dedup\C0025_frame002900_tag1_bead2.jpg,®,0.4431
data\bead_crops\from_video_dedup\C0025_frame002900_tag2_bead2.jpg,O,0.0517
data\bead_crops\from_video_dedup\C0025_frame002975_tag1_bead0.jpg,0,0.2868
data\bead_crops\from_video_dedup\C0025_frame002925_tag1_bead0.jpg,0,0.2226
data\bead_crops\from_video_dedup\C0025_frame002925_tag3_bead1.jpg,O,0.2855
data\bead_crops\from_video_dedup\C0025_frame002925_tag3_bead3.jpg,O,0.0625
data\bead_crops\from_video_dedup\C0025_frame002925_tag3_bead4.jpg,,0.0
data\bead_crops\from_video_dedup\C0025_frame002950_tag1_bead0.jpg,O,0.3141
data\bead_crops\from_video_dedup\C0025_frame002950_tag1_bead1.jpg,O,0.0905
data\bead_crops\from_video_dedup\C0025_frame002950_tag1_bead2.jpg,O,0.3699
data\bead_crops\from_video_dedup\C0025_frame002950_tag1_bead3.jpg,0,0.1497
data\bead_crops\from_video_dedup\C0025_frame003750_tag1_bead4.jpg,A,0.0282
data\bead_crops\from_video_dedup\C0025_frame002950_tag2_bead3.jpg,9,0.2041
data\bead_crops\from_video_dedup\C0025_frame002950_tag2_bead4.jpg,8,0.1489
data\bead_crops\from_video_dedup\C0025_frame002950_tag3_bead1.jpg,®,0.4014
data\bead_crops\from_video_dedup\C0025_frame002975_tag0_bead1.jpg,?,0.2223
data\bead_crops\from_video_dedup\C0025_frame002975_tag1_bead1.jpg,®,0.28
data\bead_crops\from_video_dedup\C0025_frame002975_tag1_bead3.jpg,e,0.3136
data\bead_crops\from_video_dedup\C0025_frame002975_tag1_bead4.jpg,O,0.2993
data\bead_crops\from_video_dedup\C0025_frame003000_tag3_bead3.jpg,?,0.1995
data\bead_crops\from_video_dedup\C0025_frame003000_tag3_bead4.jpg,O,0.546
data\bead_crops\from_video_dedup\C0025_frame003000_tag0_bead2.jpg,O,0.3032
data\bead_crops\from_video_dedup\C0025_frame002975_tag4_bead2.jpg,O,0.0806
data\bead_crops\from_video_dedup\C0025_frame002975_tag4_bead4.jpg,A,0.0322
data\bead_crops\from_video_dedup\C0025_frame003000_tag0_bead0.jpg,Q,0.3529
data\bead_crops\from_video_dedup\C0025_frame003000_tag0_bead1.jpg,8,0.0802
data\bead_crops\from_video_dedup\C0025_frame003125_tag2_bead3.jpg,0,0.2313
data\bead_crops\from_video_dedup\C0025_frame003000_tag1_bead1.jpg,0,0.1954
data\bead_crops\from_video_dedup\C0025_frame003000_tag1_bead3.jpg,9,0.2641
data\bead_crops\from_video_dedup\C0025_frame003000_tag2_bead2.jpg,®,0.1597
data\bead_crops\from_video_dedup\C0025_frame003000_tag3_bead0.jpg,?,0.3187
data\bead_crops\from_video_dedup\C0025_frame003000_tag3_bead2.jpg,の,0.3468
data\bead_crops\from_video_dedup\C0025_frame003025_tag1_bead0.jpg,0,0.155
data\bead_crops\from_video_dedup\C0025_frame003025_tag1_bead3.jpg,9,0.2332
data\bead_crops\from_video_dedup\C0025_frame003025_tag3_bead0.jpg,®,0.277
data\bead_crops\from_video_dedup\C0025_frame003025_tag3_bead3.jpg,?,0.2464
data\bead_crops\from_video_dedup\C0025_frame003050_tag1_bead0.jpg,0,0.2459
data\bead_crops\from_video_dedup\C0025_frame003050_tag2_bead0.jpg,?,0.1454
data\bead_crops\from_video_dedup\C0025_frame003050_tag2_bead2.jpg,®,0.3749
data\bead_crops\from_video_dedup\C0025_frame003050_tag2_bead3.jpg,9,0.2918
data\bead_crops\from_video_dedup\C0025_frame003125_tag1_bead0.jpg,®,0.2857
data\bead_crops\from_video_dedup\C0025_frame003075_tag1_bead0.jpg,®,0.3283
data\bead_crops\from_video_dedup\C0025_frame003075_tag1_bead1.jpg,G,0.2489
data\bead_crops\from_video_dedup\C0025_frame003075_tag1_bead2.jpg,0,0.3233
data\bead_crops\from_video_dedup\C0025_frame003075_tag1_bead3.jpg,0,0.3325
data\bead_crops\from_video_dedup\C0025_frame003075_tag1_bead4.jpg,,0.0
data\bead_crops\from_video_dedup\C0025_frame003075_tag2_bead3.jpg,9,0.2225
data\bead_crops\from_video_dedup\C0025_frame003175_tag0_bead2.jpg,の,0.2453
data\bead_crops\from_video_dedup\C0025_frame003100_tag1_bead1.jpg,0,0.1158
data\bead_crops\from_video_dedup\C0025_frame003125_tag2_bead1.jpg,O,0.3406
data\bead_crops\from_video_dedup\C0025_frame003900_tag0_bead4.jpg,O,0.5087
data\bead_crops\from_video_dedup\C0025_frame003175_tag0_bead0.jpg,?,0.3045
data\bead_crops\from_video_dedup\C0025_frame003175_tag0_bead3.jpg,?,0.2254
data\bead_crops\from_video_dedup\C0025_frame003125_tag2_bead2.jpg,0,0.1264
data\bead_crops\from_video_dedup\C0025_frame003125_tag3_bead0.jpg,0,0.5288
data\bead_crops\from_video_dedup\C0025_frame003125_tag3_bead1.jpg,6,0.9097
data\bead_crops\from_video_dedup\C0025_frame003125_tag3_bead2.jpg,0,0.2504
data\bead_crops\from_video_dedup\C0025_frame003125_tag3_bead3.jpg,6,0.4402
data\bead_crops\from_video_dedup\C0025_frame003125_tag3_bead4.jpg,0,0.7025
data\bead_crops\from_video_dedup\C0025_frame003175_tag1_bead1.jpg,0,0.0694
data\bead_crops\from_video_dedup\C0025_frame003150_tag2_bead0.jpg,6,0.3499
data\bead_crops\from_video_dedup\C0025_frame003150_tag2_bead1.jpg,6,0.1696
data\bead_crops\from_video_dedup\C0025_frame003150_tag2_bead2.jpg,0,0.6895
data\bead_crops\from_video_dedup\C0025_frame003150_tag2_bead3.jpg,?,0.141
data\bead_crops\from_video_dedup\C0025_frame003150_tag2_bead4.jpg,Q,0.2127
data\bead_crops\from_video_dedup\C0025_frame003150_tag3_bead3.jpg,9,0.2499
data\bead_crops\from_video_dedup\C0025_frame003275_tag4_bead4.jpg,8,0.3286
data\bead_crops\from_video_dedup\C0025_frame003200_tag0_bead2.jpg,O,0.2799
data\bead_crops\from_video_dedup\C0025_frame003200_tag0_bead1.jpg,®,0.2345
data\bead_crops\from_video_dedup\C0025_frame003175_tag2_bead2.jpg,0,0.1507
data\bead_crops\from_video_dedup\C0025_frame003175_tag2_bead3.jpg,人,0.7013
data\bead_crops\from_video_dedup\C0025_frame003175_tag2_bead4.jpg,X,0.2184
data\bead_crops\from_video_dedup\C0025_frame003200_tag0_bead0.jpg,0,0.1824
data\bead_crops\from_video_dedup\C0025_frame003200_tag0_bead3.jpg,人,0.8067
data\bead_crops\from_video_dedup\C0025_frame003200_tag0_bead4.jpg,Q,0.114
data\bead_crops\from_video_dedup\C0025_frame003700_tag0_bead0.jpg,?,0.3296
data\bead_crops\from_video_dedup\C0025_frame003200_tag2_bead1.jpg,0,0.0729
data\bead_crops\from_video_dedup\C0025_frame003275_tag4_bead3.jpg,9,0.3451
data\bead_crops\from_video_dedup\C0025_frame003500_tag2_bead0.jpg,O,0.3447
data\bead_crops\from_video_dedup\C0025_frame003275_tag2_bead1.jpg,0,0.1599
data\bead_crops\from_video_dedup\C0025_frame003275_tag2_bead0.jpg,0,0.1012
data\bead_crops\from_video_dedup\C0025_frame003275_tag2_bead2.jpg,O,0.1972
data\bead_crops\from_video_dedup\C0025_frame003250_tag2_bead3.jpg,人,0.1172
data\bead_crops\from_video_dedup\C0025_frame003225_tag4_bead0.jpg,?,0.2011
data\bead_crops\from_video_dedup\C0025_frame003225_tag4_bead1.jpg,®,0.2997
data\bead_crops\from_video_dedup\C0025_frame003225_tag4_bead2.jpg,9,0.3162
data\bead_crops\from_video_dedup\C0025_frame003350_tag2_bead1.jpg,6,0.311
data\bead_crops\from_video_dedup\C0025_frame003225_tag4_bead4.jpg,8,0.1437
data\bead_crops\from_video_dedup\C0025_frame003250_tag2_bead0.jpg,0,0.1697
data\bead_crops\from_video_dedup\C0025_frame003300_tag2_bead4.jpg,C,0.0844
data\bead_crops\from_video_dedup\C0025_frame003250_tag3_bead0.jpg,?,0.2986
data\bead_crops\from_video_dedup\C0025_frame003250_tag3_bead3.jpg,9,0.3937
data\bead_crops\from_video_dedup\C0025_frame003275_tag1_bead1.jpg,0,0.1021
data\bead_crops\from_video_dedup\C0025_frame003275_tag2_bead3.jpg,小,0.0708
data\bead_crops\from_video_dedup\C0025_frame003300_tag2_bead0.jpg,0,0.152
data\bead_crops\from_video_dedup\C0025_frame003300_tag2_bead3.jpg,小,0.1389
data\bead_crops\from_video_dedup\C0025_frame003400_tag3_bead0.jpg,?,0.096
data\bead_crops\from_video_dedup\C0025_frame003300_tag4_bead3.jpg,9,0.333
data\bead_crops\from_video_dedup\C0025_frame003325_tag3_bead0.jpg,?,0.1423
data\bead_crops\from_video_dedup\C0025_frame003650_tag1_bead0.jpg,0,0.1703
data\bead_crops\from_video_dedup\C0025_frame003325_tag4_bead1.jpg,0,0.1439
data\bead_crops\from_video_dedup\C0025_frame003575_tag3_bead2.jpg,2,0.0846
data\bead_crops\from_video_dedup\C0025_frame003425_tag1_bead2.jpg,6,0.2296
data\bead_crops\from_video_dedup\C0025_frame003375_tag2_bead4.jpg,C,0.1256
data\bead_crops\from_video_dedup\C0025_frame003350_tag2_bead0.jpg,0,0.1726
data\bead_crops\from_video_dedup\C0025_frame003350_tag2_bead3.jpg,9,0.2771
data\bead_crops\from_video_dedup\C0025_frame003350_tag3_bead1.jpg,0,0.1302
data\bead_crops\from_video_dedup\C0025_frame003375_tag2_bead2.jpg,2,0.0785
data\bead_crops\from_video_dedup\C0025_frame003400_tag0_bead3.jpg,®,0.216
data\bead_crops\from_video_dedup\C0025_frame003400_tag3_bead3.jpg,0,0.149
data\bead_crops\from_video_dedup\C0025_frame003425_tag1_bead0.jpg,O,0.2243
data\bead_crops\from_video_dedup\C0025_frame003425_tag1_bead3.jpg,人,0.0758
data\bead_crops\from_video_dedup\C0025_frame003925_tag0_bead4.jpg,O,0.4991
data\bead_crops\from_video_dedup\C0025_frame003450_tag2_bead3.jpg,人,0.0792
data\bead_crops\from_video_dedup\C0025_frame003450_tag3_bead1.jpg,0,0.0721
data\bead_crops\from_video_dedup\C0025_frame003450_tag3_bead3.jpg,9,0.159
data\bead_crops\from_video_dedup\C0025_frame003475_tag0_bead1.jpg,8,0.0815
data\bead_crops\from_video_dedup\C0025_frame003475_tag3_bead3.jpg,0,0.1697
data\bead_crops\from_video_dedup\C0025_frame003500_tag0_bead2.jpg,2,0.0545
data\bead_crops\from_video_dedup\C0025_frame003900_tag0_bead0.jpg,?,0.2753
data\bead_crops\from_video_dedup\C0025_frame003500_tag2_bead2.jpg,0,0.1742
data\bead_crops\from_video_dedup\C0025_frame003900_tag3_bead1.jpg,®,0.1664
data\bead_crops\from_video_dedup\C0025_frame003500_tag3_bead3.jpg,,0.0
data\bead_crops\from_video_dedup\C0025_frame003900_tag0_bead3.jpg,?,0.2604
data\bead_crops\from_video_dedup\C0025_frame003550_tag3_bead3.jpg,9,0.2708
data\bead_crops\from_video_dedup\C0025_frame003550_tag1_bead1.jpg,0,0.1163
data\bead_crops\from_video_dedup\C0025_frame003725_tag2_bead3.jpg,O,0.2298
data\bead_crops\from_video_dedup\C0025_frame003550_tag2_bead1.jpg,0,0.1188
data\bead_crops\from_video_dedup\C0025_frame003925_tag3_bead0.jpg,®,0.2692
data\bead_crops\from_video_dedup\C0025_frame003900_tag4_bead0.jpg,?,0.1517
data\bead_crops\from_video_dedup\C0025_frame003875_tag0_bead1.jpg,O,0.2047
data\bead_crops\from_video_dedup\C0025_frame003575_tag3_bead1.jpg,0,0.1253
data\bead_crops\from_video_dedup\C0025_frame003575_tag3_bead4.jpg,C,0.1329
data\bead_crops\from_video_dedup\C0025_frame003600_tag0_bead0.jpg,®,0.2562
data\bead_crops\from_video_dedup\C0025_frame004150_tag2_bead0.jpg,®,0.153
data\bead_crops\from_video_dedup\C0025_frame003625_tag2_bead1.jpg,0,0.1634
data\bead_crops\from_video_dedup\C0025_frame003625_tag2_bead3.jpg,2,0.076
data\bead_crops\from_video_dedup\C0025_frame003900_tag3_bead0.jpg,?,0.092
data\bead_crops\from_video_dedup\C0025_frame003625_tag1_bead3.jpg,9,0.1764
data\bead_crops\from_video_dedup\C0025_frame003650_tag1_bead1.jpg,0,0.1703
data\bead_crops\from_video_dedup\C0025_frame003650_tag1_bead2.jpg,大,0.1268
data\bead_crops\from_video_dedup\C0025_frame003800_tag2_bead4.jpg,Q,0.132
data\bead_crops\from_video_dedup\C0025_frame003725_tag3_bead3.jpg,9,0.164
data\bead_crops\from_video_dedup\C0025_frame003700_tag0_bead3.jpg,?,0.235
data\bead_crops\from_video_dedup\C0025_frame003675_tag1_bead0.jpg,0,0.1763
data\bead_crops\from_video_dedup\C0025_frame003800_tag2_bead0.jpg,0,0.186
data\bead_crops\from_video_dedup\C0025_frame003700_tag3_bead1.jpg,?,0.0979
data\bead_crops\from_video_dedup\C0025_frame003700_tag1_bead3.jpg,人,0.0716
data\bead_crops\from_video_dedup\C0025_frame004075_tag0_bead1.jpg,o,0.1765
data\bead_crops\from_video_dedup\C0025_frame003725_tag2_bead0.jpg,0,0.1736
data\bead_crops\from_video_dedup\C0025_frame003725_tag2_bead1.jpg,0,0.1591
data\bead_crops\from_video_dedup\C0025_frame003725_tag2_bead2.jpg,大,0.1001
data\bead_crops\from_video_dedup\C0025_frame003725_tag2_bead4.jpg,Q,0.1352
data\bead_crops\from_video_dedup\C0025_frame003725_tag3_bead0.jpg,O,0.1008
data\bead_crops\from_video_dedup\C0025_frame003750_tag2_bead3.jpg,9,0.1697
data\bead_crops\from_video_dedup\C0025_frame003800_tag2_bead1.jpg,0,0.1371
data\bead_crops\from_video_dedup\C0025_frame003925_tag3_bead1.jpg,O,0.1208
data\bead_crops\from_video_dedup\C0025_frame003775_tag3_bead3.jpg,0,0.1855
data\bead_crops\from_video_dedup\C0025_frame003800_tag3_bead0.jpg,?,0.1036
data\bead_crops\from_video_dedup\C0025_frame003825_tag2_bead3.jpg,9,0.2348
data\bead_crops\from_video_dedup\C0025_frame003825_tag3_bead1.jpg,0,0.2184
data\bead_crops\from_video_dedup\C0025_frame003825_tag3_bead2.jpg,小,0.1617
data\bead_crops\from_video_dedup\C0025_frame003850_tag1_bead2.jpg,6,0.2215
data\bead_crops\from_video_dedup\C0025_frame003850_tag1_bead3.jpg,C,0.0742
data\bead_crops\from_video_dedup\C0025_frame003850_tag1_bead4.jpg,Q,0.2063
data\bead_crops\from_video_dedup\C0025_frame003900_tag2_bead1.jpg,®,0.1058
data\bead_crops\from_video_dedup\C0025_frame003875_tag1_bead1.jpg,0,0.1757
data\bead_crops\from_video_dedup\C0025_frame003875_tag1_bead2.jpg,C,0.104
data\bead_crops\from_video_dedup\C0025_frame003875_tag1_bead4.jpg,Q,0.1463
data\bead_crops\from_video_dedup\C0025_frame004075_tag2_bead3.jpg,9,0.2734
data\bead_crops\from_video_dedup\C0025_frame003900_tag1_bead0.jpg,0,0.1414
data\bead_crops\from_video_dedup\C0025_frame003925_tag1_bead0.jpg,6,0.1757
data\bead_crops\from_video_dedup\C0025_frame003900_tag1_bead2.jpg,1,0.0992
data\bead_crops\from_video_dedup\C0025_frame003900_tag1_bead4.jpg,Q,0.0971
data\bead_crops\from_video_dedup\C0025_frame004250_tag0_bead4.jpg,®,0.0337
data\bead_crops\from_video_dedup\C0025_frame004025_tag1_bead0.jpg,0,0.1016
data\bead_crops\from_video_dedup\C0025_frame003925_tag1_bead2.jpg,6,0.1624
data\bead_crops\from_video_dedup\C0025_frame003925_tag1_bead3.jpg,1,0.0968
data\bead_crops\from_video_dedup\C0025_frame003975_tag2_bead1.jpg,0,0.1654
data\bead_crops\from_video_dedup\C0025_frame003925_tag2_bead1.jpg,Q,0.4557
data\bead_crops\from_video_dedup\C0025_frame003975_tag3_bead2.jpg,,0.0
data\bead_crops\from_video_dedup\C0025_frame004000_tag0_bead2.jpg,1,0.0971
data\bead_crops\from_video_dedup\C0025_frame003975_tag1_bead4.jpg,Q,0.128
data\bead_crops\from_video_dedup\C0025_frame004200_tag1_bead2.jpg,0,0.3878
data\bead_crops\from_video_dedup\C0025_frame003975_tag1_bead1.jpg,0,0.1339
data\bead_crops\from_video_dedup\C0025_frame004075_tag3_bead3.jpg,6,0.168
data\bead_crops\from_video_dedup\C0025_frame003975_tag1_bead3.jpg,1,0.209
data\bead_crops\from_video_dedup\C0025_frame003975_tag3_bead0.jpg,8,0.1511
data\bead_crops\from_video_dedup\C0025_frame004125_tag2_bead0.jpg,®,0.3433
data\bead_crops\from_video_dedup\C0025_frame004000_tag1_bead1.jpg,®,0.2701
data\bead_crops\from_video_dedup\C0025_frame004150_tag2_bead3.jpg,®,0.2813
data\bead_crops\from_video_dedup\C0025_frame004000_tag2_bead1.jpg,8,0.0853
data\bead_crops\from_video_dedup\C0025_frame004100_tag2_bead0.jpg,8,0.1182
data\bead_crops\from_video_dedup\C0025_frame004000_tag3_bead3.jpg,9,0.2889
data\bead_crops\from_video_dedup\C0025_frame004075_tag3_bead0.jpg,6,0.1828
data\bead_crops\from_video_dedup\C0025_frame004025_tag1_bead2.jpg,1,0.0959
data\bead_crops\from_video_dedup\C0025_frame004200_tag1_bead0.jpg,®,0.2143
data\bead_crops\from_video_dedup\C0025_frame004150_tag1_bead3.jpg,9,0.2634
data\bead_crops\from_video_dedup\C0025_frame004050_tag1_bead1.jpg,0,0.1287
data\bead_crops\from_video_dedup\C0025_frame004075_tag3_bead2.jpg,L,0.1468
data\bead_crops\from_video_dedup\C0025_frame004050_tag1_bead4.jpg,Q,0.226
data\bead_crops\from_video_dedup\C0025_frame004050_tag3_bead3.jpg,9,0.2428
data\bead_crops\from_video_dedup\C0025_frame004075_tag3_bead1.jpg,0,0.1387
data\bead_crops\from_video_dedup\C0025_frame004075_tag3_bead4.jpg,Q,0.1654
data\bead_crops\from_video_dedup\C0025_frame004175_tag2_bead1.jpg,0,0.1034
data\bead_crops\from_video_dedup\C0025_frame004150_tag4_bead2.jpg,L,0.2545
data\bead_crops\from_video_dedup\C0025_frame004125_tag0_bead3.jpg,9,0.2499
data\bead_crops\from_video_dedup\C0025_frame004125_tag1_bead1.jpg,8,0.1029
data\bead_crops\from_video_dedup\C0025_frame004125_tag4_bead2.jpg,L,0.2248
data\bead_crops\from_video_dedup\C0025_frame004150_tag1_bead0.jpg,®,0.1367
data\bead_crops\from_video_dedup\C0025_frame004150_tag1_bead4.jpg,8,0.3405
data\bead_crops\from_video_dedup\C0025_frame004150_tag2_bead1.jpg,?,0.2794
data\bead_crops\from_video_dedup\C0025_frame004425_tag0_bead3.jpg,6,0.2857
data\bead_crops\from_video_dedup\C0025_frame004175_tag2_bead4.jpg,Q,0.2303
data\bead_crops\from_video_dedup\C0025_frame004350_tag1_bead1.jpg,®,0.2424
data\bead_crops\from_video_dedup\C0025_frame004175_tag1_bead3.jpg,9,0.2597
data\bead_crops\from_video_dedup\C0025_frame004175_tag2_bead0.jpg,6,0.2067
data\bead_crops\from_video_dedup\C0025_frame004175_tag2_bead2.jpg,L,0.2451
data\bead_crops\from_video_dedup\C0025_frame004200_tag3_bead4.jpg,O,0.4104
data\bead_crops\from_video_dedup\C0025_frame004200_tag1_bead3.jpg,9,0.314
data\bead_crops\from_video_dedup\C0025_frame004425_tag0_bead1.jpg,0,0.1316
data\bead_crops\from_video_dedup\C0025_frame004225_tag1_bead2.jpg,L,0.1339
data\bead_crops\from_video_dedup\C0025_frame004425_tag0_bead4.jpg,Q,0.1674
data\bead_crops\from_video_dedup\C0025_frame004225_tag3_bead0.jpg,0,0.0811
data\bead_crops\from_video_dedup\C0025_frame004225_tag3_bead2.jpg,0,0.2603
data\bead_crops\from_video_dedup\C0025_frame004425_tag2_bead0.jpg,?,0.4361
data\bead_crops\from_video_dedup\C0025_frame004600_tag0_bead4.jpg,O,0.4927
data\bead_crops\from_video_dedup\C0025_frame004275_tag0_bead1.jpg,0,0.0798
data\bead_crops\from_video_dedup\C0025_frame004325_tag0_bead1.jpg,0,0.1274
data\bead_crops\from_video_dedup\C0025_frame004350_tag2_bead1.jpg,0,0.2664
data\bead_crops\from_video_dedup\C0025_frame004275_tag3_bead3.jpg,9,0.3195
data\bead_crops\from_video_dedup\C0025_frame004300_tag0_bead2.jpg,L,0.1088
data\bead_crops\from_video_dedup\C0025_frame004300_tag3_bead1.jpg,?,0.1876
data\bead_crops\from_video_dedup\C0025_frame004300_tag3_bead2.jpg,C,0.1157
data\bead_crops\from_video_dedup\C0025_frame004300_tag3_bead3.jpg,9,0.3331
data\bead_crops\from_video_dedup\C0025_frame004325_tag0_bead2.jpg,L,0.2033
data\bead_crops\from_video_dedup\C0025_frame004375_tag2_bead0.jpg,®,0.1036
data\bead_crops\from_video_dedup\C0025_frame004375_tag2_bead3.jpg,®,0.2598
data\bead_crops\from_video_dedup\C0025_frame004400_tag0_bead0.jpg,Q,0.6657
data\bead_crops\from_video_dedup\C0025_frame004400_tag0_bead1.jpg,®,0.1997
data\bead_crops\from_video_dedup\C0025_frame004325_tag2_bead2.jpg,0,0.2719
data\bead_crops\from_video_dedup\C0025_frame004325_tag3_bead3.jpg,9,0.3685
data\bead_crops\from_video_dedup\C0025_frame004350_tag0_bead2.jpg,L,0.1291
data\bead_crops\from_video_dedup\C0025_frame004725_tag2_bead2.jpg,O,0.1866
data\bead_crops\from_video_dedup\C0025_frame004350_tag4_bead3.jpg,9,0.2531
data\bead_crops\from_video_dedup\C0025_frame004375_tag1_bead1.jpg,®,0.1267
data\bead_crops\from_video_dedup\C0025_frame004375_tag3_bead3.jpg,9,0.3273
data\bead_crops\from_video_dedup\C0025_frame004375_tag4_bead2.jpg,O,0.3716
data\bead_crops\from_video_dedup\C0025_frame004400_tag1_bead2.jpg,L,0.1361
data\bead_crops\from_video_dedup\C0025_frame004400_tag3_bead0.jpg,?,0.1593
data\bead_crops\from_video_dedup\C0025_frame004400_tag3_bead3.jpg,,0.0
data\bead_crops\from_video_dedup\C0025_frame004425_tag0_bead2.jpg,C,0.1839
data\bead_crops\from_video_dedup\C0025_frame004450_tag1_bead0.jpg,®,0.1132
data\bead_crops\from_video_dedup\C0025_frame004600_tag3_bead2.jpg,O,0.3265
data\bead_crops\from_video_dedup\C0025_frame004475_tag3_bead3.jpg,9,0.2218
data\bead_crops\from_video_dedup\C0025_frame004625_tag1_bead4.jpg,8,0.1563
data\bead_crops\from_video_dedup\C0025_frame004450_tag2_bead2.jpg,0,0.2519
data\bead_crops\from_video_dedup\C0025_frame004500_tag2_bead1.jpg,?,0.1465
data\bead_crops\from_video_dedup\C0025_frame004525_tag0_bead1.jpg,?,0.1448
data\bead_crops\from_video_dedup\C0025_frame004600_tag1_bead2.jpg,C,0.1501
data\bead_crops\from_video_dedup\C0025_frame004750_tag1_bead3.jpg,6,0.187
data\bead_crops\from_video_dedup\C0025_frame004475_tag3_bead2.jpg,0,0.1167
data\bead_crops\from_video_dedup\C0025_frame004600_tag2_bead0.jpg,?,0.1715
data\bead_crops\from_video_dedup\C0025_frame004700_tag0_bead2.jpg,C,0.1316
data\bead_crops\from_video_dedup\C0025_frame004725_tag1_bead4.jpg,O,0.5274
data\bead_crops\from_video_dedup\C0025_frame004525_tag2_bead1.jpg,?,0.2327
data\bead_crops\from_video_dedup\C0025_frame004625_tag1_bead3.jpg,9,0.1455
data\bead_crops\from_video_dedup\C0025_frame004600_tag3_bead0.jpg,Q,0.7754
data\bead_crops\from_video_dedup\C0025_frame004600_tag3_bead4.jpg,4,0.0584
data\bead_crops\from_video_dedup\C0025_frame004550_tag0_bead1.jpg,?,0.1224
data\bead_crops\from_video_dedup\C0025_frame004550_tag1_bead1.jpg,0,0.0956
data\bead_crops\from_video_dedup\C0025_frame004775_tag0_bead4.jpg,Q,0.1517
data\bead_crops\from_video_dedup\C0025_frame004550_tag2_bead0.jpg,?,0.3593
data\bead_crops\from_video_dedup\C0025_frame004550_tag2_bead1.jpg,®,0.12
data\bead_crops\from_video_dedup\C0025_frame004600_tag0_bead1.jpg,0,0.3754
data\bead_crops\from_video_dedup\C0025_frame004550_tag2_bead3.jpg,?,0.3468
data\bead_crops\from_video_dedup\C0025_frame004550_tag4_bead1.jpg,®,0.1119
data\bead_crops\from_video_dedup\C0025_frame004600_tag2_bead1.jpg,O,0.1805
data\bead_crops\from_video_dedup\C0025_frame004725_tag2_bead4.jpg,8,0.1719
data\bead_crops\from_video_dedup\C0025_frame004575_tag2_bead1.jpg,®,0.1122
data\bead_crops\from_video_dedup\C0025_frame004600_tag1_bead0.jpg,0,0.1494
data\bead_crops\from_video_dedup\C0025_frame004600_tag2_bead3.jpg,9,0.2597
data\bead_crops\from_video_dedup\C0025_frame004600_tag3_bead1.jpg,®,0.0727
data\bead_crops\from_video_dedup\C0025_frame004625_tag3_bead2.jpg,0,0.4203
data\bead_crops\from_video_dedup\C0025_frame004750_tag3_bead1.jpg,O,0.2218
data\bead_crops\from_video_dedup\C0025_frame004800_tag4_bead3.jpg,0,0.3116
data\bead_crops\from_video_dedup\C0025_frame004650_tag3_bead1.jpg,®,0.1082
data\bead_crops\from_video_dedup\C0025_frame004650_tag3_bead3.jpg,9,0.1307
data\bead_crops\from_video_dedup\C0025_frame004675_tag0_bead2.jpg,C,0.2624
data\bead_crops\from_video_dedup\C0025_frame004725_tag2_bead0.jpg,0,0.1534
data\bead_crops\from_video_dedup\C0025_frame004675_tag3_bead1.jpg,?,0.1197
data\bead_crops\from_video_dedup\C0025_frame004875_tag2_bead1.jpg,?,0.1611
data\bead_crops\from_video_dedup\C0025_frame004700_tag2_bead1.jpg,®,0.0808
data\bead_crops\from_video_dedup\C0025_frame004875_tag2_bead0.jpg,0,0.2211
data\bead_crops\from_video_dedup\C0025_frame004725_tag2_bead1.jpg,®,0.1456
data\bead_crops\from_video_dedup\C0025_frame004700_tag3_bead3.jpg,0,0.1211
data\bead_crops\from_video_dedup\C0025_frame004725_tag0_bead1.jpg,®,0.0875
data\bead_crops\from_video_dedup\C0025_frame004900_tag2_bead2.jpg,0,0.251
data\bead_crops\from_video_dedup\C0025_frame004725_tag2_bead3.jpg,9,0.1405
data\bead_crops\from_video_dedup\C0025_frame004725_tag3_bead0.jpg,0,0.1296
data\bead_crops\from_video_dedup\C0025_frame004775_tag0_bead3.jpg,C,0.2778
data\bead_crops\from_video_dedup\C0025_frame004725_tag4_bead0.jpg,?,0.1457
data\bead_crops\from_video_dedup\C0025_frame004725_tag4_bead2.jpg,0,0.3346
data\bead_crops\from_video_dedup\C0025_frame004725_tag4_bead3.jpg,0,0.3761
data\bead_crops\from_video_dedup\C0025_frame004825_tag4_bead3.jpg,0,0.2786
data\bead_crops\from_video_dedup\C0025_frame004750_tag0_bead1.jpg,®,0.0474
data\bead_crops\from_video_dedup\C0025_frame004750_tag1_bead2.jpg,C,0.3081
data\bead_crops\from_video_dedup\C0025_frame004750_tag3_bead0.jpg,0,0.189
data\bead_crops\from_video_dedup\C0025_frame004775_tag0_bead1.jpg,0,0.1361
data\bead_crops\from_video_dedup\C0025_frame004775_tag1_bead0.jpg,O,0.2505
data\bead_crops\from_video_dedup\C0025_frame004775_tag1_bead2.jpg,0,0.1455
data\bead_crops\from_video_dedup\C0025_frame004775_tag1_bead3.jpg,9,0.125
data\bead_crops\from_video_dedup\C0025_frame004775_tag3_bead0.jpg,Q,0.4819
data\bead_crops\from_video_dedup\C0025_frame004800_tag4_bead1.jpg,O,0.0629
data\bead_crops\from_video_dedup\C0025_frame004775_tag4_bead1.jpg,G,0.3143
data\bead_crops\from_video_dedup\C0025_frame004800_tag0_bead0.jpg,0,0.2374
data\bead_crops\from_video_dedup\C0025_frame004800_tag0_bead1.jpg,0,0.1235
data\bead_crops\from_video_dedup\C0025_frame004800_tag0_bead2.jpg,1,0.0654
data\bead_crops\from_video_dedup\C0025_frame004800_tag4_bead4.jpg,4,0.0486
data\bead_crops\from_video_dedup\C0025_frame004850_tag0_bead1.jpg,®,0.053
data\bead_crops\from_video_dedup\C0025_frame004825_tag0_bead4.jpg,,0.0
data\bead_crops\from_video_dedup\C0025_frame004825_tag1_bead2.jpg,0,0.097
data\bead_crops\from_video_dedup\C0025_frame004875_tag2_bead3.jpg,0,0.1421
data\bead_crops\from_video_dedup\C0025_frame004850_tag3_bead2.jpg,C,0.3858
data\bead_crops\from_video_dedup\C0025_frame004875_tag0_bead2.jpg,C,0.2045
data\bead_crops\from_video_dedup\C0025_frame004875_tag1_bead0.jpg,Q,0.6436
data\bead_crops\from_video_dedup\C0025_frame004875_tag3_bead0.jpg,0,0.4802
data\bead_crops\from_video_dedup\C0025_frame004900_tag0_bead1.jpg,0,0.0937
data\bead_crops\from_video_dedup\C0025_frame004900_tag0_bead2.jpg,C,0.184
data\bead_crops\from_video_dedup\C0025_frame004900_tag2_bead0.jpg,,0.0
data\bead_crops\from_video_dedup\C0025_frame004900_tag4_bead0.jpg,0,0.1689
data\bead_crops\from_video_dedup\C0025_frame004900_tag4_bead1.jpg,0,0.1007
